pool_id,battle_rule_preset,trainer_id,trainer_name_zh,team_index,slot,species_id,species,species_tier,stage_tier,generation_profile,source
gym:tier1:小刚,none,gym:关都地区:小刚:1,小刚,1,1,omastar,Omastar,5,4,tier1,representative-near-tier
gym:tier1:小刚,none,gym:关都地区:小刚:1,小刚,1,2,kabutops,Kabutops,5,4,tier2,representative-near-tier
gym:tier1:小刚,none,gym:关都地区:小刚:1,小刚,1,3,golem,Golem,5,5,tier2,representative-exact-tier
gym:tier1:小刚,none,gym:关都地区:小刚:1,小刚,2,1,omastar,Omastar,5,4,tier1,representative-near-tier
gym:tier1:小刚,none,gym:关都地区:小刚:1,小刚,2,2,kabutops,Kabutops,5,4,tier2,representative-near-tier
gym:tier1:小刚,none,gym:关都地区:小刚:1,小刚,2,3,golem,Golem,5,5,tier2,representative-exact-tier
gym:tier1:小刚,none,gym:关都地区:小刚:1,小刚,3,1,omastar,Omastar,5,4,tier1,representative-near-tier
gym:tier1:小刚,none,gym:关都地区:小刚:1,小刚,3,2,kabutops,Kabutops,5,4,tier2,representative-near-tier
gym:tier1:小刚,none,gym:关都地区:小刚:1,小刚,3,3,golem,Golem,5,5,tier2,representative-exact-tier
gym:tier1:小刚,none,gym:关都地区:小刚:1,小刚,4,1,omastar,Omastar,5,4,tier1,representative-near-tier
gym:tier1:小刚,none,gym:关都地区:小刚:1,小刚,4,2,kabutops,Kabutops,5,4,tier2,representative-near-tier
gym:tier1:小刚,none,gym:关都地区:小刚:1,小刚,4,3,golem,Golem,5,5,tier2,representative-exact-tier
gym:tier1:小刚,gen7,gym:关都地区:小刚:1,小刚,1,1,omastar,Omastar,5,4,tier1,representative-near-tier
gym:tier1:小刚,gen7,gym:关都地区:小刚:1,小刚,1,2,kabutops,Kabutops,5,4,tier2,representative-near-tier
gym:tier1:小刚,gen7,gym:关都地区:小刚:1,小刚,1,3,altaria,Altaria,5,5,tier2,mega-system-fill-theme
gym:tier1:小刚,gen7,gym:关都地区:小刚:1,小刚,2,1,omastar,Omastar,5,4,tier1,representative-near-tier
gym:tier1:小刚,gen7,gym:关都地区:小刚:1,小刚,2,2,kabutops,Kabutops,5,4,tier2,representative-near-tier
gym:tier1:小刚,gen7,gym:关都地区:小刚:1,小刚,2,3,altaria,Altaria,5,5,tier2,mega-system-fill-theme
gym:tier1:小刚,gen7,gym:关都地区:小刚:1,小刚,3,1,omastar,Omastar,5,4,tier1,representative-near-tier
gym:tier1:小刚,gen7,gym:关都地区:小刚:1,小刚,3,2,kabutops,Kabutops,5,4,tier2,representative-near-tier
gym:tier1:小刚,gen7,gym:关都地区:小刚:1,小刚,3,3,altaria,Altaria,5,5,tier2,mega-system-fill-theme
gym:tier1:小刚,gen7,gym:关都地区:小刚:1,小刚,4,1,omastar,Omastar,5,4,tier1,representative-near-tier
gym:tier1:小刚,gen7,gym:关都地区:小刚:1,小刚,4,2,kabutops,Kabutops,5,4,tier2,representative-near-tier
gym:tier1:小刚,gen7,gym:关都地区:小刚:1,小刚,4,3,altaria,Altaria,5,5,tier2,mega-system-fill-theme
gym:tier1:小刚,gen8,gym:关都地区:小刚:1,小刚,1,1,omastar,Omastar,5,4,tier1,representative-near-tier
gym:tier1:小刚,gen8,gym:关都地区:小刚:1,小刚,1,2,kabutops,Kabutops,5,4,tier2,representative-near-tier
gym:tier1:小刚,gen8,gym:关都地区:小刚:1,小刚,1,3,coalossal,Coalossal,5,5,tier2,gmax-system-fill-theme
gym:tier1:小刚,gen8,gym:关都地区:小刚:1,小刚,2,1,omastar,Omastar,5,4,tier1,representative-near-tier
gym:tier1:小刚,gen8,gym:关都地区:小刚:1,小刚,2,2,kabutops,Kabutops,5,4,tier2,representative-near-tier
gym:tier1:小刚,gen8,gym:关都地区:小刚:1,小刚,2,3,coalossal,Coalossal,5,5,tier2,gmax-system-fill-theme
gym:tier1:小刚,gen8,gym:关都地区:小刚:1,小刚,3,1,omastar,Omastar,5,4,tier1,representative-near-tier
gym:tier1:小刚,gen8,gym:关都地区:小刚:1,小刚,3,2,kabutops,Kabutops,5,4,tier2,representative-near-tier
gym:tier1:小刚,gen8,gym:关都地区:小刚:1,小刚,3,3,coalossal,Coalossal,5,5,tier2,gmax-system-fill-theme
gym:tier1:小刚,gen8,gym:关都地区:小刚:1,小刚,4,1,omastar,Omastar,5,4,tier1,representative-near-tier
gym:tier1:小刚,gen8,gym:关都地区:小刚:1,小刚,4,2,kabutops,Kabutops,5,4,tier2,representative-near-tier
gym:tier1:小刚,gen8,gym:关都地区:小刚:1,小刚,4,3,coalossal,Coalossal,5,5,tier2,gmax-system-fill-theme
gym:tier1:小刚,gen9,gym:关都地区:小刚:1,小刚,1,1,omastar,Omastar,5,4,tier1,representative-near-tier
gym:tier1:小刚,gen9,gym:关都地区:小刚:1,小刚,1,2,kabutops,Kabutops,5,4,tier2,representative-near-tier
gym:tier1:小刚,gen9,gym:关都地区:小刚:1,小刚,1,3,golem,Golem,5,5,tier2,representative-exact-tier
gym:tier1:小刚,gen9,gym:关都地区:小刚:1,小刚,2,1,omastar,Omastar,5,4,tier1,representative-near-tier
gym:tier1:小刚,gen9,gym:关都地区:小刚:1,小刚,2,2,kabutops,Kabutops,5,4,tier2,representative-near-tier
gym:tier1:小刚,gen9,gym:关都地区:小刚:1,小刚,2,3,golem,Golem,5,5,tier2,representative-exact-tier
gym:tier1:小刚,gen9,gym:关都地区:小刚:1,小刚,3,1,omastar,Omastar,5,4,tier1,representative-near-tier
gym:tier1:小刚,gen9,gym:关都地区:小刚:1,小刚,3,2,kabutops,Kabutops,5,4,tier2,representative-near-tier
gym:tier1:小刚,gen9,gym:关都地区:小刚:1,小刚,3,3,golem,Golem,5,5,tier2,representative-exact-tier
gym:tier1:小刚,gen9,gym:关都地区:小刚:1,小刚,4,1,omastar,Omastar,5,4,tier1,representative-near-tier
gym:tier1:小刚,gen9,gym:关都地区:小刚:1,小刚,4,2,kabutops,Kabutops,5,4,tier2,representative-near-tier
gym:tier1:小刚,gen9,gym:关都地区:小刚:1,小刚,4,3,golem,Golem,5,5,tier2,representative-exact-tier
gym:tier1:小霞,none,gym:关都地区:小霞:2,小霞,1,1,quagsire,Quagsire,4,4,tier1,representative-exact-tier
gym:tier1:小霞,none,gym:关都地区:小霞:2,小霞,1,2,dewgong,Dewgong,4,4,tier2,representative-exact-tier
gym:tier1:小霞,none,gym:关都地区:小霞:2,小霞,1,3,golduck,Golduck,5,5,tier2,representative-exact-tier
gym:tier1:小霞,none,gym:关都地区:小霞:2,小霞,2,1,quagsire,Quagsire,4,4,tier1,representative-exact-tier
gym:tier1:小霞,none,gym:关都地区:小霞:2,小霞,2,2,dewgong,Dewgong,4,4,tier2,representative-exact-tier
gym:tier1:小霞,none,gym:关都地区:小霞:2,小霞,2,3,golduck,Golduck,5,5,tier2,representative-exact-tier
gym:tier1:小霞,none,gym:关都地区:小霞:2,小霞,3,1,quagsire,Quagsire,4,4,tier1,representative-exact-tier
gym:tier1:小霞,none,gym:关都地区:小霞:2,小霞,3,2,dewgong,Dewgong,4,4,tier2,representative-exact-tier
gym:tier1:小霞,none,gym:关都地区:小霞:2,小霞,3,3,golduck,Golduck,5,5,tier2,representative-exact-tier
gym:tier1:小霞,none,gym:关都地区:小霞:2,小霞,4,1,quagsire,Quagsire,4,4,tier1,representative-exact-tier
gym:tier1:小霞,none,gym:关都地区:小霞:2,小霞,4,2,dewgong,Dewgong,4,4,tier2,representative-exact-tier
gym:tier1:小霞,none,gym:关都地区:小霞:2,小霞,4,3,golduck,Golduck,5,5,tier2,representative-exact-tier
gym:tier1:小霞,gen7,gym:关都地区:小霞:2,小霞,1,1,quagsire,Quagsire,4,4,tier1,representative-exact-tier
gym:tier1:小霞,gen7,gym:关都地区:小霞:2,小霞,1,2,dewgong,Dewgong,4,4,tier2,representative-exact-tier
gym:tier1:小霞,gen7,gym:关都地区:小霞:2,小霞,1,3,abomasnow,Abomasnow,5,5,tier2,mega-system-fill-theme
gym:tier1:小霞,gen7,gym:关都地区:小霞:2,小霞,2,1,quagsire,Quagsire,4,4,tier1,representative-exact-tier
gym:tier1:小霞,gen7,gym:关都地区:小霞:2,小霞,2,2,dewgong,Dewgong,4,4,tier2,representative-exact-tier
gym:tier1:小霞,gen7,gym:关都地区:小霞:2,小霞,2,3,abomasnow,Abomasnow,5,5,tier2,mega-system-fill-theme
gym:tier1:小霞,gen7,gym:关都地区:小霞:2,小霞,3,1,quagsire,Quagsire,4,4,tier1,representative-exact-tier
gym:tier1:小霞,gen7,gym:关都地区:小霞:2,小霞,3,2,dewgong,Dewgong,4,4,tier2,representative-exact-tier
gym:tier1:小霞,gen7,gym:关都地区:小霞:2,小霞,3,3,abomasnow,Abomasnow,5,5,tier2,mega-system-fill-theme
gym:tier1:小霞,gen7,gym:关都地区:小霞:2,小霞,4,1,quagsire,Quagsire,4,4,tier1,representative-exact-tier
gym:tier1:小霞,gen7,gym:关都地区:小霞:2,小霞,4,2,dewgong,Dewgong,4,4,tier2,representative-exact-tier
gym:tier1:小霞,gen7,gym:关都地区:小霞:2,小霞,4,3,abomasnow,Abomasnow,5,5,tier2,mega-system-fill-theme
gym:tier1:小霞,gen8,gym:关都地区:小霞:2,小霞,1,1,quagsire,Quagsire,4,4,tier1,representative-exact-tier
gym:tier1:小霞,gen8,gym:关都地区:小霞:2,小霞,1,2,dewgong,Dewgong,4,4,tier2,representative-exact-tier
gym:tier1:小霞,gen8,gym:关都地区:小霞:2,小霞,1,3,hatterene,Hatterene,5,5,tier2,gmax-system-fill-theme
gym:tier1:小霞,gen8,gym:关都地区:小霞:2,小霞,2,1,quagsire,Quagsire,4,4,tier1,representative-exact-tier
gym:tier1:小霞,gen8,gym:关都地区:小霞:2,小霞,2,2,dewgong,Dewgong,4,4,tier2,representative-exact-tier
gym:tier1:小霞,gen8,gym:关都地区:小霞:2,小霞,2,3,hatterene,Hatterene,5,5,tier2,gmax-system-fill-theme
gym:tier1:小霞,gen8,gym:关都地区:小霞:2,小霞,3,1,quagsire,Quagsire,4,4,tier1,representative-exact-tier
gym:tier1:小霞,gen8,gym:关都地区:小霞:2,小霞,3,2,dewgong,Dewgong,4,4,tier2,representative-exact-tier
gym:tier1:小霞,gen8,gym:关都地区:小霞:2,小霞,3,3,hatterene,Hatterene,5,5,tier2,gmax-system-fill-theme
gym:tier1:小霞,gen8,gym:关都地区:小霞:2,小霞,4,1,quagsire,Quagsire,4,4,tier1,representative-exact-tier
gym:tier1:小霞,gen8,gym:关都地区:小霞:2,小霞,4,2,dewgong,Dewgong,4,4,tier2,representative-exact-tier
gym:tier1:小霞,gen8,gym:关都地区:小霞:2,小霞,4,3,hatterene,Hatterene,5,5,tier2,gmax-system-fill-theme
gym:tier1:小霞,gen9,gym:关都地区:小霞:2,小霞,1,1,quagsire,Quagsire,4,4,tier1,representative-exact-tier
gym:tier1:小霞,gen9,gym:关都地区:小霞:2,小霞,1,2,dewgong,Dewgong,4,4,tier2,representative-exact-tier
gym:tier1:小霞,gen9,gym:关都地区:小霞:2,小霞,1,3,golduck,Golduck,5,5,tier2,representative-exact-tier
gym:tier1:小霞,gen9,gym:关都地区:小霞:2,小霞,2,1,quagsire,Quagsire,4,4,tier1,representative-exact-tier
gym:tier1:小霞,gen9,gym:关都地区:小霞:2,小霞,2,2,dewgong,Dewgong,4,4,tier2,representative-exact-tier
gym:tier1:小霞,gen9,gym:关都地区:小霞:2,小霞,2,3,golduck,Golduck,5,5,tier2,representative-exact-tier
gym:tier1:小霞,gen9,gym:关都地区:小霞:2,小霞,3,1,quagsire,Quagsire,4,4,tier1,representative-exact-tier
gym:tier1:小霞,gen9,gym:关都地区:小霞:2,小霞,3,2,dewgong,Dewgong,4,4,tier2,representative-exact-tier
gym:tier1:小霞,gen9,gym:关都地区:小霞:2,小霞,3,3,golduck,Golduck,5,5,tier2,representative-exact-tier
gym:tier1:小霞,gen9,gym:关都地区:小霞:2,小霞,4,1,quagsire,Quagsire,4,4,tier1,representative-exact-tier
gym:tier1:小霞,gen9,gym:关都地区:小霞:2,小霞,4,2,dewgong,Dewgong,4,4,tier2,representative-exact-tier
gym:tier1:小霞,gen9,gym:关都地区:小霞:2,小霞,4,3,golduck,Golduck,5,5,tier2,representative-exact-tier
gym:tier1:马志士,none,gym:关都地区:马志士:3,马志士,1,1,raichu,Raichu,5,4,tier1,representative-near-tier
gym:tier1:马志士,none,gym:关都地区:马志士:3,马志士,1,2,electrode,Electrode,5,4,tier2,representative-near-tier
gym:tier1:马志士,none,gym:关都地区:马志士:3,马志士,1,3,manectric,Manectric,5,5,tier2,representative-exact-tier
gym:tier1:马志士,none,gym:关都地区:马志士:3,马志士,2,1,raichu,Raichu,5,4,tier1,representative-near-tier
gym:tier1:马志士,none,gym:关都地区:马志士:3,马志士,2,2,electrode,Electrode,5,4,tier2,representative-near-tier
gym:tier1:马志士,none,gym:关都地区:马志士:3,马志士,2,3,manectric,Manectric,5,5,tier2,representative-exact-tier
gym:tier1:马志士,none,gym:关都地区:马志士:3,马志士,3,1,raichu,Raichu,5,4,tier1,representative-near-tier
gym:tier1:马志士,none,gym:关都地区:马志士:3,马志士,3,2,electrode,Electrode,5,4,tier2,representative-near-tier
gym:tier1:马志士,none,gym:关都地区:马志士:3,马志士,3,3,manectric,Manectric,5,5,tier2,representative-exact-tier
gym:tier1:马志士,none,gym:关都地区:马志士:3,马志士,4,1,raichu,Raichu,5,4,tier1,representative-near-tier
gym:tier1:马志士,none,gym:关都地区:马志士:3,马志士,4,2,electrode,Electrode,5,4,tier2,representative-near-tier
gym:tier1:马志士,none,gym:关都地区:马志士:3,马志士,4,3,manectric,Manectric,5,5,tier2,representative-exact-tier
gym:tier1:马志士,gen7,gym:关都地区:马志士:3,马志士,1,1,raichu,Raichu,5,4,tier1,representative-near-tier
gym:tier1:马志士,gen7,gym:关都地区:马志士:3,马志士,1,2,electrode,Electrode,5,4,tier2,representative-near-tier
gym:tier1:马志士,gen7,gym:关都地区:马志士:3,马志士,1,3,manectric,Manectric,5,5,tier2,representative-exact-tier
gym:tier1:马志士,gen7,gym:关都地区:马志士:3,马志士,2,1,raichu,Raichu,5,4,tier1,representative-near-tier
gym:tier1:马志士,gen7,gym:关都地区:马志士:3,马志士,2,2,electrode,Electrode,5,4,tier2,representative-near-tier
gym:tier1:马志士,gen7,gym:关都地区:马志士:3,马志士,2,3,manectric,Manectric,5,5,tier2,representative-exact-tier
gym:tier1:马志士,gen7,gym:关都地区:马志士:3,马志士,3,1,raichu,Raichu,5,4,tier1,representative-near-tier
gym:tier1:马志士,gen7,gym:关都地区:马志士:3,马志士,3,2,electrode,Electrode,5,4,tier2,representative-near-tier
gym:tier1:马志士,gen7,gym:关都地区:马志士:3,马志士,3,3,manectric,Manectric,5,5,tier2,representative-exact-tier
gym:tier1:马志士,gen7,gym:关都地区:马志士:3,马志士,4,1,raichu,Raichu,5,4,tier1,representative-near-tier
gym:tier1:马志士,gen7,gym:关都地区:马志士:3,马志士,4,2,electrode,Electrode,5,4,tier2,representative-near-tier
gym:tier1:马志士,gen7,gym:关都地区:马志士:3,马志士,4,3,manectric,Manectric,5,5,tier2,representative-exact-tier
gym:tier1:马志士,gen8,gym:关都地区:马志士:3,马志士,1,1,raichu,Raichu,5,4,tier1,representative-near-tier
gym:tier1:马志士,gen8,gym:关都地区:马志士:3,马志士,1,2,electrode,Electrode,5,4,tier2,representative-near-tier
gym:tier1:马志士,gen8,gym:关都地区:马志士:3,马志士,1,3,cinderace,Cinderace,5,5,tier2,gmax-system-fill
gym:tier1:马志士,gen8,gym:关都地区:马志士:3,马志士,2,1,raichu,Raichu,5,4,tier1,representative-near-tier
gym:tier1:马志士,gen8,gym:关都地区:马志士:3,马志士,2,2,electrode,Electrode,5,4,tier2,representative-near-tier
gym:tier1:马志士,gen8,gym:关都地区:马志士:3,马志士,2,3,inteleon,Inteleon,5,5,tier2,gmax-system-fill
gym:tier1:马志士,gen8,gym:关都地区:马志士:3,马志士,3,1,raichu,Raichu,5,4,tier1,representative-near-tier
gym:tier1:马志士,gen8,gym:关都地区:马志士:3,马志士,3,2,electrode,Electrode,5,4,tier2,representative-near-tier
gym:tier1:马志士,gen8,gym:关都地区:马志士:3,马志士,3,3,garbodor,Garbodor,5,5,tier2,gmax-system-fill
gym:tier1:马志士,gen8,gym:关都地区:马志士:3,马志士,4,1,raichu,Raichu,5,4,tier1,representative-near-tier
gym:tier1:马志士,gen8,gym:关都地区:马志士:3,马志士,4,2,electrode,Electrode,5,4,tier2,representative-near-tier
gym:tier1:马志士,gen8,gym:关都地区:马志士:3,马志士,4,3,inteleon,Inteleon,5,5,tier2,gmax-system-fill
gym:tier1:马志士,gen9,gym:关都地区:马志士:3,马志士,1,1,raichu,Raichu,5,4,tier1,representative-near-tier
gym:tier1:马志士,gen9,gym:关都地区:马志士:3,马志士,1,2,electrode,Electrode,5,4,tier2,representative-near-tier
gym:tier1:马志士,gen9,gym:关都地区:马志士:3,马志士,1,3,manectric,Manectric,5,5,tier2,representative-exact-tier
gym:tier1:马志士,gen9,gym:关都地区:马志士:3,马志士,2,1,raichu,Raichu,5,4,tier1,representative-near-tier
gym:tier1:马志士,gen9,gym:关都地区:马志士:3,马志士,2,2,electrode,Electrode,5,4,tier2,representative-near-tier
gym:tier1:马志士,gen9,gym:关都地区:马志士:3,马志士,2,3,manectric,Manectric,5,5,tier2,representative-exact-tier
gym:tier1:马志士,gen9,gym:关都地区:马志士:3,马志士,3,1,raichu,Raichu,5,4,tier1,representative-near-tier
gym:tier1:马志士,gen9,gym:关都地区:马志士:3,马志士,3,2,electrode,Electrode,5,4,tier2,representative-near-tier
gym:tier1:马志士,gen9,gym:关都地区:马志士:3,马志士,3,3,manectric,Manectric,5,5,tier2,representative-exact-tier
gym:tier1:马志士,gen9,gym:关都地区:马志士:3,马志士,4,1,raichu,Raichu,5,4,tier1,representative-near-tier
gym:tier1:马志士,gen9,gym:关都地区:马志士:3,马志士,4,2,electrode,Electrode,5,4,tier2,representative-near-tier
gym:tier1:马志士,gen9,gym:关都地区:马志士:3,马志士,4,3,manectric,Manectric,5,5,tier2,representative-exact-tier
gym:tier1:莉佳,none,gym:关都地区:莉佳:4,莉佳,1,1,jumpluff,Jumpluff,4,4,tier1,representative-exact-tier
gym:tier1:莉佳,none,gym:关都地区:莉佳:4,莉佳,1,2,victreebel,Victreebel,5,4,tier2,representative-near-tier
gym:tier1:莉佳,none,gym:关都地区:莉佳:4,莉佳,1,3,vileplume,Vileplume,5,5,tier2,representative-exact-tier
gym:tier1:莉佳,none,gym:关都地区:莉佳:4,莉佳,2,1,jumpluff,Jumpluff,4,4,tier1,representative-exact-tier
gym:tier1:莉佳,none,gym:关都地区:莉佳:4,莉佳,2,2,victreebel,Victreebel,5,4,tier2,representative-near-tier
gym:tier1:莉佳,none,gym:关都地区:莉佳:4,莉佳,2,3,vileplume,Vileplume,5,5,tier2,representative-exact-tier
gym:tier1:莉佳,none,gym:关都地区:莉佳:4,莉佳,3,1,jumpluff,Jumpluff,4,4,tier1,representative-exact-tier
gym:tier1:莉佳,none,gym:关都地区:莉佳:4,莉佳,3,2,victreebel,Victreebel,5,4,tier2,representative-near-tier
gym:tier1:莉佳,none,gym:关都地区:莉佳:4,莉佳,3,3,vileplume,Vileplume,5,5,tier2,representative-exact-tier
gym:tier1:莉佳,none,gym:关都地区:莉佳:4,莉佳,4,1,jumpluff,Jumpluff,4,4,tier1,representative-exact-tier
gym:tier1:莉佳,none,gym:关都地区:莉佳:4,莉佳,4,2,victreebel,Victreebel,5,4,tier2,representative-near-tier
gym:tier1:莉佳,none,gym:关都地区:莉佳:4,莉佳,4,3,vileplume,Vileplume,5,5,tier2,representative-exact-tier
gym:tier1:莉佳,gen7,gym:关都地区:莉佳:4,莉佳,1,1,jumpluff,Jumpluff,4,4,tier1,representative-exact-tier
gym:tier1:莉佳,gen7,gym:关都地区:莉佳:4,莉佳,1,2,victreebel,Victreebel,5,4,tier2,representative-near-tier
gym:tier1:莉佳,gen7,gym:关都地区:莉佳:4,莉佳,1,3,abomasnow,Abomasnow,5,5,tier2,mega-system-fill-theme
gym:tier1:莉佳,gen7,gym:关都地区:莉佳:4,莉佳,2,1,jumpluff,Jumpluff,4,4,tier1,representative-exact-tier
gym:tier1:莉佳,gen7,gym:关都地区:莉佳:4,莉佳,2,2,victreebel,Victreebel,5,4,tier2,representative-near-tier
gym:tier1:莉佳,gen7,gym:关都地区:莉佳:4,莉佳,2,3,abomasnow,Abomasnow,5,5,tier2,mega-system-fill-theme
gym:tier1:莉佳,gen7,gym:关都地区:莉佳:4,莉佳,3,1,jumpluff,Jumpluff,4,4,tier1,representative-exact-tier
gym:tier1:莉佳,gen7,gym:关都地区:莉佳:4,莉佳,3,2,victreebel,Victreebel,5,4,tier2,representative-near-tier
gym:tier1:莉佳,gen7,gym:关都地区:莉佳:4,莉佳,3,3,abomasnow,Abomasnow,5,5,tier2,mega-system-fill-theme
gym:tier1:莉佳,gen7,gym:关都地区:莉佳:4,莉佳,4,1,jumpluff,Jumpluff,4,4,tier1,representative-exact-tier
gym:tier1:莉佳,gen7,gym:关都地区:莉佳:4,莉佳,4,2,victreebel,Victreebel,5,4,tier2,representative-near-tier
gym:tier1:莉佳,gen7,gym:关都地区:莉佳:4,莉佳,4,3,abomasnow,Abomasnow,5,5,tier2,mega-system-fill-theme
gym:tier1:莉佳,gen8,gym:关都地区:莉佳:4,莉佳,1,1,jumpluff,Jumpluff,4,4,tier1,representative-exact-tier
gym:tier1:莉佳,gen8,gym:关都地区:莉佳:4,莉佳,1,2,victreebel,Victreebel,5,4,tier2,representative-near-tier
gym:tier1:莉佳,gen8,gym:关都地区:莉佳:4,莉佳,1,3,centiskorch,Centiskorch,5,5,tier2,gmax-system-fill-theme
gym:tier1:莉佳,gen8,gym:关都地区:莉佳:4,莉佳,2,1,jumpluff,Jumpluff,4,4,tier1,representative-exact-tier
gym:tier1:莉佳,gen8,gym:关都地区:莉佳:4,莉佳,2,2,victreebel,Victreebel,5,4,tier2,representative-near-tier
gym:tier1:莉佳,gen8,gym:关都地区:莉佳:4,莉佳,2,3,centiskorch,Centiskorch,5,5,tier2,gmax-system-fill-theme
gym:tier1:莉佳,gen8,gym:关都地区:莉佳:4,莉佳,3,1,jumpluff,Jumpluff,4,4,tier1,representative-exact-tier
gym:tier1:莉佳,gen8,gym:关都地区:莉佳:4,莉佳,3,2,victreebel,Victreebel,5,4,tier2,representative-near-tier
gym:tier1:莉佳,gen8,gym:关都地区:莉佳:4,莉佳,3,3,centiskorch,Centiskorch,5,5,tier2,gmax-system-fill-theme
gym:tier1:莉佳,gen8,gym:关都地区:莉佳:4,莉佳,4,1,jumpluff,Jumpluff,4,4,tier1,representative-exact-tier
gym:tier1:莉佳,gen8,gym:关都地区:莉佳:4,莉佳,4,2,victreebel,Victreebel,5,4,tier2,representative-near-tier
gym:tier1:莉佳,gen8,gym:关都地区:莉佳:4,莉佳,4,3,centiskorch,Centiskorch,5,5,tier2,gmax-system-fill-theme
gym:tier1:莉佳,gen9,gym:关都地区:莉佳:4,莉佳,1,1,jumpluff,Jumpluff,4,4,tier1,representative-exact-tier
gym:tier1:莉佳,gen9,gym:关都地区:莉佳:4,莉佳,1,2,victreebel,Victreebel,5,4,tier2,representative-near-tier
gym:tier1:莉佳,gen9,gym:关都地区:莉佳:4,莉佳,1,3,vileplume,Vileplume,5,5,tier2,representative-exact-tier
gym:tier1:莉佳,gen9,gym:关都地区:莉佳:4,莉佳,2,1,jumpluff,Jumpluff,4,4,tier1,representative-exact-tier
gym:tier1:莉佳,gen9,gym:关都地区:莉佳:4,莉佳,2,2,victreebel,Victreebel,5,4,tier2,representative-near-tier
gym:tier1:莉佳,gen9,gym:关都地区:莉佳:4,莉佳,2,3,vileplume,Vileplume,5,5,tier2,representative-exact-tier
gym:tier1:莉佳,gen9,gym:关都地区:莉佳:4,莉佳,3,1,jumpluff,Jumpluff,4,4,tier1,representative-exact-tier
gym:tier1:莉佳,gen9,gym:关都地区:莉佳:4,莉佳,3,2,victreebel,Victreebel,5,4,tier2,representative-near-tier
gym:tier1:莉佳,gen9,gym:关都地区:莉佳:4,莉佳,3,3,vileplume,Vileplume,5,5,tier2,representative-exact-tier
gym:tier1:莉佳,gen9,gym:关都地区:莉佳:4,莉佳,4,1,jumpluff,Jumpluff,4,4,tier1,representative-exact-tier
gym:tier1:莉佳,gen9,gym:关都地区:莉佳:4,莉佳,4,2,victreebel,Victreebel,5,4,tier2,representative-near-tier
gym:tier1:莉佳,gen9,gym:关都地区:莉佳:4,莉佳,4,3,vileplume,Vileplume,5,5,tier2,representative-exact-tier
gym:tier2:阿桔,none,gym:关都地区:阿桔:5,阿桔,1,1,venomoth,Venomoth,4,4,tier2,representative-exact-tier
gym:tier2:阿桔,none,gym:关都地区:阿桔:5,阿桔,1,2,muk,Muk,5,5,tier3,representative-exact-tier
gym:tier2:阿桔,none,gym:关都地区:阿桔:5,阿桔,1,3,weezing,Weezing,5,5,tier3,representative-exact-tier
gym:tier2:阿桔,none,gym:关都地区:阿桔:5,阿桔,2,1,venomoth,Venomoth,4,4,tier2,representative-exact-tier
gym:tier2:阿桔,none,gym:关都地区:阿桔:5,阿桔,2,2,muk,Muk,5,5,tier3,representative-exact-tier
gym:tier2:阿桔,none,gym:关都地区:阿桔:5,阿桔,2,3,weezing,Weezing,5,5,tier3,representative-exact-tier
gym:tier2:阿桔,none,gym:关都地区:阿桔:5,阿桔,3,1,venomoth,Venomoth,4,4,tier2,representative-exact-tier
gym:tier2:阿桔,none,gym:关都地区:阿桔:5,阿桔,3,2,muk,Muk,5,5,tier3,representative-exact-tier
gym:tier2:阿桔,none,gym:关都地区:阿桔:5,阿桔,3,3,weezing,Weezing,5,5,tier3,representative-exact-tier
gym:tier2:阿桔,none,gym:关都地区:阿桔:5,阿桔,4,1,venomoth,Venomoth,4,4,tier2,representative-exact-tier
gym:tier2:阿桔,none,gym:关都地区:阿桔:5,阿桔,4,2,muk,Muk,5,5,tier3,representative-exact-tier
gym:tier2:阿桔,none,gym:关都地区:阿桔:5,阿桔,4,3,weezing,Weezing,5,5,tier3,representative-exact-tier
gym:tier2:阿桔,gen7,gym:关都地区:阿桔:5,阿桔,1,1,venomoth,Venomoth,4,4,tier2,representative-exact-tier
gym:tier2:阿桔,gen7,gym:关都地区:阿桔:5,阿桔,1,2,muk,Muk,5,5,tier3,representative-exact-tier
gym:tier2:阿桔,gen7,gym:关都地区:阿桔:5,阿桔,1,3,altaria,Altaria,5,5,tier3,mega-system-fill-theme
gym:tier2:阿桔,gen7,gym:关都地区:阿桔:5,阿桔,2,1,venomoth,Venomoth,4,4,tier2,representative-exact-tier
gym:tier2:阿桔,gen7,gym:关都地区:阿桔:5,阿桔,2,2,muk,Muk,5,5,tier3,representative-exact-tier
gym:tier2:阿桔,gen7,gym:关都地区:阿桔:5,阿桔,2,3,altaria,Altaria,5,5,tier3,mega-system-fill-theme
gym:tier2:阿桔,gen7,gym:关都地区:阿桔:5,阿桔,3,1,venomoth,Venomoth,4,4,tier2,representative-exact-tier
gym:tier2:阿桔,gen7,gym:关都地区:阿桔:5,阿桔,3,2,muk,Muk,5,5,tier3,representative-exact-tier
gym:tier2:阿桔,gen7,gym:关都地区:阿桔:5,阿桔,3,3,altaria,Altaria,5,5,tier3,mega-system-fill-theme
gym:tier2:阿桔,gen7,gym:关都地区:阿桔:5,阿桔,4,1,venomoth,Venomoth,4,4,tier2,representative-exact-tier
gym:tier2:阿桔,gen7,gym:关都地区:阿桔:5,阿桔,4,2,muk,Muk,5,5,tier3,representative-exact-tier
gym:tier2:阿桔,gen7,gym:关都地区:阿桔:5,阿桔,4,3,altaria,Altaria,5,5,tier3,mega-system-fill-theme
gym:tier2:阿桔,gen8,gym:关都地区:阿桔:5,阿桔,1,1,venomoth,Venomoth,4,4,tier2,representative-exact-tier
gym:tier2:阿桔,gen8,gym:关都地区:阿桔:5,阿桔,1,2,muk,Muk,5,5,tier3,representative-exact-tier
gym:tier2:阿桔,gen8,gym:关都地区:阿桔:5,阿桔,1,3,centiskorch,Centiskorch,5,5,tier3,gmax-system-fill-theme
gym:tier2:阿桔,gen8,gym:关都地区:阿桔:5,阿桔,2,1,venomoth,Venomoth,4,4,tier2,representative-exact-tier
gym:tier2:阿桔,gen8,gym:关都地区:阿桔:5,阿桔,2,2,muk,Muk,5,5,tier3,representative-exact-tier
gym:tier2:阿桔,gen8,gym:关都地区:阿桔:5,阿桔,2,3,centiskorch,Centiskorch,5,5,tier3,gmax-system-fill-theme
gym:tier2:阿桔,gen8,gym:关都地区:阿桔:5,阿桔,3,1,venomoth,Venomoth,4,4,tier2,representative-exact-tier
gym:tier2:阿桔,gen8,gym:关都地区:阿桔:5,阿桔,3,2,muk,Muk,5,5,tier3,representative-exact-tier
gym:tier2:阿桔,gen8,gym:关都地区:阿桔:5,阿桔,3,3,centiskorch,Centiskorch,5,5,tier3,gmax-system-fill-theme
gym:tier2:阿桔,gen8,gym:关都地区:阿桔:5,阿桔,4,1,venomoth,Venomoth,4,4,tier2,representative-exact-tier
gym:tier2:阿桔,gen8,gym:关都地区:阿桔:5,阿桔,4,2,muk,Muk,5,5,tier3,representative-exact-tier
gym:tier2:阿桔,gen8,gym:关都地区:阿桔:5,阿桔,4,3,centiskorch,Centiskorch,5,5,tier3,gmax-system-fill-theme
gym:tier2:阿桔,gen9,gym:关都地区:阿桔:5,阿桔,1,1,venomoth,Venomoth,4,4,tier2,representative-exact-tier
gym:tier2:阿桔,gen9,gym:关都地区:阿桔:5,阿桔,1,2,muk,Muk,5,5,tier3,representative-exact-tier
gym:tier2:阿桔,gen9,gym:关都地区:阿桔:5,阿桔,1,3,weezing,Weezing,5,5,tier3,representative-exact-tier
gym:tier2:阿桔,gen9,gym:关都地区:阿桔:5,阿桔,2,1,venomoth,Venomoth,4,4,tier2,representative-exact-tier
gym:tier2:阿桔,gen9,gym:关都地区:阿桔:5,阿桔,2,2,muk,Muk,5,5,tier3,representative-exact-tier
gym:tier2:阿桔,gen9,gym:关都地区:阿桔:5,阿桔,2,3,weezing,Weezing,5,5,tier3,representative-exact-tier
gym:tier2:阿桔,gen9,gym:关都地区:阿桔:5,阿桔,3,1,venomoth,Venomoth,4,4,tier2,representative-exact-tier
gym:tier2:阿桔,gen9,gym:关都地区:阿桔:5,阿桔,3,2,muk,Muk,5,5,tier3,representative-exact-tier
gym:tier2:阿桔,gen9,gym:关都地区:阿桔:5,阿桔,3,3,weezing,Weezing,5,5,tier3,representative-exact-tier
gym:tier2:阿桔,gen9,gym:关都地区:阿桔:5,阿桔,4,1,venomoth,Venomoth,4,4,tier2,representative-exact-tier
gym:tier2:阿桔,gen9,gym:关都地区:阿桔:5,阿桔,4,2,muk,Muk,5,5,tier3,representative-exact-tier
gym:tier2:阿桔,gen9,gym:关都地区:阿桔:5,阿桔,4,3,weezing,Weezing,5,5,tier3,representative-exact-tier
gym:tier2:阿杏,none,gym:关都地区:阿杏:6,阿杏,1,1,venomoth,Venomoth,4,4,tier2,representative-exact-tier
gym:tier2:阿杏,none,gym:关都地区:阿杏:6,阿杏,1,2,weezing,Weezing,5,5,tier3,representative-exact-tier
gym:tier2:阿杏,none,gym:关都地区:阿杏:6,阿杏,1,3,toxicroak,Toxicroak,5,5,tier3,representative-exact-tier
gym:tier2:阿杏,none,gym:关都地区:阿杏:6,阿杏,2,1,venomoth,Venomoth,4,4,tier2,representative-exact-tier
gym:tier2:阿杏,none,gym:关都地区:阿杏:6,阿杏,2,2,weezing,Weezing,5,5,tier3,representative-exact-tier
gym:tier2:阿杏,none,gym:关都地区:阿杏:6,阿杏,2,3,toxicroak,Toxicroak,5,5,tier3,representative-exact-tier
gym:tier2:阿杏,none,gym:关都地区:阿杏:6,阿杏,3,1,venomoth,Venomoth,4,4,tier2,representative-exact-tier
gym:tier2:阿杏,none,gym:关都地区:阿杏:6,阿杏,3,2,weezing,Weezing,5,5,tier3,representative-exact-tier
gym:tier2:阿杏,none,gym:关都地区:阿杏:6,阿杏,3,3,toxicroak,Toxicroak,5,5,tier3,representative-exact-tier
gym:tier2:阿杏,none,gym:关都地区:阿杏:6,阿杏,4,1,venomoth,Venomoth,4,4,tier2,representative-exact-tier
gym:tier2:阿杏,none,gym:关都地区:阿杏:6,阿杏,4,2,weezing,Weezing,5,5,tier3,representative-exact-tier
gym:tier2:阿杏,none,gym:关都地区:阿杏:6,阿杏,4,3,toxicroak,Toxicroak,5,5,tier3,representative-exact-tier
gym:tier2:阿杏,gen7,gym:关都地区:阿杏:6,阿杏,1,1,venomoth,Venomoth,4,4,tier2,representative-exact-tier
gym:tier2:阿杏,gen7,gym:关都地区:阿杏:6,阿杏,1,2,weezing,Weezing,5,5,tier3,representative-exact-tier
gym:tier2:阿杏,gen7,gym:关都地区:阿杏:6,阿杏,1,3,altaria,Altaria,5,5,tier3,mega-system-fill-theme
gym:tier2:阿杏,gen7,gym:关都地区:阿杏:6,阿杏,2,1,venomoth,Venomoth,4,4,tier2,representative-exact-tier
gym:tier2:阿杏,gen7,gym:关都地区:阿杏:6,阿杏,2,2,weezing,Weezing,5,5,tier3,representative-exact-tier
gym:tier2:阿杏,gen7,gym:关都地区:阿杏:6,阿杏,2,3,altaria,Altaria,5,5,tier3,mega-system-fill-theme
gym:tier2:阿杏,gen7,gym:关都地区:阿杏:6,阿杏,3,1,venomoth,Venomoth,4,4,tier2,representative-exact-tier
gym:tier2:阿杏,gen7,gym:关都地区:阿杏:6,阿杏,3,2,weezing,Weezing,5,5,tier3,representative-exact-tier
gym:tier2:阿杏,gen7,gym:关都地区:阿杏:6,阿杏,3,3,altaria,Altaria,5,5,tier3,mega-system-fill-theme
gym:tier2:阿杏,gen7,gym:关都地区:阿杏:6,阿杏,4,1,venomoth,Venomoth,4,4,tier2,representative-exact-tier
gym:tier2:阿杏,gen7,gym:关都地区:阿杏:6,阿杏,4,2,weezing,Weezing,5,5,tier3,representative-exact-tier
gym:tier2:阿杏,gen7,gym:关都地区:阿杏:6,阿杏,4,3,altaria,Altaria,5,5,tier3,mega-system-fill-theme
gym:tier2:阿杏,gen8,gym:关都地区:阿杏:6,阿杏,1,1,venomoth,Venomoth,4,4,tier2,representative-exact-tier
gym:tier2:阿杏,gen8,gym:关都地区:阿杏:6,阿杏,1,2,weezing,Weezing,5,5,tier3,representative-exact-tier
gym:tier2:阿杏,gen8,gym:关都地区:阿杏:6,阿杏,1,3,centiskorch,Centiskorch,5,5,tier3,gmax-system-fill-theme
gym:tier2:阿杏,gen8,gym:关都地区:阿杏:6,阿杏,2,1,venomoth,Venomoth,4,4,tier2,representative-exact-tier
gym:tier2:阿杏,gen8,gym:关都地区:阿杏:6,阿杏,2,2,weezing,Weezing,5,5,tier3,representative-exact-tier
gym:tier2:阿杏,gen8,gym:关都地区:阿杏:6,阿杏,2,3,centiskorch,Centiskorch,5,5,tier3,gmax-system-fill-theme
gym:tier2:阿杏,gen8,gym:关都地区:阿杏:6,阿杏,3,1,venomoth,Venomoth,4,4,tier2,representative-exact-tier
gym:tier2:阿杏,gen8,gym:关都地区:阿杏:6,阿杏,3,2,weezing,Weezing,5,5,tier3,representative-exact-tier
gym:tier2:阿杏,gen8,gym:关都地区:阿杏:6,阿杏,3,3,centiskorch,Centiskorch,5,5,tier3,gmax-system-fill-theme
gym:tier2:阿杏,gen8,gym:关都地区:阿杏:6,阿杏,4,1,venomoth,Venomoth,4,4,tier2,representative-exact-tier
gym:tier2:阿杏,gen8,gym:关都地区:阿杏:6,阿杏,4,2,weezing,Weezing,5,5,tier3,representative-exact-tier
gym:tier2:阿杏,gen8,gym:关都地区:阿杏:6,阿杏,4,3,centiskorch,Centiskorch,5,5,tier3,gmax-system-fill-theme
gym:tier2:阿杏,gen9,gym:关都地区:阿杏:6,阿杏,1,1,venomoth,Venomoth,4,4,tier2,representative-exact-tier
gym:tier2:阿杏,gen9,gym:关都地区:阿杏:6,阿杏,1,2,weezing,Weezing,5,5,tier3,representative-exact-tier
gym:tier2:阿杏,gen9,gym:关都地区:阿杏:6,阿杏,1,3,toxicroak,Toxicroak,5,5,tier3,representative-exact-tier
gym:tier2:阿杏,gen9,gym:关都地区:阿杏:6,阿杏,2,1,venomoth,Venomoth,4,4,tier2,representative-exact-tier
gym:tier2:阿杏,gen9,gym:关都地区:阿杏:6,阿杏,2,2,weezing,Weezing,5,5,tier3,representative-exact-tier
gym:tier2:阿杏,gen9,gym:关都地区:阿杏:6,阿杏,2,3,toxicroak,Toxicroak,5,5,tier3,representative-exact-tier
gym:tier2:阿杏,gen9,gym:关都地区:阿杏:6,阿杏,3,1,venomoth,Venomoth,4,4,tier2,representative-exact-tier
gym:tier2:阿杏,gen9,gym:关都地区:阿杏:6,阿杏,3,2,weezing,Weezing,5,5,tier3,representative-exact-tier
gym:tier2:阿杏,gen9,gym:关都地区:阿杏:6,阿杏,3,3,toxicroak,Toxicroak,5,5,tier3,representative-exact-tier
gym:tier2:阿杏,gen9,gym:关都地区:阿杏:6,阿杏,4,1,venomoth,Venomoth,4,4,tier2,representative-exact-tier
gym:tier2:阿杏,gen9,gym:关都地区:阿杏:6,阿杏,4,2,weezing,Weezing,5,5,tier3,representative-exact-tier
gym:tier2:阿杏,gen9,gym:关都地区:阿杏:6,阿杏,4,3,toxicroak,Toxicroak,5,5,tier3,representative-exact-tier
gym:tier2:娜姿,none,gym:关都地区:娜姿:7,娜姿,1,1,mrmime,Mr. Mime,4,4,tier2,representative-exact-tier
gym:tier2:娜姿,none,gym:关都地区:娜姿:7,娜姿,1,2,slowbro,Slowbro,5,5,tier3,representative-exact-tier
gym:tier2:娜姿,none,gym:关都地区:娜姿:7,娜姿,1,3,alakazam,Alakazam,6,5,tier3,representative-near-tier
gym:tier2:娜姿,none,gym:关都地区:娜姿:7,娜姿,2,1,mrmime,Mr. Mime,4,4,tier2,representative-exact-tier
gym:tier2:娜姿,none,gym:关都地区:娜姿:7,娜姿,2,2,slowbro,Slowbro,5,5,tier3,representative-exact-tier
gym:tier2:娜姿,none,gym:关都地区:娜姿:7,娜姿,2,3,alakazam,Alakazam,6,5,tier3,representative-near-tier
gym:tier2:娜姿,none,gym:关都地区:娜姿:7,娜姿,3,1,mrmime,Mr. Mime,4,4,tier2,representative-exact-tier
gym:tier2:娜姿,none,gym:关都地区:娜姿:7,娜姿,3,2,slowbro,Slowbro,5,5,tier3,representative-exact-tier
gym:tier2:娜姿,none,gym:关都地区:娜姿:7,娜姿,3,3,alakazam,Alakazam,6,5,tier3,representative-near-tier
gym:tier2:娜姿,none,gym:关都地区:娜姿:7,娜姿,4,1,mrmime,Mr. Mime,4,4,tier2,representative-exact-tier
gym:tier2:娜姿,none,gym:关都地区:娜姿:7,娜姿,4,2,slowbro,Slowbro,5,5,tier3,representative-exact-tier
gym:tier2:娜姿,none,gym:关都地区:娜姿:7,娜姿,4,3,alakazam,Alakazam,6,5,tier3,representative-near-tier
gym:tier2:娜姿,gen7,gym:关都地区:娜姿:7,娜姿,1,1,mrmime,Mr. Mime,4,4,tier2,representative-exact-tier
gym:tier2:娜姿,gen7,gym:关都地区:娜姿:7,娜姿,1,2,slowbro,Slowbro,5,5,tier3,representative-exact-tier
gym:tier2:娜姿,gen7,gym:关都地区:娜姿:7,娜姿,1,3,alakazam,Alakazam,6,5,tier3,representative-near-tier
gym:tier2:娜姿,gen7,gym:关都地区:娜姿:7,娜姿,2,1,mrmime,Mr. Mime,4,4,tier2,representative-exact-tier
gym:tier2:娜姿,gen7,gym:关都地区:娜姿:7,娜姿,2,2,slowbro,Slowbro,5,5,tier3,representative-exact-tier
gym:tier2:娜姿,gen7,gym:关都地区:娜姿:7,娜姿,2,3,alakazam,Alakazam,6,5,tier3,representative-near-tier
gym:tier2:娜姿,gen7,gym:关都地区:娜姿:7,娜姿,3,1,mrmime,Mr. Mime,4,4,tier2,representative-exact-tier
gym:tier2:娜姿,gen7,gym:关都地区:娜姿:7,娜姿,3,2,slowbro,Slowbro,5,5,tier3,representative-exact-tier
gym:tier2:娜姿,gen7,gym:关都地区:娜姿:7,娜姿,3,3,alakazam,Alakazam,6,5,tier3,representative-near-tier
gym:tier2:娜姿,gen7,gym:关都地区:娜姿:7,娜姿,4,1,mrmime,Mr. Mime,4,4,tier2,representative-exact-tier
gym:tier2:娜姿,gen7,gym:关都地区:娜姿:7,娜姿,4,2,slowbro,Slowbro,5,5,tier3,representative-exact-tier
gym:tier2:娜姿,gen7,gym:关都地区:娜姿:7,娜姿,4,3,alakazam,Alakazam,6,5,tier3,representative-near-tier
gym:tier2:娜姿,gen8,gym:关都地区:娜姿:7,娜姿,1,1,mrmime,Mr. Mime,4,4,tier2,representative-exact-tier
gym:tier2:娜姿,gen8,gym:关都地区:娜姿:7,娜姿,1,2,slowbro,Slowbro,5,5,tier3,representative-exact-tier
gym:tier2:娜姿,gen8,gym:关都地区:娜姿:7,娜姿,1,3,blastoise,Blastoise,6,5,tier3,gmax-system-fill-theme
gym:tier2:娜姿,gen8,gym:关都地区:娜姿:7,娜姿,2,1,mrmime,Mr. Mime,4,4,tier2,representative-exact-tier
gym:tier2:娜姿,gen8,gym:关都地区:娜姿:7,娜姿,2,2,slowbro,Slowbro,5,5,tier3,representative-exact-tier
gym:tier2:娜姿,gen8,gym:关都地区:娜姿:7,娜姿,2,3,blastoise,Blastoise,6,5,tier3,gmax-system-fill-theme
gym:tier2:娜姿,gen8,gym:关都地区:娜姿:7,娜姿,3,1,mrmime,Mr. Mime,4,4,tier2,representative-exact-tier
gym:tier2:娜姿,gen8,gym:关都地区:娜姿:7,娜姿,3,2,slowbro,Slowbro,5,5,tier3,representative-exact-tier
gym:tier2:娜姿,gen8,gym:关都地区:娜姿:7,娜姿,3,3,blastoise,Blastoise,6,5,tier3,gmax-system-fill-theme
gym:tier2:娜姿,gen8,gym:关都地区:娜姿:7,娜姿,4,1,mrmime,Mr. Mime,4,4,tier2,representative-exact-tier
gym:tier2:娜姿,gen8,gym:关都地区:娜姿:7,娜姿,4,2,slowbro,Slowbro,5,5,tier3,representative-exact-tier
gym:tier2:娜姿,gen8,gym:关都地区:娜姿:7,娜姿,4,3,blastoise,Blastoise,6,5,tier3,gmax-system-fill-theme
gym:tier2:娜姿,gen9,gym:关都地区:娜姿:7,娜姿,1,1,mrmime,Mr. Mime,4,4,tier2,representative-exact-tier
gym:tier2:娜姿,gen9,gym:关都地区:娜姿:7,娜姿,1,2,slowbro,Slowbro,5,5,tier3,representative-exact-tier
gym:tier2:娜姿,gen9,gym:关都地区:娜姿:7,娜姿,1,3,alakazam,Alakazam,6,5,tier3,representative-near-tier
gym:tier2:娜姿,gen9,gym:关都地区:娜姿:7,娜姿,2,1,mrmime,Mr. Mime,4,4,tier2,representative-exact-tier
gym:tier2:娜姿,gen9,gym:关都地区:娜姿:7,娜姿,2,2,slowbro,Slowbro,5,5,tier3,representative-exact-tier
gym:tier2:娜姿,gen9,gym:关都地区:娜姿:7,娜姿,2,3,alakazam,Alakazam,6,5,tier3,representative-near-tier
gym:tier2:娜姿,gen9,gym:关都地区:娜姿:7,娜姿,3,1,mrmime,Mr. Mime,4,4,tier2,representative-exact-tier
gym:tier2:娜姿,gen9,gym:关都地区:娜姿:7,娜姿,3,2,slowbro,Slowbro,5,5,tier3,representative-exact-tier
gym:tier2:娜姿,gen9,gym:关都地区:娜姿:7,娜姿,3,3,alakazam,Alakazam,6,5,tier3,representative-near-tier
gym:tier2:娜姿,gen9,gym:关都地区:娜姿:7,娜姿,4,1,mrmime,Mr. Mime,4,4,tier2,representative-exact-tier
gym:tier2:娜姿,gen9,gym:关都地区:娜姿:7,娜姿,4,2,slowbro,Slowbro,5,5,tier3,representative-exact-tier
gym:tier2:娜姿,gen9,gym:关都地区:娜姿:7,娜姿,4,3,alakazam,Alakazam,6,5,tier3,representative-near-tier
gym:tier3:夏伯,none,gym:关都地区:夏伯:8,夏伯,1,1,rapidash,Rapidash,5,5,tier3,representative-exact-tier
gym:tier3:夏伯,none,gym:关都地区:夏伯:8,夏伯,1,2,kingler,Kingler,5,5,tier4,representative-exact-tier
gym:tier3:夏伯,none,gym:关都地区:夏伯:8,夏伯,1,3,arcanine,Arcanine,6,6,tier4,representative-exact-tier
gym:tier3:夏伯,none,gym:关都地区:夏伯:8,夏伯,2,1,rapidash,Rapidash,5,5,tier3,representative-exact-tier
gym:tier3:夏伯,none,gym:关都地区:夏伯:8,夏伯,2,2,kingler,Kingler,5,5,tier4,representative-exact-tier
gym:tier3:夏伯,none,gym:关都地区:夏伯:8,夏伯,2,3,arcanine,Arcanine,6,6,tier4,representative-exact-tier
gym:tier3:夏伯,none,gym:关都地区:夏伯:8,夏伯,3,1,rapidash,Rapidash,5,5,tier3,representative-exact-tier
gym:tier3:夏伯,none,gym:关都地区:夏伯:8,夏伯,3,2,kingler,Kingler,5,5,tier4,representative-exact-tier
gym:tier3:夏伯,none,gym:关都地区:夏伯:8,夏伯,3,3,arcanine,Arcanine,6,6,tier4,representative-exact-tier
gym:tier3:夏伯,none,gym:关都地区:夏伯:8,夏伯,4,1,rapidash,Rapidash,5,5,tier3,representative-exact-tier
gym:tier3:夏伯,none,gym:关都地区:夏伯:8,夏伯,4,2,kingler,Kingler,5,5,tier4,representative-exact-tier
gym:tier3:夏伯,none,gym:关都地区:夏伯:8,夏伯,4,3,arcanine,Arcanine,6,6,tier4,representative-exact-tier
gym:tier3:夏伯,gen7,gym:关都地区:夏伯:8,夏伯,1,1,rapidash,Rapidash,5,5,tier3,representative-exact-tier
gym:tier3:夏伯,gen7,gym:关都地区:夏伯:8,夏伯,1,2,kingler,Kingler,5,5,tier4,representative-exact-tier
gym:tier3:夏伯,gen7,gym:关都地区:夏伯:8,夏伯,1,3,aerodactyl,Aerodactyl,6,6,tier4,mega-system-fill-theme
gym:tier3:夏伯,gen7,gym:关都地区:夏伯:8,夏伯,2,1,rapidash,Rapidash,5,5,tier3,representative-exact-tier
gym:tier3:夏伯,gen7,gym:关都地区:夏伯:8,夏伯,2,2,kingler,Kingler,5,5,tier4,representative-exact-tier
gym:tier3:夏伯,gen7,gym:关都地区:夏伯:8,夏伯,2,3,aerodactyl,Aerodactyl,6,6,tier4,mega-system-fill-theme
gym:tier3:夏伯,gen7,gym:关都地区:夏伯:8,夏伯,3,1,rapidash,Rapidash,5,5,tier3,representative-exact-tier
gym:tier3:夏伯,gen7,gym:关都地区:夏伯:8,夏伯,3,2,kingler,Kingler,5,5,tier4,representative-exact-tier
gym:tier3:夏伯,gen7,gym:关都地区:夏伯:8,夏伯,3,3,aerodactyl,Aerodactyl,6,6,tier4,mega-system-fill-theme
gym:tier3:夏伯,gen7,gym:关都地区:夏伯:8,夏伯,4,1,rapidash,Rapidash,5,5,tier3,representative-exact-tier
gym:tier3:夏伯,gen7,gym:关都地区:夏伯:8,夏伯,4,2,kingler,Kingler,5,5,tier4,representative-exact-tier
gym:tier3:夏伯,gen7,gym:关都地区:夏伯:8,夏伯,4,3,aerodactyl,Aerodactyl,6,6,tier4,mega-system-fill-theme
gym:tier3:夏伯,gen8,gym:关都地区:夏伯:8,夏伯,1,1,rapidash,Rapidash,5,5,tier3,representative-exact-tier
gym:tier3:夏伯,gen8,gym:关都地区:夏伯:8,夏伯,1,2,kingler,Kingler,5,5,tier4,representative-exact-tier
gym:tier3:夏伯,gen8,gym:关都地区:夏伯:8,夏伯,1,3,arcanine,Arcanine,6,6,tier4,representative-exact-tier
gym:tier3:夏伯,gen8,gym:关都地区:夏伯:8,夏伯,2,1,rapidash,Rapidash,5,5,tier3,representative-exact-tier
gym:tier3:夏伯,gen8,gym:关都地区:夏伯:8,夏伯,2,2,kingler,Kingler,5,5,tier4,representative-exact-tier
gym:tier3:夏伯,gen8,gym:关都地区:夏伯:8,夏伯,2,3,arcanine,Arcanine,6,6,tier4,representative-exact-tier
gym:tier3:夏伯,gen8,gym:关都地区:夏伯:8,夏伯,3,1,rapidash,Rapidash,5,5,tier3,representative-exact-tier
gym:tier3:夏伯,gen8,gym:关都地区:夏伯:8,夏伯,3,2,kingler,Kingler,5,5,tier4,representative-exact-tier
gym:tier3:夏伯,gen8,gym:关都地区:夏伯:8,夏伯,3,3,arcanine,Arcanine,6,6,tier4,representative-exact-tier
gym:tier3:夏伯,gen8,gym:关都地区:夏伯:8,夏伯,4,1,rapidash,Rapidash,5,5,tier3,representative-exact-tier
gym:tier3:夏伯,gen8,gym:关都地区:夏伯:8,夏伯,4,2,kingler,Kingler,5,5,tier4,representative-exact-tier
gym:tier3:夏伯,gen8,gym:关都地区:夏伯:8,夏伯,4,3,arcanine,Arcanine,6,6,tier4,representative-exact-tier
gym:tier3:夏伯,gen9,gym:关都地区:夏伯:8,夏伯,1,1,rapidash,Rapidash,5,5,tier3,representative-exact-tier
gym:tier3:夏伯,gen9,gym:关都地区:夏伯:8,夏伯,1,2,kingler,Kingler,5,5,tier4,representative-exact-tier
gym:tier3:夏伯,gen9,gym:关都地区:夏伯:8,夏伯,1,3,arcanine,Arcanine,6,6,tier4,representative-exact-tier
gym:tier3:夏伯,gen9,gym:关都地区:夏伯:8,夏伯,2,1,rapidash,Rapidash,5,5,tier3,representative-exact-tier
gym:tier3:夏伯,gen9,gym:关都地区:夏伯:8,夏伯,2,2,kingler,Kingler,5,5,tier4,representative-exact-tier
gym:tier3:夏伯,gen9,gym:关都地区:夏伯:8,夏伯,2,3,arcanine,Arcanine,6,6,tier4,representative-exact-tier
gym:tier3:夏伯,gen9,gym:关都地区:夏伯:8,夏伯,3,1,rapidash,Rapidash,5,5,tier3,representative-exact-tier
gym:tier3:夏伯,gen9,gym:关都地区:夏伯:8,夏伯,3,2,kingler,Kingler,5,5,tier4,representative-exact-tier
gym:tier3:夏伯,gen9,gym:关都地区:夏伯:8,夏伯,3,3,arcanine,Arcanine,6,6,tier4,representative-exact-tier
gym:tier3:夏伯,gen9,gym:关都地区:夏伯:8,夏伯,4,1,rapidash,Rapidash,5,5,tier3,representative-exact-tier
gym:tier3:夏伯,gen9,gym:关都地区:夏伯:8,夏伯,4,2,kingler,Kingler,5,5,tier4,representative-exact-tier
gym:tier3:夏伯,gen9,gym:关都地区:夏伯:8,夏伯,4,3,arcanine,Arcanine,6,6,tier4,representative-exact-tier
gym:tier3:坂木,none,gym:关都地区:坂木:9,坂木,1,1,nidoqueen,Nidoqueen,6,5,tier3,representative-near-tier
gym:tier3:坂木,none,gym:关都地区:坂木:9,坂木,1,2,nidoking,Nidoking,6,5,tier4,representative-near-tier
gym:tier3:坂木,none,gym:关都地区:坂木:9,坂木,1,3,aerodactyl,Aerodactyl,6,6,tier4,theme-fill
gym:tier3:坂木,none,gym:关都地区:坂木:9,坂木,2,1,nidoqueen,Nidoqueen,6,5,tier3,representative-near-tier
gym:tier3:坂木,none,gym:关都地区:坂木:9,坂木,2,2,nidoking,Nidoking,6,5,tier4,representative-near-tier
gym:tier3:坂木,none,gym:关都地区:坂木:9,坂木,2,3,aerodactyl,Aerodactyl,6,6,tier4,theme-fill
gym:tier3:坂木,none,gym:关都地区:坂木:9,坂木,3,1,nidoqueen,Nidoqueen,6,5,tier3,representative-near-tier
gym:tier3:坂木,none,gym:关都地区:坂木:9,坂木,3,2,nidoking,Nidoking,6,5,tier4,representative-near-tier
gym:tier3:坂木,none,gym:关都地区:坂木:9,坂木,3,3,aerodactyl,Aerodactyl,6,6,tier4,theme-fill
gym:tier3:坂木,none,gym:关都地区:坂木:9,坂木,4,1,nidoqueen,Nidoqueen,6,5,tier3,representative-near-tier
gym:tier3:坂木,none,gym:关都地区:坂木:9,坂木,4,2,nidoking,Nidoking,6,5,tier4,representative-near-tier
gym:tier3:坂木,none,gym:关都地区:坂木:9,坂木,4,3,aerodactyl,Aerodactyl,6,6,tier4,theme-fill
gym:tier3:坂木,gen7,gym:关都地区:坂木:9,坂木,1,1,nidoqueen,Nidoqueen,6,5,tier3,representative-near-tier
gym:tier3:坂木,gen7,gym:关都地区:坂木:9,坂木,1,2,nidoking,Nidoking,6,5,tier4,representative-near-tier
gym:tier3:坂木,gen7,gym:关都地区:坂木:9,坂木,1,3,aerodactyl,Aerodactyl,6,6,tier4,theme-fill
gym:tier3:坂木,gen7,gym:关都地区:坂木:9,坂木,2,1,nidoqueen,Nidoqueen,6,5,tier3,representative-near-tier
gym:tier3:坂木,gen7,gym:关都地区:坂木:9,坂木,2,2,nidoking,Nidoking,6,5,tier4,representative-near-tier
gym:tier3:坂木,gen7,gym:关都地区:坂木:9,坂木,2,3,aerodactyl,Aerodactyl,6,6,tier4,theme-fill
gym:tier3:坂木,gen7,gym:关都地区:坂木:9,坂木,3,1,nidoqueen,Nidoqueen,6,5,tier3,representative-near-tier
gym:tier3:坂木,gen7,gym:关都地区:坂木:9,坂木,3,2,nidoking,Nidoking,6,5,tier4,representative-near-tier
gym:tier3:坂木,gen7,gym:关都地区:坂木:9,坂木,3,3,aerodactyl,Aerodactyl,6,6,tier4,theme-fill
gym:tier3:坂木,gen7,gym:关都地区:坂木:9,坂木,4,1,nidoqueen,Nidoqueen,6,5,tier3,representative-near-tier
gym:tier3:坂木,gen7,gym:关都地区:坂木:9,坂木,4,2,nidoking,Nidoking,6,5,tier4,representative-near-tier
gym:tier3:坂木,gen7,gym:关都地区:坂木:9,坂木,4,3,aerodactyl,Aerodactyl,6,6,tier4,theme-fill
gym:tier3:坂木,gen8,gym:关都地区:坂木:9,坂木,1,1,nidoqueen,Nidoqueen,6,5,tier3,representative-near-tier
gym:tier3:坂木,gen8,gym:关都地区:坂木:9,坂木,1,2,nidoking,Nidoking,6,5,tier4,representative-near-tier
gym:tier3:坂木,gen8,gym:关都地区:坂木:9,坂木,1,3,gengar,Gengar,6,6,tier4,gmax-system-fill-theme
gym:tier3:坂木,gen8,gym:关都地区:坂木:9,坂木,2,1,nidoqueen,Nidoqueen,6,5,tier3,representative-near-tier
gym:tier3:坂木,gen8,gym:关都地区:坂木:9,坂木,2,2,nidoking,Nidoking,6,5,tier4,representative-near-tier
gym:tier3:坂木,gen8,gym:关都地区:坂木:9,坂木,2,3,gengar,Gengar,6,6,tier4,gmax-system-fill-theme
gym:tier3:坂木,gen8,gym:关都地区:坂木:9,坂木,3,1,nidoqueen,Nidoqueen,6,5,tier3,representative-near-tier
gym:tier3:坂木,gen8,gym:关都地区:坂木:9,坂木,3,2,nidoking,Nidoking,6,5,tier4,representative-near-tier
gym:tier3:坂木,gen8,gym:关都地区:坂木:9,坂木,3,3,gengar,Gengar,6,6,tier4,gmax-system-fill-theme
gym:tier3:坂木,gen8,gym:关都地区:坂木:9,坂木,4,1,nidoqueen,Nidoqueen,6,5,tier3,representative-near-tier
gym:tier3:坂木,gen8,gym:关都地区:坂木:9,坂木,4,2,nidoking,Nidoking,6,5,tier4,representative-near-tier
gym:tier3:坂木,gen8,gym:关都地区:坂木:9,坂木,4,3,gengar,Gengar,6,6,tier4,gmax-system-fill-theme
gym:tier3:坂木,gen9,gym:关都地区:坂木:9,坂木,1,1,nidoqueen,Nidoqueen,6,5,tier3,representative-near-tier
gym:tier3:坂木,gen9,gym:关都地区:坂木:9,坂木,1,2,nidoking,Nidoking,6,5,tier4,representative-near-tier
gym:tier3:坂木,gen9,gym:关都地区:坂木:9,坂木,1,3,aerodactyl,Aerodactyl,6,6,tier4,theme-fill
gym:tier3:坂木,gen9,gym:关都地区:坂木:9,坂木,2,1,nidoqueen,Nidoqueen,6,5,tier3,representative-near-tier
gym:tier3:坂木,gen9,gym:关都地区:坂木:9,坂木,2,2,nidoking,Nidoking,6,5,tier4,representative-near-tier
gym:tier3:坂木,gen9,gym:关都地区:坂木:9,坂木,2,3,aerodactyl,Aerodactyl,6,6,tier4,theme-fill
gym:tier3:坂木,gen9,gym:关都地区:坂木:9,坂木,3,1,nidoqueen,Nidoqueen,6,5,tier3,representative-near-tier
gym:tier3:坂木,gen9,gym:关都地区:坂木:9,坂木,3,2,nidoking,Nidoking,6,5,tier4,representative-near-tier
gym:tier3:坂木,gen9,gym:关都地区:坂木:9,坂木,3,3,aerodactyl,Aerodactyl,6,6,tier4,theme-fill
gym:tier3:坂木,gen9,gym:关都地区:坂木:9,坂木,4,1,nidoqueen,Nidoqueen,6,5,tier3,representative-near-tier
gym:tier3:坂木,gen9,gym:关都地区:坂木:9,坂木,4,2,nidoking,Nidoking,6,5,tier4,representative-near-tier
gym:tier3:坂木,gen9,gym:关都地区:坂木:9,坂木,4,3,aerodactyl,Aerodactyl,6,6,tier4,theme-fill
gym:tier3:青绿,none,gym:关都地区:青绿:10,青绿,1,1,pidgeot,Pidgeot,5,5,tier3,representative-exact-tier
gym:tier3:青绿,none,gym:关都地区:青绿:10,青绿,1,2,tauros,Tauros,5,5,tier4,representative-exact-tier
gym:tier3:青绿,none,gym:关都地区:青绿:10,青绿,1,3,exeggutor,Exeggutor,6,6,tier4,representative-exact-tier
gym:tier3:青绿,none,gym:关都地区:青绿:10,青绿,2,1,pidgeot,Pidgeot,5,5,tier3,representative-exact-tier
gym:tier3:青绿,none,gym:关都地区:青绿:10,青绿,2,2,tauros,Tauros,5,5,tier4,representative-exact-tier
gym:tier3:青绿,none,gym:关都地区:青绿:10,青绿,2,3,exeggutor,Exeggutor,6,6,tier4,representative-exact-tier
gym:tier3:青绿,none,gym:关都地区:青绿:10,青绿,3,1,pidgeot,Pidgeot,5,5,tier3,representative-exact-tier
gym:tier3:青绿,none,gym:关都地区:青绿:10,青绿,3,2,tauros,Tauros,5,5,tier4,representative-exact-tier
gym:tier3:青绿,none,gym:关都地区:青绿:10,青绿,3,3,exeggutor,Exeggutor,6,6,tier4,representative-exact-tier
gym:tier3:青绿,none,gym:关都地区:青绿:10,青绿,4,1,pidgeot,Pidgeot,5,5,tier3,representative-exact-tier
gym:tier3:青绿,none,gym:关都地区:青绿:10,青绿,4,2,tauros,Tauros,5,5,tier4,representative-exact-tier
gym:tier3:青绿,none,gym:关都地区:青绿:10,青绿,4,3,exeggutor,Exeggutor,6,6,tier4,representative-exact-tier
gym:tier3:青绿,gen7,gym:关都地区:青绿:10,青绿,1,1,pidgeot,Pidgeot,5,5,tier3,representative-exact-tier
gym:tier3:青绿,gen7,gym:关都地区:青绿:10,青绿,1,2,tauros,Tauros,5,5,tier4,representative-exact-tier
gym:tier3:青绿,gen7,gym:关都地区:青绿:10,青绿,1,3,exeggutor,Exeggutor,6,6,tier4,representative-exact-tier
gym:tier3:青绿,gen7,gym:关都地区:青绿:10,青绿,2,1,pidgeot,Pidgeot,5,5,tier3,representative-exact-tier
gym:tier3:青绿,gen7,gym:关都地区:青绿:10,青绿,2,2,tauros,Tauros,5,5,tier4,representative-exact-tier
gym:tier3:青绿,gen7,gym:关都地区:青绿:10,青绿,2,3,exeggutor,Exeggutor,6,6,tier4,representative-exact-tier
gym:tier3:青绿,gen7,gym:关都地区:青绿:10,青绿,3,1,pidgeot,Pidgeot,5,5,tier3,representative-exact-tier
gym:tier3:青绿,gen7,gym:关都地区:青绿:10,青绿,3,2,tauros,Tauros,5,5,tier4,representative-exact-tier
gym:tier3:青绿,gen7,gym:关都地区:青绿:10,青绿,3,3,exeggutor,Exeggutor,6,6,tier4,representative-exact-tier
gym:tier3:青绿,gen7,gym:关都地区:青绿:10,青绿,4,1,pidgeot,Pidgeot,5,5,tier3,representative-exact-tier
gym:tier3:青绿,gen7,gym:关都地区:青绿:10,青绿,4,2,tauros,Tauros,5,5,tier4,representative-exact-tier
gym:tier3:青绿,gen7,gym:关都地区:青绿:10,青绿,4,3,exeggutor,Exeggutor,6,6,tier4,representative-exact-tier
gym:tier3:青绿,gen8,gym:关都地区:青绿:10,青绿,1,1,pidgeot,Pidgeot,5,5,tier3,representative-exact-tier
gym:tier3:青绿,gen8,gym:关都地区:青绿:10,青绿,1,2,tauros,Tauros,5,5,tier4,representative-exact-tier
gym:tier3:青绿,gen8,gym:关都地区:青绿:10,青绿,1,3,blastoise,Blastoise,6,6,tier4,gmax-system-fill-theme
gym:tier3:青绿,gen8,gym:关都地区:青绿:10,青绿,2,1,pidgeot,Pidgeot,5,5,tier3,representative-exact-tier
gym:tier3:青绿,gen8,gym:关都地区:青绿:10,青绿,2,2,tauros,Tauros,5,5,tier4,representative-exact-tier
gym:tier3:青绿,gen8,gym:关都地区:青绿:10,青绿,2,3,blastoise,Blastoise,6,6,tier4,gmax-system-fill-theme
gym:tier3:青绿,gen8,gym:关都地区:青绿:10,青绿,3,1,pidgeot,Pidgeot,5,5,tier3,representative-exact-tier
gym:tier3:青绿,gen8,gym:关都地区:青绿:10,青绿,3,2,tauros,Tauros,5,5,tier4,representative-exact-tier
gym:tier3:青绿,gen8,gym:关都地区:青绿:10,青绿,3,3,blastoise,Blastoise,6,6,tier4,gmax-system-fill-theme
gym:tier3:青绿,gen8,gym:关都地区:青绿:10,青绿,4,1,pidgeot,Pidgeot,5,5,tier3,representative-exact-tier
gym:tier3:青绿,gen8,gym:关都地区:青绿:10,青绿,4,2,tauros,Tauros,5,5,tier4,representative-exact-tier
gym:tier3:青绿,gen8,gym:关都地区:青绿:10,青绿,4,3,blastoise,Blastoise,6,6,tier4,gmax-system-fill-theme
gym:tier3:青绿,gen9,gym:关都地区:青绿:10,青绿,1,1,pidgeot,Pidgeot,5,5,tier3,representative-exact-tier
gym:tier3:青绿,gen9,gym:关都地区:青绿:10,青绿,1,2,tauros,Tauros,5,5,tier4,representative-exact-tier
gym:tier3:青绿,gen9,gym:关都地区:青绿:10,青绿,1,3,exeggutor,Exeggutor,6,6,tier4,representative-exact-tier
gym:tier3:青绿,gen9,gym:关都地区:青绿:10,青绿,2,1,pidgeot,Pidgeot,5,5,tier3,representative-exact-tier
gym:tier3:青绿,gen9,gym:关都地区:青绿:10,青绿,2,2,tauros,Tauros,5,5,tier4,representative-exact-tier
gym:tier3:青绿,gen9,gym:关都地区:青绿:10,青绿,2,3,exeggutor,Exeggutor,6,6,tier4,representative-exact-tier
gym:tier3:青绿,gen9,gym:关都地区:青绿:10,青绿,3,1,pidgeot,Pidgeot,5,5,tier3,representative-exact-tier
gym:tier3:青绿,gen9,gym:关都地区:青绿:10,青绿,3,2,tauros,Tauros,5,5,tier4,representative-exact-tier
gym:tier3:青绿,gen9,gym:关都地区:青绿:10,青绿,3,3,exeggutor,Exeggutor,6,6,tier4,representative-exact-tier
gym:tier3:青绿,gen9,gym:关都地区:青绿:10,青绿,4,1,pidgeot,Pidgeot,5,5,tier3,representative-exact-tier
gym:tier3:青绿,gen9,gym:关都地区:青绿:10,青绿,4,2,tauros,Tauros,5,5,tier4,representative-exact-tier
gym:tier3:青绿,gen9,gym:关都地区:青绿:10,青绿,4,3,exeggutor,Exeggutor,6,6,tier4,representative-exact-tier
elite4:elite4:科拿,none,elite4:关都地区:科拿:1,科拿,1,1,slowbro,Slowbro,5,5,tier3,representative-exact-tier
elite4:elite4:科拿,none,elite4:关都地区:科拿:1,科拿,1,2,furfrou,Furfrou,5,5,tier4,representative-exact-tier
elite4:elite4:科拿,none,elite4:关都地区:科拿:1,科拿,1,3,cloyster,Cloyster,6,6,tier4,representative-exact-tier
elite4:elite4:科拿,none,elite4:关都地区:科拿:1,科拿,2,1,slowbro,Slowbro,5,5,tier3,representative-exact-tier
elite4:elite4:科拿,none,elite4:关都地区:科拿:1,科拿,2,2,furfrou,Furfrou,5,5,tier4,representative-exact-tier
elite4:elite4:科拿,none,elite4:关都地区:科拿:1,科拿,2,3,cloyster,Cloyster,6,6,tier4,representative-exact-tier
elite4:elite4:科拿,none,elite4:关都地区:科拿:1,科拿,3,1,slowbro,Slowbro,5,5,tier3,representative-exact-tier
elite4:elite4:科拿,none,elite4:关都地区:科拿:1,科拿,3,2,furfrou,Furfrou,5,5,tier4,representative-exact-tier
elite4:elite4:科拿,none,elite4:关都地区:科拿:1,科拿,3,3,cloyster,Cloyster,6,6,tier4,representative-exact-tier
elite4:elite4:科拿,none,elite4:关都地区:科拿:1,科拿,4,1,slowbro,Slowbro,5,5,tier3,representative-exact-tier
elite4:elite4:科拿,none,elite4:关都地区:科拿:1,科拿,4,2,furfrou,Furfrou,5,5,tier4,representative-exact-tier
elite4:elite4:科拿,none,elite4:关都地区:科拿:1,科拿,4,3,cloyster,Cloyster,6,6,tier4,representative-exact-tier
elite4:elite4:科拿,gen7,elite4:关都地区:科拿:1,科拿,1,1,slowbro,Slowbro,5,5,tier3,representative-exact-tier
elite4:elite4:科拿,gen7,elite4:关都地区:科拿:1,科拿,1,2,furfrou,Furfrou,5,5,tier4,representative-exact-tier
elite4:elite4:科拿,gen7,elite4:关都地区:科拿:1,科拿,1,3,cloyster,Cloyster,6,6,tier4,representative-exact-tier
elite4:elite4:科拿,gen7,elite4:关都地区:科拿:1,科拿,2,1,slowbro,Slowbro,5,5,tier3,representative-exact-tier
elite4:elite4:科拿,gen7,elite4:关都地区:科拿:1,科拿,2,2,furfrou,Furfrou,5,5,tier4,representative-exact-tier
elite4:elite4:科拿,gen7,elite4:关都地区:科拿:1,科拿,2,3,cloyster,Cloyster,6,6,tier4,representative-exact-tier
elite4:elite4:科拿,gen7,elite4:关都地区:科拿:1,科拿,3,1,slowbro,Slowbro,5,5,tier3,representative-exact-tier
elite4:elite4:科拿,gen7,elite4:关都地区:科拿:1,科拿,3,2,furfrou,Furfrou,5,5,tier4,representative-exact-tier
elite4:elite4:科拿,gen7,elite4:关都地区:科拿:1,科拿,3,3,cloyster,Cloyster,6,6,tier4,representative-exact-tier
elite4:elite4:科拿,gen7,elite4:关都地区:科拿:1,科拿,4,1,slowbro,Slowbro,5,5,tier3,representative-exact-tier
elite4:elite4:科拿,gen7,elite4:关都地区:科拿:1,科拿,4,2,furfrou,Furfrou,5,5,tier4,representative-exact-tier
elite4:elite4:科拿,gen7,elite4:关都地区:科拿:1,科拿,4,3,cloyster,Cloyster,6,6,tier4,representative-exact-tier
elite4:elite4:科拿,gen8,elite4:关都地区:科拿:1,科拿,1,1,slowbro,Slowbro,5,5,tier3,representative-exact-tier
elite4:elite4:科拿,gen8,elite4:关都地区:科拿:1,科拿,1,2,furfrou,Furfrou,5,5,tier4,representative-exact-tier
elite4:elite4:科拿,gen8,elite4:关都地区:科拿:1,科拿,1,3,blastoise,Blastoise,6,6,tier4,gmax-system-fill-theme
elite4:elite4:科拿,gen8,elite4:关都地区:科拿:1,科拿,2,1,slowbro,Slowbro,5,5,tier3,representative-exact-tier
elite4:elite4:科拿,gen8,elite4:关都地区:科拿:1,科拿,2,2,furfrou,Furfrou,5,5,tier4,representative-exact-tier
elite4:elite4:科拿,gen8,elite4:关都地区:科拿:1,科拿,2,3,blastoise,Blastoise,6,6,tier4,gmax-system-fill-theme
elite4:elite4:科拿,gen8,elite4:关都地区:科拿:1,科拿,3,1,slowbro,Slowbro,5,5,tier3,representative-exact-tier
elite4:elite4:科拿,gen8,elite4:关都地区:科拿:1,科拿,3,2,furfrou,Furfrou,5,5,tier4,representative-exact-tier
elite4:elite4:科拿,gen8,elite4:关都地区:科拿:1,科拿,3,3,blastoise,Blastoise,6,6,tier4,gmax-system-fill-theme
elite4:elite4:科拿,gen8,elite4:关都地区:科拿:1,科拿,4,1,slowbro,Slowbro,5,5,tier3,representative-exact-tier
elite4:elite4:科拿,gen8,elite4:关都地区:科拿:1,科拿,4,2,furfrou,Furfrou,5,5,tier4,representative-exact-tier
elite4:elite4:科拿,gen8,elite4:关都地区:科拿:1,科拿,4,3,blastoise,Blastoise,6,6,tier4,gmax-system-fill-theme
elite4:elite4:科拿,gen9,elite4:关都地区:科拿:1,科拿,1,1,slowbro,Slowbro,5,5,tier3,representative-exact-tier
elite4:elite4:科拿,gen9,elite4:关都地区:科拿:1,科拿,1,2,furfrou,Furfrou,5,5,tier4,representative-exact-tier
elite4:elite4:科拿,gen9,elite4:关都地区:科拿:1,科拿,1,3,cloyster,Cloyster,6,6,tier4,representative-exact-tier
elite4:elite4:科拿,gen9,elite4:关都地区:科拿:1,科拿,2,1,slowbro,Slowbro,5,5,tier3,representative-exact-tier
elite4:elite4:科拿,gen9,elite4:关都地区:科拿:1,科拿,2,2,furfrou,Furfrou,5,5,tier4,representative-exact-tier
elite4:elite4:科拿,gen9,elite4:关都地区:科拿:1,科拿,2,3,cloyster,Cloyster,6,6,tier4,representative-exact-tier
elite4:elite4:科拿,gen9,elite4:关都地区:科拿:1,科拿,3,1,slowbro,Slowbro,5,5,tier3,representative-exact-tier
elite4:elite4:科拿,gen9,elite4:关都地区:科拿:1,科拿,3,2,furfrou,Furfrou,5,5,tier4,representative-exact-tier
elite4:elite4:科拿,gen9,elite4:关都地区:科拿:1,科拿,3,3,cloyster,Cloyster,6,6,tier4,representative-exact-tier
elite4:elite4:科拿,gen9,elite4:关都地区:科拿:1,科拿,4,1,slowbro,Slowbro,5,5,tier3,representative-exact-tier
elite4:elite4:科拿,gen9,elite4:关都地区:科拿:1,科拿,4,2,furfrou,Furfrou,5,5,tier4,representative-exact-tier
elite4:elite4:科拿,gen9,elite4:关都地区:科拿:1,科拿,4,3,cloyster,Cloyster,6,6,tier4,representative-exact-tier
elite4:elite4:希巴,none,elite4:关都地区:希巴:2,希巴,1,1,poliwrath,Poliwrath,5,5,tier3,representative-exact-tier
elite4:elite4:希巴,none,elite4:关都地区:希巴:2,希巴,1,2,golem,Golem,5,5,tier4,representative-exact-tier
elite4:elite4:希巴,none,elite4:关都地区:希巴:2,希巴,1,3,machamp,Machamp,6,6,tier4,representative-exact-tier
elite4:elite4:希巴,none,elite4:关都地区:希巴:2,希巴,2,1,poliwrath,Poliwrath,5,5,tier3,representative-exact-tier
elite4:elite4:希巴,none,elite4:关都地区:希巴:2,希巴,2,2,golem,Golem,5,5,tier4,representative-exact-tier
elite4:elite4:希巴,none,elite4:关都地区:希巴:2,希巴,2,3,machamp,Machamp,6,6,tier4,representative-exact-tier
elite4:elite4:希巴,none,elite4:关都地区:希巴:2,希巴,3,1,poliwrath,Poliwrath,5,5,tier3,representative-exact-tier
elite4:elite4:希巴,none,elite4:关都地区:希巴:2,希巴,3,2,golem,Golem,5,5,tier4,representative-exact-tier
elite4:elite4:希巴,none,elite4:关都地区:希巴:2,希巴,3,3,machamp,Machamp,6,6,tier4,representative-exact-tier
elite4:elite4:希巴,none,elite4:关都地区:希巴:2,希巴,4,1,poliwrath,Poliwrath,5,5,tier3,representative-exact-tier
elite4:elite4:希巴,none,elite4:关都地区:希巴:2,希巴,4,2,golem,Golem,5,5,tier4,representative-exact-tier
elite4:elite4:希巴,none,elite4:关都地区:希巴:2,希巴,4,3,machamp,Machamp,6,6,tier4,representative-exact-tier
elite4:elite4:希巴,gen7,elite4:关都地区:希巴:2,希巴,1,1,poliwrath,Poliwrath,5,5,tier3,representative-exact-tier
elite4:elite4:希巴,gen7,elite4:关都地区:希巴:2,希巴,1,2,golem,Golem,5,5,tier4,representative-exact-tier
elite4:elite4:希巴,gen7,elite4:关都地区:希巴:2,希巴,1,3,aerodactyl,Aerodactyl,6,6,tier4,mega-system-fill-theme
elite4:elite4:希巴,gen7,elite4:关都地区:希巴:2,希巴,2,1,poliwrath,Poliwrath,5,5,tier3,representative-exact-tier
elite4:elite4:希巴,gen7,elite4:关都地区:希巴:2,希巴,2,2,golem,Golem,5,5,tier4,representative-exact-tier
elite4:elite4:希巴,gen7,elite4:关都地区:希巴:2,希巴,2,3,aerodactyl,Aerodactyl,6,6,tier4,mega-system-fill-theme
elite4:elite4:希巴,gen7,elite4:关都地区:希巴:2,希巴,3,1,poliwrath,Poliwrath,5,5,tier3,representative-exact-tier
elite4:elite4:希巴,gen7,elite4:关都地区:希巴:2,希巴,3,2,golem,Golem,5,5,tier4,representative-exact-tier
elite4:elite4:希巴,gen7,elite4:关都地区:希巴:2,希巴,3,3,aerodactyl,Aerodactyl,6,6,tier4,mega-system-fill-theme
elite4:elite4:希巴,gen7,elite4:关都地区:希巴:2,希巴,4,1,poliwrath,Poliwrath,5,5,tier3,representative-exact-tier
elite4:elite4:希巴,gen7,elite4:关都地区:希巴:2,希巴,4,2,golem,Golem,5,5,tier4,representative-exact-tier
elite4:elite4:希巴,gen7,elite4:关都地区:希巴:2,希巴,4,3,aerodactyl,Aerodactyl,6,6,tier4,mega-system-fill-theme
elite4:elite4:希巴,gen8,elite4:关都地区:希巴:2,希巴,1,1,poliwrath,Poliwrath,5,5,tier3,representative-exact-tier
elite4:elite4:希巴,gen8,elite4:关都地区:希巴:2,希巴,1,2,golem,Golem,5,5,tier4,representative-exact-tier
elite4:elite4:希巴,gen8,elite4:关都地区:希巴:2,希巴,1,3,machamp,Machamp,6,6,tier4,representative-exact-tier
elite4:elite4:希巴,gen8,elite4:关都地区:希巴:2,希巴,2,1,poliwrath,Poliwrath,5,5,tier3,representative-exact-tier
elite4:elite4:希巴,gen8,elite4:关都地区:希巴:2,希巴,2,2,golem,Golem,5,5,tier4,representative-exact-tier
elite4:elite4:希巴,gen8,elite4:关都地区:希巴:2,希巴,2,3,machamp,Machamp,6,6,tier4,representative-exact-tier
elite4:elite4:希巴,gen8,elite4:关都地区:希巴:2,希巴,3,1,poliwrath,Poliwrath,5,5,tier3,representative-exact-tier
elite4:elite4:希巴,gen8,elite4:关都地区:希巴:2,希巴,3,2,golem,Golem,5,5,tier4,representative-exact-tier
elite4:elite4:希巴,gen8,elite4:关都地区:希巴:2,希巴,3,3,machamp,Machamp,6,6,tier4,representative-exact-tier
elite4:elite4:希巴,gen8,elite4:关都地区:希巴:2,希巴,4,1,poliwrath,Poliwrath,5,5,tier3,representative-exact-tier
elite4:elite4:希巴,gen8,elite4:关都地区:希巴:2,希巴,4,2,golem,Golem,5,5,tier4,representative-exact-tier
elite4:elite4:希巴,gen8,elite4:关都地区:希巴:2,希巴,4,3,machamp,Machamp,6,6,tier4,representative-exact-tier
elite4:elite4:希巴,gen9,elite4:关都地区:希巴:2,希巴,1,1,poliwrath,Poliwrath,5,5,tier3,representative-exact-tier
elite4:elite4:希巴,gen9,elite4:关都地区:希巴:2,希巴,1,2,golem,Golem,5,5,tier4,representative-exact-tier
elite4:elite4:希巴,gen9,elite4:关都地区:希巴:2,希巴,1,3,machamp,Machamp,6,6,tier4,representative-exact-tier
elite4:elite4:希巴,gen9,elite4:关都地区:希巴:2,希巴,2,1,poliwrath,Poliwrath,5,5,tier3,representative-exact-tier
elite4:elite4:希巴,gen9,elite4:关都地区:希巴:2,希巴,2,2,golem,Golem,5,5,tier4,representative-exact-tier
elite4:elite4:希巴,gen9,elite4:关都地区:希巴:2,希巴,2,3,machamp,Machamp,6,6,tier4,representative-exact-tier
elite4:elite4:希巴,gen9,elite4:关都地区:希巴:2,希巴,3,1,poliwrath,Poliwrath,5,5,tier3,representative-exact-tier
elite4:elite4:希巴,gen9,elite4:关都地区:希巴:2,希巴,3,2,golem,Golem,5,5,tier4,representative-exact-tier
elite4:elite4:希巴,gen9,elite4:关都地区:希巴:2,希巴,3,3,machamp,Machamp,6,6,tier4,representative-exact-tier
elite4:elite4:希巴,gen9,elite4:关都地区:希巴:2,希巴,4,1,poliwrath,Poliwrath,5,5,tier3,representative-exact-tier
elite4:elite4:希巴,gen9,elite4:关都地区:希巴:2,希巴,4,2,golem,Golem,5,5,tier4,representative-exact-tier
elite4:elite4:希巴,gen9,elite4:关都地区:希巴:2,希巴,4,3,machamp,Machamp,6,6,tier4,representative-exact-tier
elite4:elite4:菊子,none,elite4:关都地区:菊子:3,菊子,1,1,weezing,Weezing,5,5,tier3,representative-exact-tier
elite4:elite4:菊子,none,elite4:关都地区:菊子:3,菊子,1,2,scyther,Scyther,5,5,tier4,representative-exact-tier
elite4:elite4:菊子,none,elite4:关都地区:菊子:3,菊子,1,3,gengar,Gengar,6,6,tier4,representative-exact-tier
elite4:elite4:菊子,none,elite4:关都地区:菊子:3,菊子,2,1,weezing,Weezing,5,5,tier3,representative-exact-tier
elite4:elite4:菊子,none,elite4:关都地区:菊子:3,菊子,2,2,scyther,Scyther,5,5,tier4,representative-exact-tier
elite4:elite4:菊子,none,elite4:关都地区:菊子:3,菊子,2,3,gengar,Gengar,6,6,tier4,representative-exact-tier
elite4:elite4:菊子,none,elite4:关都地区:菊子:3,菊子,3,1,weezing,Weezing,5,5,tier3,representative-exact-tier
elite4:elite4:菊子,none,elite4:关都地区:菊子:3,菊子,3,2,scyther,Scyther,5,5,tier4,representative-exact-tier
elite4:elite4:菊子,none,elite4:关都地区:菊子:3,菊子,3,3,gengar,Gengar,6,6,tier4,representative-exact-tier
elite4:elite4:菊子,none,elite4:关都地区:菊子:3,菊子,4,1,weezing,Weezing,5,5,tier3,representative-exact-tier
elite4:elite4:菊子,none,elite4:关都地区:菊子:3,菊子,4,2,scyther,Scyther,5,5,tier4,representative-exact-tier
elite4:elite4:菊子,none,elite4:关都地区:菊子:3,菊子,4,3,gengar,Gengar,6,6,tier4,representative-exact-tier
elite4:elite4:菊子,gen7,elite4:关都地区:菊子:3,菊子,1,1,weezing,Weezing,5,5,tier3,representative-exact-tier
elite4:elite4:菊子,gen7,elite4:关都地区:菊子:3,菊子,1,2,scyther,Scyther,5,5,tier4,representative-exact-tier
elite4:elite4:菊子,gen7,elite4:关都地区:菊子:3,菊子,1,3,gengar,Gengar,6,6,tier4,representative-exact-tier
elite4:elite4:菊子,gen7,elite4:关都地区:菊子:3,菊子,2,1,weezing,Weezing,5,5,tier3,representative-exact-tier
elite4:elite4:菊子,gen7,elite4:关都地区:菊子:3,菊子,2,2,scyther,Scyther,5,5,tier4,representative-exact-tier
elite4:elite4:菊子,gen7,elite4:关都地区:菊子:3,菊子,2,3,gengar,Gengar,6,6,tier4,representative-exact-tier
elite4:elite4:菊子,gen7,elite4:关都地区:菊子:3,菊子,3,1,weezing,Weezing,5,5,tier3,representative-exact-tier
elite4:elite4:菊子,gen7,elite4:关都地区:菊子:3,菊子,3,2,scyther,Scyther,5,5,tier4,representative-exact-tier
elite4:elite4:菊子,gen7,elite4:关都地区:菊子:3,菊子,3,3,gengar,Gengar,6,6,tier4,representative-exact-tier
elite4:elite4:菊子,gen7,elite4:关都地区:菊子:3,菊子,4,1,weezing,Weezing,5,5,tier3,representative-exact-tier
elite4:elite4:菊子,gen7,elite4:关都地区:菊子:3,菊子,4,2,scyther,Scyther,5,5,tier4,representative-exact-tier
elite4:elite4:菊子,gen7,elite4:关都地区:菊子:3,菊子,4,3,gengar,Gengar,6,6,tier4,representative-exact-tier
elite4:elite4:菊子,gen8,elite4:关都地区:菊子:3,菊子,1,1,weezing,Weezing,5,5,tier3,representative-exact-tier
elite4:elite4:菊子,gen8,elite4:关都地区:菊子:3,菊子,1,2,scyther,Scyther,5,5,tier4,representative-exact-tier
elite4:elite4:菊子,gen8,elite4:关都地区:菊子:3,菊子,1,3,gengar,Gengar,6,6,tier4,representative-exact-tier
elite4:elite4:菊子,gen8,elite4:关都地区:菊子:3,菊子,2,1,weezing,Weezing,5,5,tier3,representative-exact-tier
elite4:elite4:菊子,gen8,elite4:关都地区:菊子:3,菊子,2,2,scyther,Scyther,5,5,tier4,representative-exact-tier
elite4:elite4:菊子,gen8,elite4:关都地区:菊子:3,菊子,2,3,gengar,Gengar,6,6,tier4,representative-exact-tier
elite4:elite4:菊子,gen8,elite4:关都地区:菊子:3,菊子,3,1,weezing,Weezing,5,5,tier3,representative-exact-tier
elite4:elite4:菊子,gen8,elite4:关都地区:菊子:3,菊子,3,2,scyther,Scyther,5,5,tier4,representative-exact-tier
elite4:elite4:菊子,gen8,elite4:关都地区:菊子:3,菊子,3,3,gengar,Gengar,6,6,tier4,representative-exact-tier
elite4:elite4:菊子,gen8,elite4:关都地区:菊子:3,菊子,4,1,weezing,Weezing,5,5,tier3,representative-exact-tier
elite4:elite4:菊子,gen8,elite4:关都地区:菊子:3,菊子,4,2,scyther,Scyther,5,5,tier4,representative-exact-tier
elite4:elite4:菊子,gen8,elite4:关都地区:菊子:3,菊子,4,3,gengar,Gengar,6,6,tier4,representative-exact-tier
elite4:elite4:菊子,gen9,elite4:关都地区:菊子:3,菊子,1,1,weezing,Weezing,5,5,tier3,representative-exact-tier
elite4:elite4:菊子,gen9,elite4:关都地区:菊子:3,菊子,1,2,scyther,Scyther,5,5,tier4,representative-exact-tier
elite4:elite4:菊子,gen9,elite4:关都地区:菊子:3,菊子,1,3,gengar,Gengar,6,6,tier4,representative-exact-tier
elite4:elite4:菊子,gen9,elite4:关都地区:菊子:3,菊子,2,1,weezing,Weezing,5,5,tier3,representative-exact-tier
elite4:elite4:菊子,gen9,elite4:关都地区:菊子:3,菊子,2,2,scyther,Scyther,5,5,tier4,representative-exact-tier
elite4:elite4:菊子,gen9,elite4:关都地区:菊子:3,菊子,2,3,gengar,Gengar,6,6,tier4,representative-exact-tier
elite4:elite4:菊子,gen9,elite4:关都地区:菊子:3,菊子,3,1,weezing,Weezing,5,5,tier3,representative-exact-tier
elite4:elite4:菊子,gen9,elite4:关都地区:菊子:3,菊子,3,2,scyther,Scyther,5,5,tier4,representative-exact-tier
elite4:elite4:菊子,gen9,elite4:关都地区:菊子:3,菊子,3,3,gengar,Gengar,6,6,tier4,representative-exact-tier
elite4:elite4:菊子,gen9,elite4:关都地区:菊子:3,菊子,4,1,weezing,Weezing,5,5,tier3,representative-exact-tier
elite4:elite4:菊子,gen9,elite4:关都地区:菊子:3,菊子,4,2,scyther,Scyther,5,5,tier4,representative-exact-tier
elite4:elite4:菊子,gen9,elite4:关都地区:菊子:3,菊子,4,3,gengar,Gengar,6,6,tier4,representative-exact-tier
elite4:elite4:阿渡,none,elite4:关都地区:阿渡:4,阿渡,1,1,dragonite,Dragonite,6,5,tier3,representative-near-tier
elite4:elite4:阿渡,none,elite4:关都地区:阿渡:4,阿渡,1,2,gyarados,Gyarados,6,5,tier4,representative-near-tier
elite4:elite4:阿渡,none,elite4:关都地区:阿渡:4,阿渡,1,3,aerodactyl,Aerodactyl,6,6,tier4,representative-exact-tier
elite4:elite4:阿渡,none,elite4:关都地区:阿渡:4,阿渡,2,1,dragonite,Dragonite,6,5,tier3,representative-near-tier
elite4:elite4:阿渡,none,elite4:关都地区:阿渡:4,阿渡,2,2,gyarados,Gyarados,6,5,tier4,representative-near-tier
elite4:elite4:阿渡,none,elite4:关都地区:阿渡:4,阿渡,2,3,aerodactyl,Aerodactyl,6,6,tier4,representative-exact-tier
elite4:elite4:阿渡,none,elite4:关都地区:阿渡:4,阿渡,3,1,dragonite,Dragonite,6,5,tier3,representative-near-tier
elite4:elite4:阿渡,none,elite4:关都地区:阿渡:4,阿渡,3,2,gyarados,Gyarados,6,5,tier4,representative-near-tier
elite4:elite4:阿渡,none,elite4:关都地区:阿渡:4,阿渡,3,3,aerodactyl,Aerodactyl,6,6,tier4,representative-exact-tier
elite4:elite4:阿渡,none,elite4:关都地区:阿渡:4,阿渡,4,1,dragonite,Dragonite,6,5,tier3,representative-near-tier
elite4:elite4:阿渡,none,elite4:关都地区:阿渡:4,阿渡,4,2,gyarados,Gyarados,6,5,tier4,representative-near-tier
elite4:elite4:阿渡,none,elite4:关都地区:阿渡:4,阿渡,4,3,aerodactyl,Aerodactyl,6,6,tier4,representative-exact-tier
elite4:elite4:阿渡,gen7,elite4:关都地区:阿渡:4,阿渡,1,1,dragonite,Dragonite,6,5,tier3,representative-near-tier
elite4:elite4:阿渡,gen7,elite4:关都地区:阿渡:4,阿渡,1,2,gyarados,Gyarados,6,5,tier4,representative-near-tier
elite4:elite4:阿渡,gen7,elite4:关都地区:阿渡:4,阿渡,1,3,aerodactyl,Aerodactyl,6,6,tier4,representative-exact-tier
elite4:elite4:阿渡,gen7,elite4:关都地区:阿渡:4,阿渡,2,1,dragonite,Dragonite,6,5,tier3,representative-near-tier
elite4:elite4:阿渡,gen7,elite4:关都地区:阿渡:4,阿渡,2,2,gyarados,Gyarados,6,5,tier4,representative-near-tier
elite4:elite4:阿渡,gen7,elite4:关都地区:阿渡:4,阿渡,2,3,aerodactyl,Aerodactyl,6,6,tier4,representative-exact-tier
elite4:elite4:阿渡,gen7,elite4:关都地区:阿渡:4,阿渡,3,1,dragonite,Dragonite,6,5,tier3,representative-near-tier
elite4:elite4:阿渡,gen7,elite4:关都地区:阿渡:4,阿渡,3,2,gyarados,Gyarados,6,5,tier4,representative-near-tier
elite4:elite4:阿渡,gen7,elite4:关都地区:阿渡:4,阿渡,3,3,aerodactyl,Aerodactyl,6,6,tier4,representative-exact-tier
elite4:elite4:阿渡,gen7,elite4:关都地区:阿渡:4,阿渡,4,1,dragonite,Dragonite,6,5,tier3,representative-near-tier
elite4:elite4:阿渡,gen7,elite4:关都地区:阿渡:4,阿渡,4,2,gyarados,Gyarados,6,5,tier4,representative-near-tier
elite4:elite4:阿渡,gen7,elite4:关都地区:阿渡:4,阿渡,4,3,aerodactyl,Aerodactyl,6,6,tier4,representative-exact-tier
elite4:elite4:阿渡,gen8,elite4:关都地区:阿渡:4,阿渡,1,1,dragonite,Dragonite,6,5,tier3,representative-near-tier
elite4:elite4:阿渡,gen8,elite4:关都地区:阿渡:4,阿渡,1,2,gyarados,Gyarados,6,5,tier4,representative-near-tier
elite4:elite4:阿渡,gen8,elite4:关都地区:阿渡:4,阿渡,1,3,blastoise,Blastoise,6,6,tier4,gmax-system-fill-theme
elite4:elite4:阿渡,gen8,elite4:关都地区:阿渡:4,阿渡,2,1,dragonite,Dragonite,6,5,tier3,representative-near-tier
elite4:elite4:阿渡,gen8,elite4:关都地区:阿渡:4,阿渡,2,2,gyarados,Gyarados,6,5,tier4,representative-near-tier
elite4:elite4:阿渡,gen8,elite4:关都地区:阿渡:4,阿渡,2,3,blastoise,Blastoise,6,6,tier4,gmax-system-fill-theme
elite4:elite4:阿渡,gen8,elite4:关都地区:阿渡:4,阿渡,3,1,dragonite,Dragonite,6,5,tier3,representative-near-tier
elite4:elite4:阿渡,gen8,elite4:关都地区:阿渡:4,阿渡,3,2,gyarados,Gyarados,6,5,tier4,representative-near-tier
elite4:elite4:阿渡,gen8,elite4:关都地区:阿渡:4,阿渡,3,3,blastoise,Blastoise,6,6,tier4,gmax-system-fill-theme
elite4:elite4:阿渡,gen8,elite4:关都地区:阿渡:4,阿渡,4,1,dragonite,Dragonite,6,5,tier3,representative-near-tier
elite4:elite4:阿渡,gen8,elite4:关都地区:阿渡:4,阿渡,4,2,gyarados,Gyarados,6,5,tier4,representative-near-tier
elite4:elite4:阿渡,gen8,elite4:关都地区:阿渡:4,阿渡,4,3,blastoise,Blastoise,6,6,tier4,gmax-system-fill-theme
elite4:elite4:阿渡,gen9,elite4:关都地区:阿渡:4,阿渡,1,1,dragonite,Dragonite,6,5,tier3,representative-near-tier
elite4:elite4:阿渡,gen9,elite4:关都地区:阿渡:4,阿渡,1,2,gyarados,Gyarados,6,5,tier4,representative-near-tier
elite4:elite4:阿渡,gen9,elite4:关都地区:阿渡:4,阿渡,1,3,aerodactyl,Aerodactyl,6,6,tier4,representative-exact-tier
elite4:elite4:阿渡,gen9,elite4:关都地区:阿渡:4,阿渡,2,1,dragonite,Dragonite,6,5,tier3,representative-near-tier
elite4:elite4:阿渡,gen9,elite4:关都地区:阿渡:4,阿渡,2,2,gyarados,Gyarados,6,5,tier4,representative-near-tier
elite4:elite4:阿渡,gen9,elite4:关都地区:阿渡:4,阿渡,2,3,aerodactyl,Aerodactyl,6,6,tier4,representative-exact-tier
elite4:elite4:阿渡,gen9,elite4:关都地区:阿渡:4,阿渡,3,1,dragonite,Dragonite,6,5,tier3,representative-near-tier
elite4:elite4:阿渡,gen9,elite4:关都地区:阿渡:4,阿渡,3,2,gyarados,Gyarados,6,5,tier4,representative-near-tier
elite4:elite4:阿渡,gen9,elite4:关都地区:阿渡:4,阿渡,3,3,aerodactyl,Aerodactyl,6,6,tier4,representative-exact-tier
elite4:elite4:阿渡,gen9,elite4:关都地区:阿渡:4,阿渡,4,1,dragonite,Dragonite,6,5,tier3,representative-near-tier
elite4:elite4:阿渡,gen9,elite4:关都地区:阿渡:4,阿渡,4,2,gyarados,Gyarados,6,5,tier4,representative-near-tier
elite4:elite4:阿渡,gen9,elite4:关都地区:阿渡:4,阿渡,4,3,aerodactyl,Aerodactyl,6,6,tier4,representative-exact-tier
champion:champion:小茂-青绿,none,champion:关都地区:小茂-青绿:1,小茂 / 青绿,1,1,pidgeot,Pidgeot,5,5,champion,representative-exact-tier
champion:champion:小茂-青绿,none,champion:关都地区:小茂-青绿:1,小茂 / 青绿,1,2,exeggutor,Exeggutor,6,6,champion,representative-exact-tier
champion:champion:小茂-青绿,none,champion:关都地区:小茂-青绿:1,小茂 / 青绿,1,3,gyarados,Gyarados,6,6,champion,representative-exact-tier
champion:champion:小茂-青绿,none,champion:关都地区:小茂-青绿:1,小茂 / 青绿,2,1,pidgeot,Pidgeot,5,5,champion,representative-exact-tier
champion:champion:小茂-青绿,none,champion:关都地区:小茂-青绿:1,小茂 / 青绿,2,2,exeggutor,Exeggutor,6,6,champion,representative-exact-tier
champion:champion:小茂-青绿,none,champion:关都地区:小茂-青绿:1,小茂 / 青绿,2,3,gyarados,Gyarados,6,6,champion,representative-exact-tier
champion:champion:小茂-青绿,none,champion:关都地区:小茂-青绿:1,小茂 / 青绿,3,1,pidgeot,Pidgeot,5,5,champion,representative-exact-tier
champion:champion:小茂-青绿,none,champion:关都地区:小茂-青绿:1,小茂 / 青绿,3,2,exeggutor,Exeggutor,6,6,champion,representative-exact-tier
champion:champion:小茂-青绿,none,champion:关都地区:小茂-青绿:1,小茂 / 青绿,3,3,gyarados,Gyarados,6,6,champion,representative-exact-tier
champion:champion:小茂-青绿,none,champion:关都地区:小茂-青绿:1,小茂 / 青绿,4,1,pidgeot,Pidgeot,5,5,champion,representative-exact-tier
champion:champion:小茂-青绿,none,champion:关都地区:小茂-青绿:1,小茂 / 青绿,4,2,exeggutor,Exeggutor,6,6,champion,representative-exact-tier
champion:champion:小茂-青绿,none,champion:关都地区:小茂-青绿:1,小茂 / 青绿,4,3,gyarados,Gyarados,6,6,champion,representative-exact-tier
champion:champion:小茂-青绿,gen7,champion:关都地区:小茂-青绿:1,小茂 / 青绿,1,1,pidgeot,Pidgeot,5,5,champion,representative-exact-tier
champion:champion:小茂-青绿,gen7,champion:关都地区:小茂-青绿:1,小茂 / 青绿,1,2,exeggutor,Exeggutor,6,6,champion,representative-exact-tier
champion:champion:小茂-青绿,gen7,champion:关都地区:小茂-青绿:1,小茂 / 青绿,1,3,gyarados,Gyarados,6,6,champion,representative-exact-tier
champion:champion:小茂-青绿,gen7,champion:关都地区:小茂-青绿:1,小茂 / 青绿,2,1,pidgeot,Pidgeot,5,5,champion,representative-exact-tier
champion:champion:小茂-青绿,gen7,champion:关都地区:小茂-青绿:1,小茂 / 青绿,2,2,exeggutor,Exeggutor,6,6,champion,representative-exact-tier
champion:champion:小茂-青绿,gen7,champion:关都地区:小茂-青绿:1,小茂 / 青绿,2,3,gyarados,Gyarados,6,6,champion,representative-exact-tier
champion:champion:小茂-青绿,gen7,champion:关都地区:小茂-青绿:1,小茂 / 青绿,3,1,pidgeot,Pidgeot,5,5,champion,representative-exact-tier
champion:champion:小茂-青绿,gen7,champion:关都地区:小茂-青绿:1,小茂 / 青绿,3,2,exeggutor,Exeggutor,6,6,champion,representative-exact-tier
champion:champion:小茂-青绿,gen7,champion:关都地区:小茂-青绿:1,小茂 / 青绿,3,3,gyarados,Gyarados,6,6,champion,representative-exact-tier
champion:champion:小茂-青绿,gen7,champion:关都地区:小茂-青绿:1,小茂 / 青绿,4,1,pidgeot,Pidgeot,5,5,champion,representative-exact-tier
champion:champion:小茂-青绿,gen7,champion:关都地区:小茂-青绿:1,小茂 / 青绿,4,2,exeggutor,Exeggutor,6,6,champion,representative-exact-tier
champion:champion:小茂-青绿,gen7,champion:关都地区:小茂-青绿:1,小茂 / 青绿,4,3,gyarados,Gyarados,6,6,champion,representative-exact-tier
champion:champion:小茂-青绿,gen8,champion:关都地区:小茂-青绿:1,小茂 / 青绿,1,1,pidgeot,Pidgeot,5,5,champion,representative-exact-tier
champion:champion:小茂-青绿,gen8,champion:关都地区:小茂-青绿:1,小茂 / 青绿,1,2,exeggutor,Exeggutor,6,6,champion,representative-exact-tier
champion:champion:小茂-青绿,gen8,champion:关都地区:小茂-青绿:1,小茂 / 青绿,1,3,blastoise,Blastoise,6,6,champion,gmax-system-fill-theme
champion:champion:小茂-青绿,gen8,champion:关都地区:小茂-青绿:1,小茂 / 青绿,2,1,pidgeot,Pidgeot,5,5,champion,representative-exact-tier
champion:champion:小茂-青绿,gen8,champion:关都地区:小茂-青绿:1,小茂 / 青绿,2,2,exeggutor,Exeggutor,6,6,champion,representative-exact-tier
champion:champion:小茂-青绿,gen8,champion:关都地区:小茂-青绿:1,小茂 / 青绿,2,3,blastoise,Blastoise,6,6,champion,gmax-system-fill-theme
champion:champion:小茂-青绿,gen8,champion:关都地区:小茂-青绿:1,小茂 / 青绿,3,1,pidgeot,Pidgeot,5,5,champion,representative-exact-tier
champion:champion:小茂-青绿,gen8,champion:关都地区:小茂-青绿:1,小茂 / 青绿,3,2,exeggutor,Exeggutor,6,6,champion,representative-exact-tier
champion:champion:小茂-青绿,gen8,champion:关都地区:小茂-青绿:1,小茂 / 青绿,3,3,blastoise,Blastoise,6,6,champion,gmax-system-fill-theme
champion:champion:小茂-青绿,gen8,champion:关都地区:小茂-青绿:1,小茂 / 青绿,4,1,pidgeot,Pidgeot,5,5,champion,representative-exact-tier
champion:champion:小茂-青绿,gen8,champion:关都地区:小茂-青绿:1,小茂 / 青绿,4,2,exeggutor,Exeggutor,6,6,champion,representative-exact-tier
champion:champion:小茂-青绿,gen8,champion:关都地区:小茂-青绿:1,小茂 / 青绿,4,3,blastoise,Blastoise,6,6,champion,gmax-system-fill-theme
champion:champion:小茂-青绿,gen9,champion:关都地区:小茂-青绿:1,小茂 / 青绿,1,1,pidgeot,Pidgeot,5,5,champion,representative-exact-tier
champion:champion:小茂-青绿,gen9,champion:关都地区:小茂-青绿:1,小茂 / 青绿,1,2,exeggutor,Exeggutor,6,6,champion,representative-exact-tier
champion:champion:小茂-青绿,gen9,champion:关都地区:小茂-青绿:1,小茂 / 青绿,1,3,gyarados,Gyarados,6,6,champion,representative-exact-tier
champion:champion:小茂-青绿,gen9,champion:关都地区:小茂-青绿:1,小茂 / 青绿,2,1,pidgeot,Pidgeot,5,5,champion,representative-exact-tier
champion:champion:小茂-青绿,gen9,champion:关都地区:小茂-青绿:1,小茂 / 青绿,2,2,exeggutor,Exeggutor,6,6,champion,representative-exact-tier
champion:champion:小茂-青绿,gen9,champion:关都地区:小茂-青绿:1,小茂 / 青绿,2,3,gyarados,Gyarados,6,6,champion,representative-exact-tier
champion:champion:小茂-青绿,gen9,champion:关都地区:小茂-青绿:1,小茂 / 青绿,3,1,pidgeot,Pidgeot,5,5,champion,representative-exact-tier
champion:champion:小茂-青绿,gen9,champion:关都地区:小茂-青绿:1,小茂 / 青绿,3,2,exeggutor,Exeggutor,6,6,champion,representative-exact-tier
champion:champion:小茂-青绿,gen9,champion:关都地区:小茂-青绿:1,小茂 / 青绿,3,3,gyarados,Gyarados,6,6,champion,representative-exact-tier
champion:champion:小茂-青绿,gen9,champion:关都地区:小茂-青绿:1,小茂 / 青绿,4,1,pidgeot,Pidgeot,5,5,champion,representative-exact-tier
champion:champion:小茂-青绿,gen9,champion:关都地区:小茂-青绿:1,小茂 / 青绿,4,2,exeggutor,Exeggutor,6,6,champion,representative-exact-tier
champion:champion:小茂-青绿,gen9,champion:关都地区:小茂-青绿:1,小茂 / 青绿,4,3,gyarados,Gyarados,6,6,champion,representative-exact-tier
champion:champion:赤红,none,champion:关都地区:赤红:2,赤红,1,1,charizard,Charizard,6,5,champion,representative-near-tier
champion:champion:赤红,none,champion:关都地区:赤红:2,赤红,1,2,venusaur,Venusaur,6,6,champion,representative-exact-tier
champion:champion:赤红,none,champion:关都地区:赤红:2,赤红,1,3,blastoise,Blastoise,6,6,champion,representative-exact-tier
champion:champion:赤红,none,champion:关都地区:赤红:2,赤红,2,1,charizard,Charizard,6,5,champion,representative-near-tier
champion:champion:赤红,none,champion:关都地区:赤红:2,赤红,2,2,venusaur,Venusaur,6,6,champion,representative-exact-tier
champion:champion:赤红,none,champion:关都地区:赤红:2,赤红,2,3,blastoise,Blastoise,6,6,champion,representative-exact-tier
champion:champion:赤红,none,champion:关都地区:赤红:2,赤红,3,1,charizard,Charizard,6,5,champion,representative-near-tier
champion:champion:赤红,none,champion:关都地区:赤红:2,赤红,3,2,venusaur,Venusaur,6,6,champion,representative-exact-tier
champion:champion:赤红,none,champion:关都地区:赤红:2,赤红,3,3,blastoise,Blastoise,6,6,champion,representative-exact-tier
champion:champion:赤红,none,champion:关都地区:赤红:2,赤红,4,1,charizard,Charizard,6,5,champion,representative-near-tier
champion:champion:赤红,none,champion:关都地区:赤红:2,赤红,4,2,venusaur,Venusaur,6,6,champion,representative-exact-tier
champion:champion:赤红,none,champion:关都地区:赤红:2,赤红,4,3,blastoise,Blastoise,6,6,champion,representative-exact-tier
champion:champion:赤红,gen7,champion:关都地区:赤红:2,赤红,1,1,charizard,Charizard,6,5,champion,representative-near-tier
champion:champion:赤红,gen7,champion:关都地区:赤红:2,赤红,1,2,venusaur,Venusaur,6,6,champion,representative-exact-tier
champion:champion:赤红,gen7,champion:关都地区:赤红:2,赤红,1,3,blastoise,Blastoise,6,6,champion,representative-exact-tier
champion:champion:赤红,gen7,champion:关都地区:赤红:2,赤红,2,1,charizard,Charizard,6,5,champion,representative-near-tier
champion:champion:赤红,gen7,champion:关都地区:赤红:2,赤红,2,2,venusaur,Venusaur,6,6,champion,representative-exact-tier
champion:champion:赤红,gen7,champion:关都地区:赤红:2,赤红,2,3,blastoise,Blastoise,6,6,champion,representative-exact-tier
champion:champion:赤红,gen7,champion:关都地区:赤红:2,赤红,3,1,charizard,Charizard,6,5,champion,representative-near-tier
champion:champion:赤红,gen7,champion:关都地区:赤红:2,赤红,3,2,venusaur,Venusaur,6,6,champion,representative-exact-tier
champion:champion:赤红,gen7,champion:关都地区:赤红:2,赤红,3,3,blastoise,Blastoise,6,6,champion,representative-exact-tier
champion:champion:赤红,gen7,champion:关都地区:赤红:2,赤红,4,1,charizard,Charizard,6,5,champion,representative-near-tier
champion:champion:赤红,gen7,champion:关都地区:赤红:2,赤红,4,2,venusaur,Venusaur,6,6,champion,representative-exact-tier
champion:champion:赤红,gen7,champion:关都地区:赤红:2,赤红,4,3,blastoise,Blastoise,6,6,champion,representative-exact-tier
champion:champion:赤红,gen8,champion:关都地区:赤红:2,赤红,1,1,charizard,Charizard,6,5,champion,representative-near-tier
champion:champion:赤红,gen8,champion:关都地区:赤红:2,赤红,1,2,venusaur,Venusaur,6,6,champion,representative-exact-tier
champion:champion:赤红,gen8,champion:关都地区:赤红:2,赤红,1,3,blastoise,Blastoise,6,6,champion,representative-exact-tier
champion:champion:赤红,gen8,champion:关都地区:赤红:2,赤红,2,1,charizard,Charizard,6,5,champion,representative-near-tier
champion:champion:赤红,gen8,champion:关都地区:赤红:2,赤红,2,2,venusaur,Venusaur,6,6,champion,representative-exact-tier
champion:champion:赤红,gen8,champion:关都地区:赤红:2,赤红,2,3,blastoise,Blastoise,6,6,champion,representative-exact-tier
champion:champion:赤红,gen8,champion:关都地区:赤红:2,赤红,3,1,charizard,Charizard,6,5,champion,representative-near-tier
champion:champion:赤红,gen8,champion:关都地区:赤红:2,赤红,3,2,venusaur,Venusaur,6,6,champion,representative-exact-tier
champion:champion:赤红,gen8,champion:关都地区:赤红:2,赤红,3,3,blastoise,Blastoise,6,6,champion,representative-exact-tier
champion:champion:赤红,gen8,champion:关都地区:赤红:2,赤红,4,1,charizard,Charizard,6,5,champion,representative-near-tier
champion:champion:赤红,gen8,champion:关都地区:赤红:2,赤红,4,2,venusaur,Venusaur,6,6,champion,representative-exact-tier
champion:champion:赤红,gen8,champion:关都地区:赤红:2,赤红,4,3,blastoise,Blastoise,6,6,champion,representative-exact-tier
champion:champion:赤红,gen9,champion:关都地区:赤红:2,赤红,1,1,charizard,Charizard,6,5,champion,representative-near-tier
champion:champion:赤红,gen9,champion:关都地区:赤红:2,赤红,1,2,venusaur,Venusaur,6,6,champion,representative-exact-tier
champion:champion:赤红,gen9,champion:关都地区:赤红:2,赤红,1,3,blastoise,Blastoise,6,6,champion,representative-exact-tier
champion:champion:赤红,gen9,champion:关都地区:赤红:2,赤红,2,1,charizard,Charizard,6,5,champion,representative-near-tier
champion:champion:赤红,gen9,champion:关都地区:赤红:2,赤红,2,2,venusaur,Venusaur,6,6,champion,representative-exact-tier
champion:champion:赤红,gen9,champion:关都地区:赤红:2,赤红,2,3,blastoise,Blastoise,6,6,champion,representative-exact-tier
champion:champion:赤红,gen9,champion:关都地区:赤红:2,赤红,3,1,charizard,Charizard,6,5,champion,representative-near-tier
champion:champion:赤红,gen9,champion:关都地区:赤红:2,赤红,3,2,venusaur,Venusaur,6,6,champion,representative-exact-tier
champion:champion:赤红,gen9,champion:关都地区:赤红:2,赤红,3,3,blastoise,Blastoise,6,6,champion,representative-exact-tier
champion:champion:赤红,gen9,champion:关都地区:赤红:2,赤红,4,1,charizard,Charizard,6,5,champion,representative-near-tier
champion:champion:赤红,gen9,champion:关都地区:赤红:2,赤红,4,2,venusaur,Venusaur,6,6,champion,representative-exact-tier
champion:champion:赤红,gen9,champion:关都地区:赤红:2,赤红,4,3,blastoise,Blastoise,6,6,champion,representative-exact-tier
gym:tier1:阿速,none,gym:城都地区:阿速:1,阿速,1,1,pelipper,Pelipper,4,4,tier1,representative-exact-tier
gym:tier1:阿速,none,gym:城都地区:阿速:1,阿速,1,2,noctowl,Noctowl,4,4,tier2,representative-exact-tier
gym:tier1:阿速,none,gym:城都地区:阿速:1,阿速,1,3,pidgeot,Pidgeot,5,5,tier2,representative-exact-tier
gym:tier1:阿速,none,gym:城都地区:阿速:1,阿速,2,1,pelipper,Pelipper,4,4,tier1,representative-exact-tier
gym:tier1:阿速,none,gym:城都地区:阿速:1,阿速,2,2,noctowl,Noctowl,4,4,tier2,representative-exact-tier
gym:tier1:阿速,none,gym:城都地区:阿速:1,阿速,2,3,pidgeot,Pidgeot,5,5,tier2,representative-exact-tier
gym:tier1:阿速,none,gym:城都地区:阿速:1,阿速,3,1,pelipper,Pelipper,4,4,tier1,representative-exact-tier
gym:tier1:阿速,none,gym:城都地区:阿速:1,阿速,3,2,noctowl,Noctowl,4,4,tier2,representative-exact-tier
gym:tier1:阿速,none,gym:城都地区:阿速:1,阿速,3,3,pidgeot,Pidgeot,5,5,tier2,representative-exact-tier
gym:tier1:阿速,none,gym:城都地区:阿速:1,阿速,4,1,pelipper,Pelipper,4,4,tier1,representative-exact-tier
gym:tier1:阿速,none,gym:城都地区:阿速:1,阿速,4,2,noctowl,Noctowl,4,4,tier2,representative-exact-tier
gym:tier1:阿速,none,gym:城都地区:阿速:1,阿速,4,3,pidgeot,Pidgeot,5,5,tier2,representative-exact-tier
gym:tier1:阿速,gen7,gym:城都地区:阿速:1,阿速,1,1,pelipper,Pelipper,4,4,tier1,representative-exact-tier
gym:tier1:阿速,gen7,gym:城都地区:阿速:1,阿速,1,2,noctowl,Noctowl,4,4,tier2,representative-exact-tier
gym:tier1:阿速,gen7,gym:城都地区:阿速:1,阿速,1,3,pidgeot,Pidgeot,5,5,tier2,representative-exact-tier
gym:tier1:阿速,gen7,gym:城都地区:阿速:1,阿速,2,1,pelipper,Pelipper,4,4,tier1,representative-exact-tier
gym:tier1:阿速,gen7,gym:城都地区:阿速:1,阿速,2,2,noctowl,Noctowl,4,4,tier2,representative-exact-tier
gym:tier1:阿速,gen7,gym:城都地区:阿速:1,阿速,2,3,pidgeot,Pidgeot,5,5,tier2,representative-exact-tier
gym:tier1:阿速,gen7,gym:城都地区:阿速:1,阿速,3,1,pelipper,Pelipper,4,4,tier1,representative-exact-tier
gym:tier1:阿速,gen7,gym:城都地区:阿速:1,阿速,3,2,noctowl,Noctowl,4,4,tier2,representative-exact-tier
gym:tier1:阿速,gen7,gym:城都地区:阿速:1,阿速,3,3,pidgeot,Pidgeot,5,5,tier2,representative-exact-tier
gym:tier1:阿速,gen7,gym:城都地区:阿速:1,阿速,4,1,pelipper,Pelipper,4,4,tier1,representative-exact-tier
gym:tier1:阿速,gen7,gym:城都地区:阿速:1,阿速,4,2,noctowl,Noctowl,4,4,tier2,representative-exact-tier
gym:tier1:阿速,gen7,gym:城都地区:阿速:1,阿速,4,3,pidgeot,Pidgeot,5,5,tier2,representative-exact-tier
gym:tier1:阿速,gen8,gym:城都地区:阿速:1,阿速,1,1,pelipper,Pelipper,4,4,tier1,representative-exact-tier
gym:tier1:阿速,gen8,gym:城都地区:阿速:1,阿速,1,2,noctowl,Noctowl,4,4,tier2,representative-exact-tier
gym:tier1:阿速,gen8,gym:城都地区:阿速:1,阿速,1,3,grimmsnarl,Grimmsnarl,5,5,tier2,gmax-system-fill-theme
gym:tier1:阿速,gen8,gym:城都地区:阿速:1,阿速,2,1,pelipper,Pelipper,4,4,tier1,representative-exact-tier
gym:tier1:阿速,gen8,gym:城都地区:阿速:1,阿速,2,2,noctowl,Noctowl,4,4,tier2,representative-exact-tier
gym:tier1:阿速,gen8,gym:城都地区:阿速:1,阿速,2,3,grimmsnarl,Grimmsnarl,5,5,tier2,gmax-system-fill-theme
gym:tier1:阿速,gen8,gym:城都地区:阿速:1,阿速,3,1,pelipper,Pelipper,4,4,tier1,representative-exact-tier
gym:tier1:阿速,gen8,gym:城都地区:阿速:1,阿速,3,2,noctowl,Noctowl,4,4,tier2,representative-exact-tier
gym:tier1:阿速,gen8,gym:城都地区:阿速:1,阿速,3,3,grimmsnarl,Grimmsnarl,5,5,tier2,gmax-system-fill-theme
gym:tier1:阿速,gen8,gym:城都地区:阿速:1,阿速,4,1,pelipper,Pelipper,4,4,tier1,representative-exact-tier
gym:tier1:阿速,gen8,gym:城都地区:阿速:1,阿速,4,2,noctowl,Noctowl,4,4,tier2,representative-exact-tier
gym:tier1:阿速,gen8,gym:城都地区:阿速:1,阿速,4,3,grimmsnarl,Grimmsnarl,5,5,tier2,gmax-system-fill-theme
gym:tier1:阿速,gen9,gym:城都地区:阿速:1,阿速,1,1,pelipper,Pelipper,4,4,tier1,representative-exact-tier
gym:tier1:阿速,gen9,gym:城都地区:阿速:1,阿速,1,2,noctowl,Noctowl,4,4,tier2,representative-exact-tier
gym:tier1:阿速,gen9,gym:城都地区:阿速:1,阿速,1,3,pidgeot,Pidgeot,5,5,tier2,representative-exact-tier
gym:tier1:阿速,gen9,gym:城都地区:阿速:1,阿速,2,1,pelipper,Pelipper,4,4,tier1,representative-exact-tier
gym:tier1:阿速,gen9,gym:城都地区:阿速:1,阿速,2,2,noctowl,Noctowl,4,4,tier2,representative-exact-tier
gym:tier1:阿速,gen9,gym:城都地区:阿速:1,阿速,2,3,pidgeot,Pidgeot,5,5,tier2,representative-exact-tier
gym:tier1:阿速,gen9,gym:城都地区:阿速:1,阿速,3,1,pelipper,Pelipper,4,4,tier1,representative-exact-tier
gym:tier1:阿速,gen9,gym:城都地区:阿速:1,阿速,3,2,noctowl,Noctowl,4,4,tier2,representative-exact-tier
gym:tier1:阿速,gen9,gym:城都地区:阿速:1,阿速,3,3,pidgeot,Pidgeot,5,5,tier2,representative-exact-tier
gym:tier1:阿速,gen9,gym:城都地区:阿速:1,阿速,4,1,pelipper,Pelipper,4,4,tier1,representative-exact-tier
gym:tier1:阿速,gen9,gym:城都地区:阿速:1,阿速,4,2,noctowl,Noctowl,4,4,tier2,representative-exact-tier
gym:tier1:阿速,gen9,gym:城都地区:阿速:1,阿速,4,3,pidgeot,Pidgeot,5,5,tier2,representative-exact-tier
gym:tier1:阿笔,none,gym:城都地区:阿笔:2,阿笔,1,1,vespiquen,Vespiquen,4,4,tier1,representative-exact-tier
gym:tier1:阿笔,none,gym:城都地区:阿笔:2,阿笔,1,2,scyther,Scyther,5,4,tier2,representative-near-tier
gym:tier1:阿笔,none,gym:城都地区:阿笔:2,阿笔,1,3,pinsir,Pinsir,5,5,tier2,representative-exact-tier
gym:tier1:阿笔,none,gym:城都地区:阿笔:2,阿笔,2,1,vespiquen,Vespiquen,4,4,tier1,representative-exact-tier
gym:tier1:阿笔,none,gym:城都地区:阿笔:2,阿笔,2,2,scyther,Scyther,5,4,tier2,representative-near-tier
gym:tier1:阿笔,none,gym:城都地区:阿笔:2,阿笔,2,3,pinsir,Pinsir,5,5,tier2,representative-exact-tier
gym:tier1:阿笔,none,gym:城都地区:阿笔:2,阿笔,3,1,vespiquen,Vespiquen,4,4,tier1,representative-exact-tier
gym:tier1:阿笔,none,gym:城都地区:阿笔:2,阿笔,3,2,scyther,Scyther,5,4,tier2,representative-near-tier
gym:tier1:阿笔,none,gym:城都地区:阿笔:2,阿笔,3,3,pinsir,Pinsir,5,5,tier2,representative-exact-tier
gym:tier1:阿笔,none,gym:城都地区:阿笔:2,阿笔,4,1,vespiquen,Vespiquen,4,4,tier1,representative-exact-tier
gym:tier1:阿笔,none,gym:城都地区:阿笔:2,阿笔,4,2,scyther,Scyther,5,4,tier2,representative-near-tier
gym:tier1:阿笔,none,gym:城都地区:阿笔:2,阿笔,4,3,pinsir,Pinsir,5,5,tier2,representative-exact-tier
gym:tier1:阿笔,gen7,gym:城都地区:阿笔:2,阿笔,1,1,vespiquen,Vespiquen,4,4,tier1,representative-exact-tier
gym:tier1:阿笔,gen7,gym:城都地区:阿笔:2,阿笔,1,2,scyther,Scyther,5,4,tier2,representative-near-tier
gym:tier1:阿笔,gen7,gym:城都地区:阿笔:2,阿笔,1,3,pinsir,Pinsir,5,5,tier2,representative-exact-tier
gym:tier1:阿笔,gen7,gym:城都地区:阿笔:2,阿笔,2,1,vespiquen,Vespiquen,4,4,tier1,representative-exact-tier
gym:tier1:阿笔,gen7,gym:城都地区:阿笔:2,阿笔,2,2,scyther,Scyther,5,4,tier2,representative-near-tier
gym:tier1:阿笔,gen7,gym:城都地区:阿笔:2,阿笔,2,3,pinsir,Pinsir,5,5,tier2,representative-exact-tier
gym:tier1:阿笔,gen7,gym:城都地区:阿笔:2,阿笔,3,1,vespiquen,Vespiquen,4,4,tier1,representative-exact-tier
gym:tier1:阿笔,gen7,gym:城都地区:阿笔:2,阿笔,3,2,scyther,Scyther,5,4,tier2,representative-near-tier
gym:tier1:阿笔,gen7,gym:城都地区:阿笔:2,阿笔,3,3,pinsir,Pinsir,5,5,tier2,representative-exact-tier
gym:tier1:阿笔,gen7,gym:城都地区:阿笔:2,阿笔,4,1,vespiquen,Vespiquen,4,4,tier1,representative-exact-tier
gym:tier1:阿笔,gen7,gym:城都地区:阿笔:2,阿笔,4,2,scyther,Scyther,5,4,tier2,representative-near-tier
gym:tier1:阿笔,gen7,gym:城都地区:阿笔:2,阿笔,4,3,pinsir,Pinsir,5,5,tier2,representative-exact-tier
gym:tier1:阿笔,gen8,gym:城都地区:阿笔:2,阿笔,1,1,vespiquen,Vespiquen,4,4,tier1,representative-exact-tier
gym:tier1:阿笔,gen8,gym:城都地区:阿笔:2,阿笔,1,2,scyther,Scyther,5,4,tier2,representative-near-tier
gym:tier1:阿笔,gen8,gym:城都地区:阿笔:2,阿笔,1,3,centiskorch,Centiskorch,5,5,tier2,gmax-system-fill-theme
gym:tier1:阿笔,gen8,gym:城都地区:阿笔:2,阿笔,2,1,vespiquen,Vespiquen,4,4,tier1,representative-exact-tier
gym:tier1:阿笔,gen8,gym:城都地区:阿笔:2,阿笔,2,2,scyther,Scyther,5,4,tier2,representative-near-tier
gym:tier1:阿笔,gen8,gym:城都地区:阿笔:2,阿笔,2,3,centiskorch,Centiskorch,5,5,tier2,gmax-system-fill-theme
gym:tier1:阿笔,gen8,gym:城都地区:阿笔:2,阿笔,3,1,vespiquen,Vespiquen,4,4,tier1,representative-exact-tier
gym:tier1:阿笔,gen8,gym:城都地区:阿笔:2,阿笔,3,2,scyther,Scyther,5,4,tier2,representative-near-tier
gym:tier1:阿笔,gen8,gym:城都地区:阿笔:2,阿笔,3,3,centiskorch,Centiskorch,5,5,tier2,gmax-system-fill-theme
gym:tier1:阿笔,gen8,gym:城都地区:阿笔:2,阿笔,4,1,vespiquen,Vespiquen,4,4,tier1,representative-exact-tier
gym:tier1:阿笔,gen8,gym:城都地区:阿笔:2,阿笔,4,2,scyther,Scyther,5,4,tier2,representative-near-tier
gym:tier1:阿笔,gen8,gym:城都地区:阿笔:2,阿笔,4,3,centiskorch,Centiskorch,5,5,tier2,gmax-system-fill-theme
gym:tier1:阿笔,gen9,gym:城都地区:阿笔:2,阿笔,1,1,vespiquen,Vespiquen,4,4,tier1,representative-exact-tier
gym:tier1:阿笔,gen9,gym:城都地区:阿笔:2,阿笔,1,2,scyther,Scyther,5,4,tier2,representative-near-tier
gym:tier1:阿笔,gen9,gym:城都地区:阿笔:2,阿笔,1,3,pinsir,Pinsir,5,5,tier2,representative-exact-tier
gym:tier1:阿笔,gen9,gym:城都地区:阿笔:2,阿笔,2,1,vespiquen,Vespiquen,4,4,tier1,representative-exact-tier
gym:tier1:阿笔,gen9,gym:城都地区:阿笔:2,阿笔,2,2,scyther,Scyther,5,4,tier2,representative-near-tier
gym:tier1:阿笔,gen9,gym:城都地区:阿笔:2,阿笔,2,3,pinsir,Pinsir,5,5,tier2,representative-exact-tier
gym:tier1:阿笔,gen9,gym:城都地区:阿笔:2,阿笔,3,1,vespiquen,Vespiquen,4,4,tier1,representative-exact-tier
gym:tier1:阿笔,gen9,gym:城都地区:阿笔:2,阿笔,3,2,scyther,Scyther,5,4,tier2,representative-near-tier
gym:tier1:阿笔,gen9,gym:城都地区:阿笔:2,阿笔,3,3,pinsir,Pinsir,5,5,tier2,representative-exact-tier
gym:tier1:阿笔,gen9,gym:城都地区:阿笔:2,阿笔,4,1,vespiquen,Vespiquen,4,4,tier1,representative-exact-tier
gym:tier1:阿笔,gen9,gym:城都地区:阿笔:2,阿笔,4,2,scyther,Scyther,5,4,tier2,representative-near-tier
gym:tier1:阿笔,gen9,gym:城都地区:阿笔:2,阿笔,4,3,pinsir,Pinsir,5,5,tier2,representative-exact-tier
gym:tier1:小茜,none,gym:城都地区:小茜:3,小茜,1,1,bibarel,Bibarel,4,4,tier1,representative-exact-tier
gym:tier1:小茜,none,gym:城都地区:小茜:3,小茜,1,2,miltank,Miltank,5,4,tier2,representative-near-tier
gym:tier1:小茜,none,gym:城都地区:小茜:3,小茜,1,3,clefable,Clefable,5,5,tier2,representative-exact-tier
gym:tier1:小茜,none,gym:城都地区:小茜:3,小茜,2,1,bibarel,Bibarel,4,4,tier1,representative-exact-tier
gym:tier1:小茜,none,gym:城都地区:小茜:3,小茜,2,2,miltank,Miltank,5,4,tier2,representative-near-tier
gym:tier1:小茜,none,gym:城都地区:小茜:3,小茜,2,3,clefable,Clefable,5,5,tier2,representative-exact-tier
gym:tier1:小茜,none,gym:城都地区:小茜:3,小茜,3,1,bibarel,Bibarel,4,4,tier1,representative-exact-tier
gym:tier1:小茜,none,gym:城都地区:小茜:3,小茜,3,2,miltank,Miltank,5,4,tier2,representative-near-tier
gym:tier1:小茜,none,gym:城都地区:小茜:3,小茜,3,3,clefable,Clefable,5,5,tier2,representative-exact-tier
gym:tier1:小茜,none,gym:城都地区:小茜:3,小茜,4,1,bibarel,Bibarel,4,4,tier1,representative-exact-tier
gym:tier1:小茜,none,gym:城都地区:小茜:3,小茜,4,2,miltank,Miltank,5,4,tier2,representative-near-tier
gym:tier1:小茜,none,gym:城都地区:小茜:3,小茜,4,3,clefable,Clefable,5,5,tier2,representative-exact-tier
gym:tier1:小茜,gen7,gym:城都地区:小茜:3,小茜,1,1,bibarel,Bibarel,4,4,tier1,representative-exact-tier
gym:tier1:小茜,gen7,gym:城都地区:小茜:3,小茜,1,2,miltank,Miltank,5,4,tier2,representative-near-tier
gym:tier1:小茜,gen7,gym:城都地区:小茜:3,小茜,1,3,kangaskhan,Kangaskhan,5,5,tier2,mega-system-fill-theme
gym:tier1:小茜,gen7,gym:城都地区:小茜:3,小茜,2,1,bibarel,Bibarel,4,4,tier1,representative-exact-tier
gym:tier1:小茜,gen7,gym:城都地区:小茜:3,小茜,2,2,miltank,Miltank,5,4,tier2,representative-near-tier
gym:tier1:小茜,gen7,gym:城都地区:小茜:3,小茜,2,3,kangaskhan,Kangaskhan,5,5,tier2,mega-system-fill-theme
gym:tier1:小茜,gen7,gym:城都地区:小茜:3,小茜,3,1,bibarel,Bibarel,4,4,tier1,representative-exact-tier
gym:tier1:小茜,gen7,gym:城都地区:小茜:3,小茜,3,2,miltank,Miltank,5,4,tier2,representative-near-tier
gym:tier1:小茜,gen7,gym:城都地区:小茜:3,小茜,3,3,kangaskhan,Kangaskhan,5,5,tier2,mega-system-fill-theme
gym:tier1:小茜,gen7,gym:城都地区:小茜:3,小茜,4,1,bibarel,Bibarel,4,4,tier1,representative-exact-tier
gym:tier1:小茜,gen7,gym:城都地区:小茜:3,小茜,4,2,miltank,Miltank,5,4,tier2,representative-near-tier
gym:tier1:小茜,gen7,gym:城都地区:小茜:3,小茜,4,3,kangaskhan,Kangaskhan,5,5,tier2,mega-system-fill-theme
gym:tier1:小茜,gen8,gym:城都地区:小茜:3,小茜,1,1,bibarel,Bibarel,4,4,tier1,representative-exact-tier
gym:tier1:小茜,gen8,gym:城都地区:小茜:3,小茜,1,2,miltank,Miltank,5,4,tier2,representative-near-tier
gym:tier1:小茜,gen8,gym:城都地区:小茜:3,小茜,1,3,garbodor,Garbodor,5,5,tier2,gmax-system-fill-theme
gym:tier1:小茜,gen8,gym:城都地区:小茜:3,小茜,2,1,bibarel,Bibarel,4,4,tier1,representative-exact-tier
gym:tier1:小茜,gen8,gym:城都地区:小茜:3,小茜,2,2,miltank,Miltank,5,4,tier2,representative-near-tier
gym:tier1:小茜,gen8,gym:城都地区:小茜:3,小茜,2,3,garbodor,Garbodor,5,5,tier2,gmax-system-fill-theme
gym:tier1:小茜,gen8,gym:城都地区:小茜:3,小茜,3,1,bibarel,Bibarel,4,4,tier1,representative-exact-tier
gym:tier1:小茜,gen8,gym:城都地区:小茜:3,小茜,3,2,miltank,Miltank,5,4,tier2,representative-near-tier
gym:tier1:小茜,gen8,gym:城都地区:小茜:3,小茜,3,3,garbodor,Garbodor,5,5,tier2,gmax-system-fill-theme
gym:tier1:小茜,gen8,gym:城都地区:小茜:3,小茜,4,1,bibarel,Bibarel,4,4,tier1,representative-exact-tier
gym:tier1:小茜,gen8,gym:城都地区:小茜:3,小茜,4,2,miltank,Miltank,5,4,tier2,representative-near-tier
gym:tier1:小茜,gen8,gym:城都地区:小茜:3,小茜,4,3,garbodor,Garbodor,5,5,tier2,gmax-system-fill-theme
gym:tier1:小茜,gen9,gym:城都地区:小茜:3,小茜,1,1,bibarel,Bibarel,4,4,tier1,representative-exact-tier
gym:tier1:小茜,gen9,gym:城都地区:小茜:3,小茜,1,2,miltank,Miltank,5,4,tier2,representative-near-tier
gym:tier1:小茜,gen9,gym:城都地区:小茜:3,小茜,1,3,clefable,Clefable,5,5,tier2,representative-exact-tier
gym:tier1:小茜,gen9,gym:城都地区:小茜:3,小茜,2,1,bibarel,Bibarel,4,4,tier1,representative-exact-tier
gym:tier1:小茜,gen9,gym:城都地区:小茜:3,小茜,2,2,miltank,Miltank,5,4,tier2,representative-near-tier
gym:tier1:小茜,gen9,gym:城都地区:小茜:3,小茜,2,3,clefable,Clefable,5,5,tier2,representative-exact-tier
gym:tier1:小茜,gen9,gym:城都地区:小茜:3,小茜,3,1,bibarel,Bibarel,4,4,tier1,representative-exact-tier
gym:tier1:小茜,gen9,gym:城都地区:小茜:3,小茜,3,2,miltank,Miltank,5,4,tier2,representative-near-tier
gym:tier1:小茜,gen9,gym:城都地区:小茜:3,小茜,3,3,clefable,Clefable,5,5,tier2,representative-exact-tier
gym:tier1:小茜,gen9,gym:城都地区:小茜:3,小茜,4,1,bibarel,Bibarel,4,4,tier1,representative-exact-tier
gym:tier1:小茜,gen9,gym:城都地区:小茜:3,小茜,4,2,miltank,Miltank,5,4,tier2,representative-near-tier
gym:tier1:小茜,gen9,gym:城都地区:小茜:3,小茜,4,3,clefable,Clefable,5,5,tier2,representative-exact-tier
gym:tier2:松叶,none,gym:城都地区:松叶:4,松叶,1,1,gengar,Gengar,6,4,tier2,representative-near-tier
gym:tier2:松叶,none,gym:城都地区:松叶:4,松叶,1,2,drifblim,Drifblim,5,5,tier3,representative-exact-tier
gym:tier2:松叶,none,gym:城都地区:松叶:4,松叶,1,3,mismagius,Mismagius,5,5,tier3,representative-exact-tier
gym:tier2:松叶,none,gym:城都地区:松叶:4,松叶,2,1,gengar,Gengar,6,4,tier2,representative-near-tier
gym:tier2:松叶,none,gym:城都地区:松叶:4,松叶,2,2,drifblim,Drifblim,5,5,tier3,representative-exact-tier
gym:tier2:松叶,none,gym:城都地区:松叶:4,松叶,2,3,mismagius,Mismagius,5,5,tier3,representative-exact-tier
gym:tier2:松叶,none,gym:城都地区:松叶:4,松叶,3,1,gengar,Gengar,6,4,tier2,representative-near-tier
gym:tier2:松叶,none,gym:城都地区:松叶:4,松叶,3,2,drifblim,Drifblim,5,5,tier3,representative-exact-tier
gym:tier2:松叶,none,gym:城都地区:松叶:4,松叶,3,3,mismagius,Mismagius,5,5,tier3,representative-exact-tier
gym:tier2:松叶,none,gym:城都地区:松叶:4,松叶,4,1,gengar,Gengar,6,4,tier2,representative-near-tier
gym:tier2:松叶,none,gym:城都地区:松叶:4,松叶,4,2,drifblim,Drifblim,5,5,tier3,representative-exact-tier
gym:tier2:松叶,none,gym:城都地区:松叶:4,松叶,4,3,mismagius,Mismagius,5,5,tier3,representative-exact-tier
gym:tier2:松叶,gen7,gym:城都地区:松叶:4,松叶,1,1,gengar,Gengar,6,4,tier2,representative-near-tier
gym:tier2:松叶,gen7,gym:城都地区:松叶:4,松叶,1,2,drifblim,Drifblim,5,5,tier3,representative-exact-tier
gym:tier2:松叶,gen7,gym:城都地区:松叶:4,松叶,1,3,mismagius,Mismagius,5,5,tier3,representative-exact-tier
gym:tier2:松叶,gen7,gym:城都地区:松叶:4,松叶,2,1,gengar,Gengar,6,4,tier2,representative-near-tier
gym:tier2:松叶,gen7,gym:城都地区:松叶:4,松叶,2,2,drifblim,Drifblim,5,5,tier3,representative-exact-tier
gym:tier2:松叶,gen7,gym:城都地区:松叶:4,松叶,2,3,mismagius,Mismagius,5,5,tier3,representative-exact-tier
gym:tier2:松叶,gen7,gym:城都地区:松叶:4,松叶,3,1,gengar,Gengar,6,4,tier2,representative-near-tier
gym:tier2:松叶,gen7,gym:城都地区:松叶:4,松叶,3,2,drifblim,Drifblim,5,5,tier3,representative-exact-tier
gym:tier2:松叶,gen7,gym:城都地区:松叶:4,松叶,3,3,mismagius,Mismagius,5,5,tier3,representative-exact-tier
gym:tier2:松叶,gen7,gym:城都地区:松叶:4,松叶,4,1,gengar,Gengar,6,4,tier2,representative-near-tier
gym:tier2:松叶,gen7,gym:城都地区:松叶:4,松叶,4,2,drifblim,Drifblim,5,5,tier3,representative-exact-tier
gym:tier2:松叶,gen7,gym:城都地区:松叶:4,松叶,4,3,mismagius,Mismagius,5,5,tier3,representative-exact-tier
gym:tier2:松叶,gen8,gym:城都地区:松叶:4,松叶,1,1,gengar,Gengar,6,4,tier2,representative-near-tier
gym:tier2:松叶,gen8,gym:城都地区:松叶:4,松叶,1,2,drifblim,Drifblim,5,5,tier3,representative-exact-tier
gym:tier2:松叶,gen8,gym:城都地区:松叶:4,松叶,1,3,mismagius,Mismagius,5,5,tier3,representative-exact-tier
gym:tier2:松叶,gen8,gym:城都地区:松叶:4,松叶,2,1,gengar,Gengar,6,4,tier2,representative-near-tier
gym:tier2:松叶,gen8,gym:城都地区:松叶:4,松叶,2,2,drifblim,Drifblim,5,5,tier3,representative-exact-tier
gym:tier2:松叶,gen8,gym:城都地区:松叶:4,松叶,2,3,mismagius,Mismagius,5,5,tier3,representative-exact-tier
gym:tier2:松叶,gen8,gym:城都地区:松叶:4,松叶,3,1,gengar,Gengar,6,4,tier2,representative-near-tier
gym:tier2:松叶,gen8,gym:城都地区:松叶:4,松叶,3,2,drifblim,Drifblim,5,5,tier3,representative-exact-tier
gym:tier2:松叶,gen8,gym:城都地区:松叶:4,松叶,3,3,mismagius,Mismagius,5,5,tier3,representative-exact-tier
gym:tier2:松叶,gen8,gym:城都地区:松叶:4,松叶,4,1,gengar,Gengar,6,4,tier2,representative-near-tier
gym:tier2:松叶,gen8,gym:城都地区:松叶:4,松叶,4,2,drifblim,Drifblim,5,5,tier3,representative-exact-tier
gym:tier2:松叶,gen8,gym:城都地区:松叶:4,松叶,4,3,mismagius,Mismagius,5,5,tier3,representative-exact-tier
gym:tier2:松叶,gen9,gym:城都地区:松叶:4,松叶,1,1,gengar,Gengar,6,4,tier2,representative-near-tier
gym:tier2:松叶,gen9,gym:城都地区:松叶:4,松叶,1,2,drifblim,Drifblim,5,5,tier3,representative-exact-tier
gym:tier2:松叶,gen9,gym:城都地区:松叶:4,松叶,1,3,mismagius,Mismagius,5,5,tier3,representative-exact-tier
gym:tier2:松叶,gen9,gym:城都地区:松叶:4,松叶,2,1,gengar,Gengar,6,4,tier2,representative-near-tier
gym:tier2:松叶,gen9,gym:城都地区:松叶:4,松叶,2,2,drifblim,Drifblim,5,5,tier3,representative-exact-tier
gym:tier2:松叶,gen9,gym:城都地区:松叶:4,松叶,2,3,mismagius,Mismagius,5,5,tier3,representative-exact-tier
gym:tier2:松叶,gen9,gym:城都地区:松叶:4,松叶,3,1,gengar,Gengar,6,4,tier2,representative-near-tier
gym:tier2:松叶,gen9,gym:城都地区:松叶:4,松叶,3,2,drifblim,Drifblim,5,5,tier3,representative-exact-tier
gym:tier2:松叶,gen9,gym:城都地区:松叶:4,松叶,3,3,mismagius,Mismagius,5,5,tier3,representative-exact-tier
gym:tier2:松叶,gen9,gym:城都地区:松叶:4,松叶,4,1,gengar,Gengar,6,4,tier2,representative-near-tier
gym:tier2:松叶,gen9,gym:城都地区:松叶:4,松叶,4,2,drifblim,Drifblim,5,5,tier3,representative-exact-tier
gym:tier2:松叶,gen9,gym:城都地区:松叶:4,松叶,4,3,mismagius,Mismagius,5,5,tier3,representative-exact-tier
gym:tier2:阿四,none,gym:城都地区:阿四:5,阿四,1,1,primeape,Primeape,4,4,tier2,representative-exact-tier
gym:tier2:阿四,none,gym:城都地区:阿四:5,阿四,1,2,poliwrath,Poliwrath,5,5,tier3,representative-exact-tier
gym:tier2:阿四,none,gym:城都地区:阿四:5,阿四,1,3,breloom,Breloom,5,5,tier3,representative-exact-tier
gym:tier2:阿四,none,gym:城都地区:阿四:5,阿四,2,1,primeape,Primeape,4,4,tier2,representative-exact-tier
gym:tier2:阿四,none,gym:城都地区:阿四:5,阿四,2,2,poliwrath,Poliwrath,5,5,tier3,representative-exact-tier
gym:tier2:阿四,none,gym:城都地区:阿四:5,阿四,2,3,breloom,Breloom,5,5,tier3,representative-exact-tier
gym:tier2:阿四,none,gym:城都地区:阿四:5,阿四,3,1,primeape,Primeape,4,4,tier2,representative-exact-tier
gym:tier2:阿四,none,gym:城都地区:阿四:5,阿四,3,2,poliwrath,Poliwrath,5,5,tier3,representative-exact-tier
gym:tier2:阿四,none,gym:城都地区:阿四:5,阿四,3,3,breloom,Breloom,5,5,tier3,representative-exact-tier
gym:tier2:阿四,none,gym:城都地区:阿四:5,阿四,4,1,primeape,Primeape,4,4,tier2,representative-exact-tier
gym:tier2:阿四,none,gym:城都地区:阿四:5,阿四,4,2,poliwrath,Poliwrath,5,5,tier3,representative-exact-tier
gym:tier2:阿四,none,gym:城都地区:阿四:5,阿四,4,3,breloom,Breloom,5,5,tier3,representative-exact-tier
gym:tier2:阿四,gen7,gym:城都地区:阿四:5,阿四,1,1,primeape,Primeape,4,4,tier2,representative-exact-tier
gym:tier2:阿四,gen7,gym:城都地区:阿四:5,阿四,1,2,poliwrath,Poliwrath,5,5,tier3,representative-exact-tier
gym:tier2:阿四,gen7,gym:城都地区:阿四:5,阿四,1,3,abomasnow,Abomasnow,5,5,tier3,mega-system-fill-theme
gym:tier2:阿四,gen7,gym:城都地区:阿四:5,阿四,2,1,primeape,Primeape,4,4,tier2,representative-exact-tier
gym:tier2:阿四,gen7,gym:城都地区:阿四:5,阿四,2,2,poliwrath,Poliwrath,5,5,tier3,representative-exact-tier
gym:tier2:阿四,gen7,gym:城都地区:阿四:5,阿四,2,3,abomasnow,Abomasnow,5,5,tier3,mega-system-fill-theme
gym:tier2:阿四,gen7,gym:城都地区:阿四:5,阿四,3,1,primeape,Primeape,4,4,tier2,representative-exact-tier
gym:tier2:阿四,gen7,gym:城都地区:阿四:5,阿四,3,2,poliwrath,Poliwrath,5,5,tier3,representative-exact-tier
gym:tier2:阿四,gen7,gym:城都地区:阿四:5,阿四,3,3,abomasnow,Abomasnow,5,5,tier3,mega-system-fill-theme
gym:tier2:阿四,gen7,gym:城都地区:阿四:5,阿四,4,1,primeape,Primeape,4,4,tier2,representative-exact-tier
gym:tier2:阿四,gen7,gym:城都地区:阿四:5,阿四,4,2,poliwrath,Poliwrath,5,5,tier3,representative-exact-tier
gym:tier2:阿四,gen7,gym:城都地区:阿四:5,阿四,4,3,abomasnow,Abomasnow,5,5,tier3,mega-system-fill-theme
gym:tier2:阿四,gen8,gym:城都地区:阿四:5,阿四,1,1,primeape,Primeape,4,4,tier2,representative-exact-tier
gym:tier2:阿四,gen8,gym:城都地区:阿四:5,阿四,1,2,poliwrath,Poliwrath,5,5,tier3,representative-exact-tier
gym:tier2:阿四,gen8,gym:城都地区:阿四:5,阿四,1,3,hatterene,Hatterene,5,5,tier3,gmax-system-fill-theme
gym:tier2:阿四,gen8,gym:城都地区:阿四:5,阿四,2,1,primeape,Primeape,4,4,tier2,representative-exact-tier
gym:tier2:阿四,gen8,gym:城都地区:阿四:5,阿四,2,2,poliwrath,Poliwrath,5,5,tier3,representative-exact-tier
gym:tier2:阿四,gen8,gym:城都地区:阿四:5,阿四,2,3,hatterene,Hatterene,5,5,tier3,gmax-system-fill-theme
gym:tier2:阿四,gen8,gym:城都地区:阿四:5,阿四,3,1,primeape,Primeape,4,4,tier2,representative-exact-tier
gym:tier2:阿四,gen8,gym:城都地区:阿四:5,阿四,3,2,poliwrath,Poliwrath,5,5,tier3,representative-exact-tier
gym:tier2:阿四,gen8,gym:城都地区:阿四:5,阿四,3,3,hatterene,Hatterene,5,5,tier3,gmax-system-fill-theme
gym:tier2:阿四,gen8,gym:城都地区:阿四:5,阿四,4,1,primeape,Primeape,4,4,tier2,representative-exact-tier
gym:tier2:阿四,gen8,gym:城都地区:阿四:5,阿四,4,2,poliwrath,Poliwrath,5,5,tier3,representative-exact-tier
gym:tier2:阿四,gen8,gym:城都地区:阿四:5,阿四,4,3,hatterene,Hatterene,5,5,tier3,gmax-system-fill-theme
gym:tier2:阿四,gen9,gym:城都地区:阿四:5,阿四,1,1,primeape,Primeape,4,4,tier2,representative-exact-tier
gym:tier2:阿四,gen9,gym:城都地区:阿四:5,阿四,1,2,poliwrath,Poliwrath,5,5,tier3,representative-exact-tier
gym:tier2:阿四,gen9,gym:城都地区:阿四:5,阿四,1,3,breloom,Breloom,5,5,tier3,representative-exact-tier
gym:tier2:阿四,gen9,gym:城都地区:阿四:5,阿四,2,1,primeape,Primeape,4,4,tier2,representative-exact-tier
gym:tier2:阿四,gen9,gym:城都地区:阿四:5,阿四,2,2,poliwrath,Poliwrath,5,5,tier3,representative-exact-tier
gym:tier2:阿四,gen9,gym:城都地区:阿四:5,阿四,2,3,breloom,Breloom,5,5,tier3,representative-exact-tier
gym:tier2:阿四,gen9,gym:城都地区:阿四:5,阿四,3,1,primeape,Primeape,4,4,tier2,representative-exact-tier
gym:tier2:阿四,gen9,gym:城都地区:阿四:5,阿四,3,2,poliwrath,Poliwrath,5,5,tier3,representative-exact-tier
gym:tier2:阿四,gen9,gym:城都地区:阿四:5,阿四,3,3,breloom,Breloom,5,5,tier3,representative-exact-tier
gym:tier2:阿四,gen9,gym:城都地区:阿四:5,阿四,4,1,primeape,Primeape,4,4,tier2,representative-exact-tier
gym:tier2:阿四,gen9,gym:城都地区:阿四:5,阿四,4,2,poliwrath,Poliwrath,5,5,tier3,representative-exact-tier
gym:tier2:阿四,gen9,gym:城都地区:阿四:5,阿四,4,3,breloom,Breloom,5,5,tier3,representative-exact-tier
gym:tier2:阿蜜,none,gym:城都地区:阿蜜:6,阿蜜,1,1,steelix,Steelix,6,4,tier2,representative-near-tier
gym:tier2:阿蜜,none,gym:城都地区:阿蜜:6,阿蜜,1,2,bronzong,Bronzong,5,5,tier3,representative-exact-tier
gym:tier2:阿蜜,none,gym:城都地区:阿蜜:6,阿蜜,1,3,skarmory,Skarmory,5,5,tier3,representative-exact-tier
gym:tier2:阿蜜,none,gym:城都地区:阿蜜:6,阿蜜,2,1,steelix,Steelix,6,4,tier2,representative-near-tier
gym:tier2:阿蜜,none,gym:城都地区:阿蜜:6,阿蜜,2,2,bronzong,Bronzong,5,5,tier3,representative-exact-tier
gym:tier2:阿蜜,none,gym:城都地区:阿蜜:6,阿蜜,2,3,skarmory,Skarmory,5,5,tier3,representative-exact-tier
gym:tier2:阿蜜,none,gym:城都地区:阿蜜:6,阿蜜,3,1,steelix,Steelix,6,4,tier2,representative-near-tier
gym:tier2:阿蜜,none,gym:城都地区:阿蜜:6,阿蜜,3,2,bronzong,Bronzong,5,5,tier3,representative-exact-tier
gym:tier2:阿蜜,none,gym:城都地区:阿蜜:6,阿蜜,3,3,skarmory,Skarmory,5,5,tier3,representative-exact-tier
gym:tier2:阿蜜,none,gym:城都地区:阿蜜:6,阿蜜,4,1,steelix,Steelix,6,4,tier2,representative-near-tier
gym:tier2:阿蜜,none,gym:城都地区:阿蜜:6,阿蜜,4,2,bronzong,Bronzong,5,5,tier3,representative-exact-tier
gym:tier2:阿蜜,none,gym:城都地区:阿蜜:6,阿蜜,4,3,skarmory,Skarmory,5,5,tier3,representative-exact-tier
gym:tier2:阿蜜,gen7,gym:城都地区:阿蜜:6,阿蜜,1,1,steelix,Steelix,6,4,tier2,representative-near-tier
gym:tier2:阿蜜,gen7,gym:城都地区:阿蜜:6,阿蜜,1,2,bronzong,Bronzong,5,5,tier3,representative-exact-tier
gym:tier2:阿蜜,gen7,gym:城都地区:阿蜜:6,阿蜜,1,3,skarmory,Skarmory,5,5,tier3,representative-exact-tier
gym:tier2:阿蜜,gen7,gym:城都地区:阿蜜:6,阿蜜,2,1,steelix,Steelix,6,4,tier2,representative-near-tier
gym:tier2:阿蜜,gen7,gym:城都地区:阿蜜:6,阿蜜,2,2,bronzong,Bronzong,5,5,tier3,representative-exact-tier
gym:tier2:阿蜜,gen7,gym:城都地区:阿蜜:6,阿蜜,2,3,skarmory,Skarmory,5,5,tier3,representative-exact-tier
gym:tier2:阿蜜,gen7,gym:城都地区:阿蜜:6,阿蜜,3,1,steelix,Steelix,6,4,tier2,representative-near-tier
gym:tier2:阿蜜,gen7,gym:城都地区:阿蜜:6,阿蜜,3,2,bronzong,Bronzong,5,5,tier3,representative-exact-tier
gym:tier2:阿蜜,gen7,gym:城都地区:阿蜜:6,阿蜜,3,3,skarmory,Skarmory,5,5,tier3,representative-exact-tier
gym:tier2:阿蜜,gen7,gym:城都地区:阿蜜:6,阿蜜,4,1,steelix,Steelix,6,4,tier2,representative-near-tier
gym:tier2:阿蜜,gen7,gym:城都地区:阿蜜:6,阿蜜,4,2,bronzong,Bronzong,5,5,tier3,representative-exact-tier
gym:tier2:阿蜜,gen7,gym:城都地区:阿蜜:6,阿蜜,4,3,skarmory,Skarmory,5,5,tier3,representative-exact-tier
gym:tier2:阿蜜,gen8,gym:城都地区:阿蜜:6,阿蜜,1,1,steelix,Steelix,6,4,tier2,representative-near-tier
gym:tier2:阿蜜,gen8,gym:城都地区:阿蜜:6,阿蜜,1,2,bronzong,Bronzong,5,5,tier3,representative-exact-tier
gym:tier2:阿蜜,gen8,gym:城都地区:阿蜜:6,阿蜜,1,3,hatterene,Hatterene,5,5,tier3,gmax-system-fill-theme
gym:tier2:阿蜜,gen8,gym:城都地区:阿蜜:6,阿蜜,2,1,steelix,Steelix,6,4,tier2,representative-near-tier
gym:tier2:阿蜜,gen8,gym:城都地区:阿蜜:6,阿蜜,2,2,bronzong,Bronzong,5,5,tier3,representative-exact-tier
gym:tier2:阿蜜,gen8,gym:城都地区:阿蜜:6,阿蜜,2,3,hatterene,Hatterene,5,5,tier3,gmax-system-fill-theme
gym:tier2:阿蜜,gen8,gym:城都地区:阿蜜:6,阿蜜,3,1,steelix,Steelix,6,4,tier2,representative-near-tier
gym:tier2:阿蜜,gen8,gym:城都地区:阿蜜:6,阿蜜,3,2,bronzong,Bronzong,5,5,tier3,representative-exact-tier
gym:tier2:阿蜜,gen8,gym:城都地区:阿蜜:6,阿蜜,3,3,hatterene,Hatterene,5,5,tier3,gmax-system-fill-theme
gym:tier2:阿蜜,gen8,gym:城都地区:阿蜜:6,阿蜜,4,1,steelix,Steelix,6,4,tier2,representative-near-tier
gym:tier2:阿蜜,gen8,gym:城都地区:阿蜜:6,阿蜜,4,2,bronzong,Bronzong,5,5,tier3,representative-exact-tier
gym:tier2:阿蜜,gen8,gym:城都地区:阿蜜:6,阿蜜,4,3,hatterene,Hatterene,5,5,tier3,gmax-system-fill-theme
gym:tier2:阿蜜,gen9,gym:城都地区:阿蜜:6,阿蜜,1,1,steelix,Steelix,6,4,tier2,representative-near-tier
gym:tier2:阿蜜,gen9,gym:城都地区:阿蜜:6,阿蜜,1,2,bronzong,Bronzong,5,5,tier3,representative-exact-tier
gym:tier2:阿蜜,gen9,gym:城都地区:阿蜜:6,阿蜜,1,3,skarmory,Skarmory,5,5,tier3,representative-exact-tier
gym:tier2:阿蜜,gen9,gym:城都地区:阿蜜:6,阿蜜,2,1,steelix,Steelix,6,4,tier2,representative-near-tier
gym:tier2:阿蜜,gen9,gym:城都地区:阿蜜:6,阿蜜,2,2,bronzong,Bronzong,5,5,tier3,representative-exact-tier
gym:tier2:阿蜜,gen9,gym:城都地区:阿蜜:6,阿蜜,2,3,skarmory,Skarmory,5,5,tier3,representative-exact-tier
gym:tier2:阿蜜,gen9,gym:城都地区:阿蜜:6,阿蜜,3,1,steelix,Steelix,6,4,tier2,representative-near-tier
gym:tier2:阿蜜,gen9,gym:城都地区:阿蜜:6,阿蜜,3,2,bronzong,Bronzong,5,5,tier3,representative-exact-tier
gym:tier2:阿蜜,gen9,gym:城都地区:阿蜜:6,阿蜜,3,3,skarmory,Skarmory,5,5,tier3,representative-exact-tier
gym:tier2:阿蜜,gen9,gym:城都地区:阿蜜:6,阿蜜,4,1,steelix,Steelix,6,4,tier2,representative-near-tier
gym:tier2:阿蜜,gen9,gym:城都地区:阿蜜:6,阿蜜,4,2,bronzong,Bronzong,5,5,tier3,representative-exact-tier
gym:tier2:阿蜜,gen9,gym:城都地区:阿蜜:6,阿蜜,4,3,skarmory,Skarmory,5,5,tier3,representative-exact-tier
gym:tier3:柳伯,none,gym:城都地区:柳伯:7,柳伯,1,1,abomasnow,Abomasnow,5,5,tier3,representative-exact-tier
gym:tier3:柳伯,none,gym:城都地区:柳伯:7,柳伯,1,2,froslass,Froslass,5,5,tier4,representative-exact-tier
gym:tier3:柳伯,none,gym:城都地区:柳伯:7,柳伯,1,3,dragonite,Dragonite,6,6,tier4,representative-exact-tier
gym:tier3:柳伯,none,gym:城都地区:柳伯:7,柳伯,2,1,abomasnow,Abomasnow,5,5,tier3,representative-exact-tier
gym:tier3:柳伯,none,gym:城都地区:柳伯:7,柳伯,2,2,froslass,Froslass,5,5,tier4,representative-exact-tier
gym:tier3:柳伯,none,gym:城都地区:柳伯:7,柳伯,2,3,dragonite,Dragonite,6,6,tier4,representative-exact-tier
gym:tier3:柳伯,none,gym:城都地区:柳伯:7,柳伯,3,1,abomasnow,Abomasnow,5,5,tier3,representative-exact-tier
gym:tier3:柳伯,none,gym:城都地区:柳伯:7,柳伯,3,2,froslass,Froslass,5,5,tier4,representative-exact-tier
gym:tier3:柳伯,none,gym:城都地区:柳伯:7,柳伯,3,3,dragonite,Dragonite,6,6,tier4,representative-exact-tier
gym:tier3:柳伯,none,gym:城都地区:柳伯:7,柳伯,4,1,abomasnow,Abomasnow,5,5,tier3,representative-exact-tier
gym:tier3:柳伯,none,gym:城都地区:柳伯:7,柳伯,4,2,froslass,Froslass,5,5,tier4,representative-exact-tier
gym:tier3:柳伯,none,gym:城都地区:柳伯:7,柳伯,4,3,dragonite,Dragonite,6,6,tier4,representative-exact-tier
gym:tier3:柳伯,gen7,gym:城都地区:柳伯:7,柳伯,1,1,abomasnow,Abomasnow,5,5,tier3,representative-exact-tier
gym:tier3:柳伯,gen7,gym:城都地区:柳伯:7,柳伯,1,2,froslass,Froslass,5,5,tier4,representative-exact-tier
gym:tier3:柳伯,gen7,gym:城都地区:柳伯:7,柳伯,1,3,dragonite,Dragonite,6,6,tier4,representative-exact-tier
gym:tier3:柳伯,gen7,gym:城都地区:柳伯:7,柳伯,2,1,abomasnow,Abomasnow,5,5,tier3,representative-exact-tier
gym:tier3:柳伯,gen7,gym:城都地区:柳伯:7,柳伯,2,2,froslass,Froslass,5,5,tier4,representative-exact-tier
gym:tier3:柳伯,gen7,gym:城都地区:柳伯:7,柳伯,2,3,dragonite,Dragonite,6,6,tier4,representative-exact-tier
gym:tier3:柳伯,gen7,gym:城都地区:柳伯:7,柳伯,3,1,abomasnow,Abomasnow,5,5,tier3,representative-exact-tier
gym:tier3:柳伯,gen7,gym:城都地区:柳伯:7,柳伯,3,2,froslass,Froslass,5,5,tier4,representative-exact-tier
gym:tier3:柳伯,gen7,gym:城都地区:柳伯:7,柳伯,3,3,dragonite,Dragonite,6,6,tier4,representative-exact-tier
gym:tier3:柳伯,gen7,gym:城都地区:柳伯:7,柳伯,4,1,abomasnow,Abomasnow,5,5,tier3,representative-exact-tier
gym:tier3:柳伯,gen7,gym:城都地区:柳伯:7,柳伯,4,2,froslass,Froslass,5,5,tier4,representative-exact-tier
gym:tier3:柳伯,gen7,gym:城都地区:柳伯:7,柳伯,4,3,dragonite,Dragonite,6,6,tier4,representative-exact-tier
gym:tier3:柳伯,gen8,gym:城都地区:柳伯:7,柳伯,1,1,abomasnow,Abomasnow,5,5,tier3,representative-exact-tier
gym:tier3:柳伯,gen8,gym:城都地区:柳伯:7,柳伯,1,2,froslass,Froslass,5,5,tier4,representative-exact-tier
gym:tier3:柳伯,gen8,gym:城都地区:柳伯:7,柳伯,1,3,blastoise,Blastoise,6,6,tier4,gmax-system-fill-theme
gym:tier3:柳伯,gen8,gym:城都地区:柳伯:7,柳伯,2,1,abomasnow,Abomasnow,5,5,tier3,representative-exact-tier
gym:tier3:柳伯,gen8,gym:城都地区:柳伯:7,柳伯,2,2,froslass,Froslass,5,5,tier4,representative-exact-tier
gym:tier3:柳伯,gen8,gym:城都地区:柳伯:7,柳伯,2,3,blastoise,Blastoise,6,6,tier4,gmax-system-fill-theme
gym:tier3:柳伯,gen8,gym:城都地区:柳伯:7,柳伯,3,1,abomasnow,Abomasnow,5,5,tier3,representative-exact-tier
gym:tier3:柳伯,gen8,gym:城都地区:柳伯:7,柳伯,3,2,froslass,Froslass,5,5,tier4,representative-exact-tier
gym:tier3:柳伯,gen8,gym:城都地区:柳伯:7,柳伯,3,3,blastoise,Blastoise,6,6,tier4,gmax-system-fill-theme
gym:tier3:柳伯,gen8,gym:城都地区:柳伯:7,柳伯,4,1,abomasnow,Abomasnow,5,5,tier3,representative-exact-tier
gym:tier3:柳伯,gen8,gym:城都地区:柳伯:7,柳伯,4,2,froslass,Froslass,5,5,tier4,representative-exact-tier
gym:tier3:柳伯,gen8,gym:城都地区:柳伯:7,柳伯,4,3,blastoise,Blastoise,6,6,tier4,gmax-system-fill-theme
gym:tier3:柳伯,gen9,gym:城都地区:柳伯:7,柳伯,1,1,abomasnow,Abomasnow,5,5,tier3,representative-exact-tier
gym:tier3:柳伯,gen9,gym:城都地区:柳伯:7,柳伯,1,2,froslass,Froslass,5,5,tier4,representative-exact-tier
gym:tier3:柳伯,gen9,gym:城都地区:柳伯:7,柳伯,1,3,dragonite,Dragonite,6,6,tier4,representative-exact-tier
gym:tier3:柳伯,gen9,gym:城都地区:柳伯:7,柳伯,2,1,abomasnow,Abomasnow,5,5,tier3,representative-exact-tier
gym:tier3:柳伯,gen9,gym:城都地区:柳伯:7,柳伯,2,2,froslass,Froslass,5,5,tier4,representative-exact-tier
gym:tier3:柳伯,gen9,gym:城都地区:柳伯:7,柳伯,2,3,dragonite,Dragonite,6,6,tier4,representative-exact-tier
gym:tier3:柳伯,gen9,gym:城都地区:柳伯:7,柳伯,3,1,abomasnow,Abomasnow,5,5,tier3,representative-exact-tier
gym:tier3:柳伯,gen9,gym:城都地区:柳伯:7,柳伯,3,2,froslass,Froslass,5,5,tier4,representative-exact-tier
gym:tier3:柳伯,gen9,gym:城都地区:柳伯:7,柳伯,3,3,dragonite,Dragonite,6,6,tier4,representative-exact-tier
gym:tier3:柳伯,gen9,gym:城都地区:柳伯:7,柳伯,4,1,abomasnow,Abomasnow,5,5,tier3,representative-exact-tier
gym:tier3:柳伯,gen9,gym:城都地区:柳伯:7,柳伯,4,2,froslass,Froslass,5,5,tier4,representative-exact-tier
gym:tier3:柳伯,gen9,gym:城都地区:柳伯:7,柳伯,4,3,dragonite,Dragonite,6,6,tier4,representative-exact-tier
gym:tier3:小椿,none,gym:城都地区:小椿:8,小椿,1,1,kingdra,Kingdra,6,5,tier3,representative-near-tier
gym:tier3:小椿,none,gym:城都地区:小椿:8,小椿,1,2,gyarados,Gyarados,6,5,tier4,representative-near-tier
gym:tier3:小椿,none,gym:城都地区:小椿:8,小椿,1,3,charizard,Charizard,6,6,tier4,representative-exact-tier
gym:tier3:小椿,none,gym:城都地区:小椿:8,小椿,2,1,kingdra,Kingdra,6,5,tier3,representative-near-tier
gym:tier3:小椿,none,gym:城都地区:小椿:8,小椿,2,2,gyarados,Gyarados,6,5,tier4,representative-near-tier
gym:tier3:小椿,none,gym:城都地区:小椿:8,小椿,2,3,charizard,Charizard,6,6,tier4,representative-exact-tier
gym:tier3:小椿,none,gym:城都地区:小椿:8,小椿,3,1,kingdra,Kingdra,6,5,tier3,representative-near-tier
gym:tier3:小椿,none,gym:城都地区:小椿:8,小椿,3,2,gyarados,Gyarados,6,5,tier4,representative-near-tier
gym:tier3:小椿,none,gym:城都地区:小椿:8,小椿,3,3,charizard,Charizard,6,6,tier4,representative-exact-tier
gym:tier3:小椿,none,gym:城都地区:小椿:8,小椿,4,1,kingdra,Kingdra,6,5,tier3,representative-near-tier
gym:tier3:小椿,none,gym:城都地区:小椿:8,小椿,4,2,gyarados,Gyarados,6,5,tier4,representative-near-tier
gym:tier3:小椿,none,gym:城都地区:小椿:8,小椿,4,3,charizard,Charizard,6,6,tier4,representative-exact-tier
gym:tier3:小椿,gen7,gym:城都地区:小椿:8,小椿,1,1,kingdra,Kingdra,6,5,tier3,representative-near-tier
gym:tier3:小椿,gen7,gym:城都地区:小椿:8,小椿,1,2,gyarados,Gyarados,6,5,tier4,representative-near-tier
gym:tier3:小椿,gen7,gym:城都地区:小椿:8,小椿,1,3,charizard,Charizard,6,6,tier4,representative-exact-tier
gym:tier3:小椿,gen7,gym:城都地区:小椿:8,小椿,2,1,kingdra,Kingdra,6,5,tier3,representative-near-tier
gym:tier3:小椿,gen7,gym:城都地区:小椿:8,小椿,2,2,gyarados,Gyarados,6,5,tier4,representative-near-tier
gym:tier3:小椿,gen7,gym:城都地区:小椿:8,小椿,2,3,charizard,Charizard,6,6,tier4,representative-exact-tier
gym:tier3:小椿,gen7,gym:城都地区:小椿:8,小椿,3,1,kingdra,Kingdra,6,5,tier3,representative-near-tier
gym:tier3:小椿,gen7,gym:城都地区:小椿:8,小椿,3,2,gyarados,Gyarados,6,5,tier4,representative-near-tier
gym:tier3:小椿,gen7,gym:城都地区:小椿:8,小椿,3,3,charizard,Charizard,6,6,tier4,representative-exact-tier
gym:tier3:小椿,gen7,gym:城都地区:小椿:8,小椿,4,1,kingdra,Kingdra,6,5,tier3,representative-near-tier
gym:tier3:小椿,gen7,gym:城都地区:小椿:8,小椿,4,2,gyarados,Gyarados,6,5,tier4,representative-near-tier
gym:tier3:小椿,gen7,gym:城都地区:小椿:8,小椿,4,3,charizard,Charizard,6,6,tier4,representative-exact-tier
gym:tier3:小椿,gen8,gym:城都地区:小椿:8,小椿,1,1,kingdra,Kingdra,6,5,tier3,representative-near-tier
gym:tier3:小椿,gen8,gym:城都地区:小椿:8,小椿,1,2,gyarados,Gyarados,6,5,tier4,representative-near-tier
gym:tier3:小椿,gen8,gym:城都地区:小椿:8,小椿,1,3,charizard,Charizard,6,6,tier4,representative-exact-tier
gym:tier3:小椿,gen8,gym:城都地区:小椿:8,小椿,2,1,kingdra,Kingdra,6,5,tier3,representative-near-tier
gym:tier3:小椿,gen8,gym:城都地区:小椿:8,小椿,2,2,gyarados,Gyarados,6,5,tier4,representative-near-tier
gym:tier3:小椿,gen8,gym:城都地区:小椿:8,小椿,2,3,charizard,Charizard,6,6,tier4,representative-exact-tier
gym:tier3:小椿,gen8,gym:城都地区:小椿:8,小椿,3,1,kingdra,Kingdra,6,5,tier3,representative-near-tier
gym:tier3:小椿,gen8,gym:城都地区:小椿:8,小椿,3,2,gyarados,Gyarados,6,5,tier4,representative-near-tier
gym:tier3:小椿,gen8,gym:城都地区:小椿:8,小椿,3,3,charizard,Charizard,6,6,tier4,representative-exact-tier
gym:tier3:小椿,gen8,gym:城都地区:小椿:8,小椿,4,1,kingdra,Kingdra,6,5,tier3,representative-near-tier
gym:tier3:小椿,gen8,gym:城都地区:小椿:8,小椿,4,2,gyarados,Gyarados,6,5,tier4,representative-near-tier
gym:tier3:小椿,gen8,gym:城都地区:小椿:8,小椿,4,3,charizard,Charizard,6,6,tier4,representative-exact-tier
gym:tier3:小椿,gen9,gym:城都地区:小椿:8,小椿,1,1,kingdra,Kingdra,6,5,tier3,representative-near-tier
gym:tier3:小椿,gen9,gym:城都地区:小椿:8,小椿,1,2,gyarados,Gyarados,6,5,tier4,representative-near-tier
gym:tier3:小椿,gen9,gym:城都地区:小椿:8,小椿,1,3,charizard,Charizard,6,6,tier4,representative-exact-tier
gym:tier3:小椿,gen9,gym:城都地区:小椿:8,小椿,2,1,kingdra,Kingdra,6,5,tier3,representative-near-tier
gym:tier3:小椿,gen9,gym:城都地区:小椿:8,小椿,2,2,gyarados,Gyarados,6,5,tier4,representative-near-tier
gym:tier3:小椿,gen9,gym:城都地区:小椿:8,小椿,2,3,charizard,Charizard,6,6,tier4,representative-exact-tier
gym:tier3:小椿,gen9,gym:城都地区:小椿:8,小椿,3,1,kingdra,Kingdra,6,5,tier3,representative-near-tier
gym:tier3:小椿,gen9,gym:城都地区:小椿:8,小椿,3,2,gyarados,Gyarados,6,5,tier4,representative-near-tier
gym:tier3:小椿,gen9,gym:城都地区:小椿:8,小椿,3,3,charizard,Charizard,6,6,tier4,representative-exact-tier
gym:tier3:小椿,gen9,gym:城都地区:小椿:8,小椿,4,1,kingdra,Kingdra,6,5,tier3,representative-near-tier
gym:tier3:小椿,gen9,gym:城都地区:小椿:8,小椿,4,2,gyarados,Gyarados,6,5,tier4,representative-near-tier
gym:tier3:小椿,gen9,gym:城都地区:小椿:8,小椿,4,3,charizard,Charizard,6,6,tier4,representative-exact-tier
elite4:elite4:一树,none,elite4:城都地区:一树:1,一树,1,1,slowbro,Slowbro,5,5,tier3,representative-exact-tier
elite4:elite4:一树,none,elite4:城都地区:一树:1,一树,1,2,bronzong,Bronzong,5,5,tier4,representative-exact-tier
elite4:elite4:一树,none,elite4:城都地区:一树:1,一树,1,3,exeggutor,Exeggutor,6,6,tier4,representative-exact-tier
elite4:elite4:一树,none,elite4:城都地区:一树:1,一树,2,1,slowbro,Slowbro,5,5,tier3,representative-exact-tier
elite4:elite4:一树,none,elite4:城都地区:一树:1,一树,2,2,bronzong,Bronzong,5,5,tier4,representative-exact-tier
elite4:elite4:一树,none,elite4:城都地区:一树:1,一树,2,3,exeggutor,Exeggutor,6,6,tier4,representative-exact-tier
elite4:elite4:一树,none,elite4:城都地区:一树:1,一树,3,1,slowbro,Slowbro,5,5,tier3,representative-exact-tier
elite4:elite4:一树,none,elite4:城都地区:一树:1,一树,3,2,bronzong,Bronzong,5,5,tier4,representative-exact-tier
elite4:elite4:一树,none,elite4:城都地区:一树:1,一树,3,3,exeggutor,Exeggutor,6,6,tier4,representative-exact-tier
elite4:elite4:一树,none,elite4:城都地区:一树:1,一树,4,1,slowbro,Slowbro,5,5,tier3,representative-exact-tier
elite4:elite4:一树,none,elite4:城都地区:一树:1,一树,4,2,bronzong,Bronzong,5,5,tier4,representative-exact-tier
elite4:elite4:一树,none,elite4:城都地区:一树:1,一树,4,3,exeggutor,Exeggutor,6,6,tier4,representative-exact-tier
elite4:elite4:一树,gen7,elite4:城都地区:一树:1,一树,1,1,slowbro,Slowbro,5,5,tier3,representative-exact-tier
elite4:elite4:一树,gen7,elite4:城都地区:一树:1,一树,1,2,bronzong,Bronzong,5,5,tier4,representative-exact-tier
elite4:elite4:一树,gen7,elite4:城都地区:一树:1,一树,1,3,exeggutor,Exeggutor,6,6,tier4,representative-exact-tier
elite4:elite4:一树,gen7,elite4:城都地区:一树:1,一树,2,1,slowbro,Slowbro,5,5,tier3,representative-exact-tier
elite4:elite4:一树,gen7,elite4:城都地区:一树:1,一树,2,2,bronzong,Bronzong,5,5,tier4,representative-exact-tier
elite4:elite4:一树,gen7,elite4:城都地区:一树:1,一树,2,3,exeggutor,Exeggutor,6,6,tier4,representative-exact-tier
elite4:elite4:一树,gen7,elite4:城都地区:一树:1,一树,3,1,slowbro,Slowbro,5,5,tier3,representative-exact-tier
elite4:elite4:一树,gen7,elite4:城都地区:一树:1,一树,3,2,bronzong,Bronzong,5,5,tier4,representative-exact-tier
elite4:elite4:一树,gen7,elite4:城都地区:一树:1,一树,3,3,exeggutor,Exeggutor,6,6,tier4,representative-exact-tier
elite4:elite4:一树,gen7,elite4:城都地区:一树:1,一树,4,1,slowbro,Slowbro,5,5,tier3,representative-exact-tier
elite4:elite4:一树,gen7,elite4:城都地区:一树:1,一树,4,2,bronzong,Bronzong,5,5,tier4,representative-exact-tier
elite4:elite4:一树,gen7,elite4:城都地区:一树:1,一树,4,3,exeggutor,Exeggutor,6,6,tier4,representative-exact-tier
elite4:elite4:一树,gen8,elite4:城都地区:一树:1,一树,1,1,slowbro,Slowbro,5,5,tier3,representative-exact-tier
elite4:elite4:一树,gen8,elite4:城都地区:一树:1,一树,1,2,bronzong,Bronzong,5,5,tier4,representative-exact-tier
elite4:elite4:一树,gen8,elite4:城都地区:一树:1,一树,1,3,blastoise,Blastoise,6,6,tier4,gmax-system-fill-theme
elite4:elite4:一树,gen8,elite4:城都地区:一树:1,一树,2,1,slowbro,Slowbro,5,5,tier3,representative-exact-tier
elite4:elite4:一树,gen8,elite4:城都地区:一树:1,一树,2,2,bronzong,Bronzong,5,5,tier4,representative-exact-tier
elite4:elite4:一树,gen8,elite4:城都地区:一树:1,一树,2,3,blastoise,Blastoise,6,6,tier4,gmax-system-fill-theme
elite4:elite4:一树,gen8,elite4:城都地区:一树:1,一树,3,1,slowbro,Slowbro,5,5,tier3,representative-exact-tier
elite4:elite4:一树,gen8,elite4:城都地区:一树:1,一树,3,2,bronzong,Bronzong,5,5,tier4,representative-exact-tier
elite4:elite4:一树,gen8,elite4:城都地区:一树:1,一树,3,3,blastoise,Blastoise,6,6,tier4,gmax-system-fill-theme
elite4:elite4:一树,gen8,elite4:城都地区:一树:1,一树,4,1,slowbro,Slowbro,5,5,tier3,representative-exact-tier
elite4:elite4:一树,gen8,elite4:城都地区:一树:1,一树,4,2,bronzong,Bronzong,5,5,tier4,representative-exact-tier
elite4:elite4:一树,gen8,elite4:城都地区:一树:1,一树,4,3,blastoise,Blastoise,6,6,tier4,gmax-system-fill-theme
elite4:elite4:一树,gen9,elite4:城都地区:一树:1,一树,1,1,slowbro,Slowbro,5,5,tier3,representative-exact-tier
elite4:elite4:一树,gen9,elite4:城都地区:一树:1,一树,1,2,bronzong,Bronzong,5,5,tier4,representative-exact-tier
elite4:elite4:一树,gen9,elite4:城都地区:一树:1,一树,1,3,exeggutor,Exeggutor,6,6,tier4,representative-exact-tier
elite4:elite4:一树,gen9,elite4:城都地区:一树:1,一树,2,1,slowbro,Slowbro,5,5,tier3,representative-exact-tier
elite4:elite4:一树,gen9,elite4:城都地区:一树:1,一树,2,2,bronzong,Bronzong,5,5,tier4,representative-exact-tier
elite4:elite4:一树,gen9,elite4:城都地区:一树:1,一树,2,3,exeggutor,Exeggutor,6,6,tier4,representative-exact-tier
elite4:elite4:一树,gen9,elite4:城都地区:一树:1,一树,3,1,slowbro,Slowbro,5,5,tier3,representative-exact-tier
elite4:elite4:一树,gen9,elite4:城都地区:一树:1,一树,3,2,bronzong,Bronzong,5,5,tier4,representative-exact-tier
elite4:elite4:一树,gen9,elite4:城都地区:一树:1,一树,3,3,exeggutor,Exeggutor,6,6,tier4,representative-exact-tier
elite4:elite4:一树,gen9,elite4:城都地区:一树:1,一树,4,1,slowbro,Slowbro,5,5,tier3,representative-exact-tier
elite4:elite4:一树,gen9,elite4:城都地区:一树:1,一树,4,2,bronzong,Bronzong,5,5,tier4,representative-exact-tier
elite4:elite4:一树,gen9,elite4:城都地区:一树:1,一树,4,3,exeggutor,Exeggutor,6,6,tier4,representative-exact-tier
elite4:elite4:阿桔,none,elite4:城都地区:阿桔:2,阿桔,1,1,muk,Muk,5,5,tier3,representative-exact-tier
elite4:elite4:阿桔,none,elite4:城都地区:阿桔:2,阿桔,1,2,weezing,Weezing,5,5,tier4,representative-exact-tier
elite4:elite4:阿桔,none,elite4:城都地区:阿桔:2,阿桔,1,3,crobat,Crobat,6,6,tier4,representative-exact-tier
elite4:elite4:阿桔,none,elite4:城都地区:阿桔:2,阿桔,2,1,muk,Muk,5,5,tier3,representative-exact-tier
elite4:elite4:阿桔,none,elite4:城都地区:阿桔:2,阿桔,2,2,weezing,Weezing,5,5,tier4,representative-exact-tier
elite4:elite4:阿桔,none,elite4:城都地区:阿桔:2,阿桔,2,3,crobat,Crobat,6,6,tier4,representative-exact-tier
elite4:elite4:阿桔,none,elite4:城都地区:阿桔:2,阿桔,3,1,muk,Muk,5,5,tier3,representative-exact-tier
elite4:elite4:阿桔,none,elite4:城都地区:阿桔:2,阿桔,3,2,weezing,Weezing,5,5,tier4,representative-exact-tier
elite4:elite4:阿桔,none,elite4:城都地区:阿桔:2,阿桔,3,3,crobat,Crobat,6,6,tier4,representative-exact-tier
elite4:elite4:阿桔,none,elite4:城都地区:阿桔:2,阿桔,4,1,muk,Muk,5,5,tier3,representative-exact-tier
elite4:elite4:阿桔,none,elite4:城都地区:阿桔:2,阿桔,4,2,weezing,Weezing,5,5,tier4,representative-exact-tier
elite4:elite4:阿桔,none,elite4:城都地区:阿桔:2,阿桔,4,3,crobat,Crobat,6,6,tier4,representative-exact-tier
elite4:elite4:阿桔,gen7,elite4:城都地区:阿桔:2,阿桔,1,1,muk,Muk,5,5,tier3,representative-exact-tier
elite4:elite4:阿桔,gen7,elite4:城都地区:阿桔:2,阿桔,1,2,weezing,Weezing,5,5,tier4,representative-exact-tier
elite4:elite4:阿桔,gen7,elite4:城都地区:阿桔:2,阿桔,1,3,aerodactyl,Aerodactyl,6,6,tier4,mega-system-fill-theme
elite4:elite4:阿桔,gen7,elite4:城都地区:阿桔:2,阿桔,2,1,muk,Muk,5,5,tier3,representative-exact-tier
elite4:elite4:阿桔,gen7,elite4:城都地区:阿桔:2,阿桔,2,2,weezing,Weezing,5,5,tier4,representative-exact-tier
elite4:elite4:阿桔,gen7,elite4:城都地区:阿桔:2,阿桔,2,3,aerodactyl,Aerodactyl,6,6,tier4,mega-system-fill-theme
elite4:elite4:阿桔,gen7,elite4:城都地区:阿桔:2,阿桔,3,1,muk,Muk,5,5,tier3,representative-exact-tier
elite4:elite4:阿桔,gen7,elite4:城都地区:阿桔:2,阿桔,3,2,weezing,Weezing,5,5,tier4,representative-exact-tier
elite4:elite4:阿桔,gen7,elite4:城都地区:阿桔:2,阿桔,3,3,aerodactyl,Aerodactyl,6,6,tier4,mega-system-fill-theme
elite4:elite4:阿桔,gen7,elite4:城都地区:阿桔:2,阿桔,4,1,muk,Muk,5,5,tier3,representative-exact-tier
elite4:elite4:阿桔,gen7,elite4:城都地区:阿桔:2,阿桔,4,2,weezing,Weezing,5,5,tier4,representative-exact-tier
elite4:elite4:阿桔,gen7,elite4:城都地区:阿桔:2,阿桔,4,3,aerodactyl,Aerodactyl,6,6,tier4,mega-system-fill-theme
elite4:elite4:阿桔,gen8,elite4:城都地区:阿桔:2,阿桔,1,1,muk,Muk,5,5,tier3,representative-exact-tier
elite4:elite4:阿桔,gen8,elite4:城都地区:阿桔:2,阿桔,1,2,weezing,Weezing,5,5,tier4,representative-exact-tier
elite4:elite4:阿桔,gen8,elite4:城都地区:阿桔:2,阿桔,1,3,blastoise,Blastoise,6,6,tier4,gmax-system-fill-theme
elite4:elite4:阿桔,gen8,elite4:城都地区:阿桔:2,阿桔,2,1,muk,Muk,5,5,tier3,representative-exact-tier
elite4:elite4:阿桔,gen8,elite4:城都地区:阿桔:2,阿桔,2,2,weezing,Weezing,5,5,tier4,representative-exact-tier
elite4:elite4:阿桔,gen8,elite4:城都地区:阿桔:2,阿桔,2,3,blastoise,Blastoise,6,6,tier4,gmax-system-fill-theme
elite4:elite4:阿桔,gen8,elite4:城都地区:阿桔:2,阿桔,3,1,muk,Muk,5,5,tier3,representative-exact-tier
elite4:elite4:阿桔,gen8,elite4:城都地区:阿桔:2,阿桔,3,2,weezing,Weezing,5,5,tier4,representative-exact-tier
elite4:elite4:阿桔,gen8,elite4:城都地区:阿桔:2,阿桔,3,3,blastoise,Blastoise,6,6,tier4,gmax-system-fill-theme
elite4:elite4:阿桔,gen8,elite4:城都地区:阿桔:2,阿桔,4,1,muk,Muk,5,5,tier3,representative-exact-tier
elite4:elite4:阿桔,gen8,elite4:城都地区:阿桔:2,阿桔,4,2,weezing,Weezing,5,5,tier4,representative-exact-tier
elite4:elite4:阿桔,gen8,elite4:城都地区:阿桔:2,阿桔,4,3,blastoise,Blastoise,6,6,tier4,gmax-system-fill-theme
elite4:elite4:阿桔,gen9,elite4:城都地区:阿桔:2,阿桔,1,1,muk,Muk,5,5,tier3,representative-exact-tier
elite4:elite4:阿桔,gen9,elite4:城都地区:阿桔:2,阿桔,1,2,weezing,Weezing,5,5,tier4,representative-exact-tier
elite4:elite4:阿桔,gen9,elite4:城都地区:阿桔:2,阿桔,1,3,crobat,Crobat,6,6,tier4,representative-exact-tier
elite4:elite4:阿桔,gen9,elite4:城都地区:阿桔:2,阿桔,2,1,muk,Muk,5,5,tier3,representative-exact-tier
elite4:elite4:阿桔,gen9,elite4:城都地区:阿桔:2,阿桔,2,2,weezing,Weezing,5,5,tier4,representative-exact-tier
elite4:elite4:阿桔,gen9,elite4:城都地区:阿桔:2,阿桔,2,3,crobat,Crobat,6,6,tier4,representative-exact-tier
elite4:elite4:阿桔,gen9,elite4:城都地区:阿桔:2,阿桔,3,1,muk,Muk,5,5,tier3,representative-exact-tier
elite4:elite4:阿桔,gen9,elite4:城都地区:阿桔:2,阿桔,3,2,weezing,Weezing,5,5,tier4,representative-exact-tier
elite4:elite4:阿桔,gen9,elite4:城都地区:阿桔:2,阿桔,3,3,crobat,Crobat,6,6,tier4,representative-exact-tier
elite4:elite4:阿桔,gen9,elite4:城都地区:阿桔:2,阿桔,4,1,muk,Muk,5,5,tier3,representative-exact-tier
elite4:elite4:阿桔,gen9,elite4:城都地区:阿桔:2,阿桔,4,2,weezing,Weezing,5,5,tier4,representative-exact-tier
elite4:elite4:阿桔,gen9,elite4:城都地区:阿桔:2,阿桔,4,3,crobat,Crobat,6,6,tier4,representative-exact-tier
elite4:elite4:希巴,none,elite4:城都地区:希巴:3,希巴,1,1,poliwrath,Poliwrath,5,5,tier3,representative-exact-tier
elite4:elite4:希巴,none,elite4:城都地区:希巴:3,希巴,1,2,golem,Golem,5,5,tier4,representative-exact-tier
elite4:elite4:希巴,none,elite4:城都地区:希巴:3,希巴,1,3,machamp,Machamp,6,6,tier4,representative-exact-tier
elite4:elite4:希巴,none,elite4:城都地区:希巴:3,希巴,2,1,poliwrath,Poliwrath,5,5,tier3,representative-exact-tier
elite4:elite4:希巴,none,elite4:城都地区:希巴:3,希巴,2,2,golem,Golem,5,5,tier4,representative-exact-tier
elite4:elite4:希巴,none,elite4:城都地区:希巴:3,希巴,2,3,machamp,Machamp,6,6,tier4,representative-exact-tier
elite4:elite4:希巴,none,elite4:城都地区:希巴:3,希巴,3,1,poliwrath,Poliwrath,5,5,tier3,representative-exact-tier
elite4:elite4:希巴,none,elite4:城都地区:希巴:3,希巴,3,2,golem,Golem,5,5,tier4,representative-exact-tier
elite4:elite4:希巴,none,elite4:城都地区:希巴:3,希巴,3,3,machamp,Machamp,6,6,tier4,representative-exact-tier
elite4:elite4:希巴,none,elite4:城都地区:希巴:3,希巴,4,1,poliwrath,Poliwrath,5,5,tier3,representative-exact-tier
elite4:elite4:希巴,none,elite4:城都地区:希巴:3,希巴,4,2,golem,Golem,5,5,tier4,representative-exact-tier
elite4:elite4:希巴,none,elite4:城都地区:希巴:3,希巴,4,3,machamp,Machamp,6,6,tier4,representative-exact-tier
elite4:elite4:希巴,gen7,elite4:城都地区:希巴:3,希巴,1,1,poliwrath,Poliwrath,5,5,tier3,representative-exact-tier
elite4:elite4:希巴,gen7,elite4:城都地区:希巴:3,希巴,1,2,golem,Golem,5,5,tier4,representative-exact-tier
elite4:elite4:希巴,gen7,elite4:城都地区:希巴:3,希巴,1,3,aerodactyl,Aerodactyl,6,6,tier4,mega-system-fill-theme
elite4:elite4:希巴,gen7,elite4:城都地区:希巴:3,希巴,2,1,poliwrath,Poliwrath,5,5,tier3,representative-exact-tier
elite4:elite4:希巴,gen7,elite4:城都地区:希巴:3,希巴,2,2,golem,Golem,5,5,tier4,representative-exact-tier
elite4:elite4:希巴,gen7,elite4:城都地区:希巴:3,希巴,2,3,aerodactyl,Aerodactyl,6,6,tier4,mega-system-fill-theme
elite4:elite4:希巴,gen7,elite4:城都地区:希巴:3,希巴,3,1,poliwrath,Poliwrath,5,5,tier3,representative-exact-tier
elite4:elite4:希巴,gen7,elite4:城都地区:希巴:3,希巴,3,2,golem,Golem,5,5,tier4,representative-exact-tier
elite4:elite4:希巴,gen7,elite4:城都地区:希巴:3,希巴,3,3,aerodactyl,Aerodactyl,6,6,tier4,mega-system-fill-theme
elite4:elite4:希巴,gen7,elite4:城都地区:希巴:3,希巴,4,1,poliwrath,Poliwrath,5,5,tier3,representative-exact-tier
elite4:elite4:希巴,gen7,elite4:城都地区:希巴:3,希巴,4,2,golem,Golem,5,5,tier4,representative-exact-tier
elite4:elite4:希巴,gen7,elite4:城都地区:希巴:3,希巴,4,3,aerodactyl,Aerodactyl,6,6,tier4,mega-system-fill-theme
elite4:elite4:希巴,gen8,elite4:城都地区:希巴:3,希巴,1,1,poliwrath,Poliwrath,5,5,tier3,representative-exact-tier
elite4:elite4:希巴,gen8,elite4:城都地区:希巴:3,希巴,1,2,golem,Golem,5,5,tier4,representative-exact-tier
elite4:elite4:希巴,gen8,elite4:城都地区:希巴:3,希巴,1,3,machamp,Machamp,6,6,tier4,representative-exact-tier
elite4:elite4:希巴,gen8,elite4:城都地区:希巴:3,希巴,2,1,poliwrath,Poliwrath,5,5,tier3,representative-exact-tier
elite4:elite4:希巴,gen8,elite4:城都地区:希巴:3,希巴,2,2,golem,Golem,5,5,tier4,representative-exact-tier
elite4:elite4:希巴,gen8,elite4:城都地区:希巴:3,希巴,2,3,machamp,Machamp,6,6,tier4,representative-exact-tier
elite4:elite4:希巴,gen8,elite4:城都地区:希巴:3,希巴,3,1,poliwrath,Poliwrath,5,5,tier3,representative-exact-tier
elite4:elite4:希巴,gen8,elite4:城都地区:希巴:3,希巴,3,2,golem,Golem,5,5,tier4,representative-exact-tier
elite4:elite4:希巴,gen8,elite4:城都地区:希巴:3,希巴,3,3,machamp,Machamp,6,6,tier4,representative-exact-tier
elite4:elite4:希巴,gen8,elite4:城都地区:希巴:3,希巴,4,1,poliwrath,Poliwrath,5,5,tier3,representative-exact-tier
elite4:elite4:希巴,gen8,elite4:城都地区:希巴:3,希巴,4,2,golem,Golem,5,5,tier4,representative-exact-tier
elite4:elite4:希巴,gen8,elite4:城都地区:希巴:3,希巴,4,3,machamp,Machamp,6,6,tier4,representative-exact-tier
elite4:elite4:希巴,gen9,elite4:城都地区:希巴:3,希巴,1,1,poliwrath,Poliwrath,5,5,tier3,representative-exact-tier
elite4:elite4:希巴,gen9,elite4:城都地区:希巴:3,希巴,1,2,golem,Golem,5,5,tier4,representative-exact-tier
elite4:elite4:希巴,gen9,elite4:城都地区:希巴:3,希巴,1,3,machamp,Machamp,6,6,tier4,representative-exact-tier
elite4:elite4:希巴,gen9,elite4:城都地区:希巴:3,希巴,2,1,poliwrath,Poliwrath,5,5,tier3,representative-exact-tier
elite4:elite4:希巴,gen9,elite4:城都地区:希巴:3,希巴,2,2,golem,Golem,5,5,tier4,representative-exact-tier
elite4:elite4:希巴,gen9,elite4:城都地区:希巴:3,希巴,2,3,machamp,Machamp,6,6,tier4,representative-exact-tier
elite4:elite4:希巴,gen9,elite4:城都地区:希巴:3,希巴,3,1,poliwrath,Poliwrath,5,5,tier3,representative-exact-tier
elite4:elite4:希巴,gen9,elite4:城都地区:希巴:3,希巴,3,2,golem,Golem,5,5,tier4,representative-exact-tier
elite4:elite4:希巴,gen9,elite4:城都地区:希巴:3,希巴,3,3,machamp,Machamp,6,6,tier4,representative-exact-tier
elite4:elite4:希巴,gen9,elite4:城都地区:希巴:3,希巴,4,1,poliwrath,Poliwrath,5,5,tier3,representative-exact-tier
elite4:elite4:希巴,gen9,elite4:城都地区:希巴:3,希巴,4,2,golem,Golem,5,5,tier4,representative-exact-tier
elite4:elite4:希巴,gen9,elite4:城都地区:希巴:3,希巴,4,3,machamp,Machamp,6,6,tier4,representative-exact-tier
elite4:elite4:梨花,none,elite4:城都地区:梨花:4,梨花,1,1,houndoom,Houndoom,5,5,tier3,representative-exact-tier
elite4:elite4:梨花,none,elite4:城都地区:梨花:4,梨花,1,2,vileplume,Vileplume,5,5,tier4,representative-exact-tier
elite4:elite4:梨花,none,elite4:城都地区:梨花:4,梨花,1,3,umbreon,Umbreon,6,6,tier4,representative-exact-tier
elite4:elite4:梨花,none,elite4:城都地区:梨花:4,梨花,2,1,houndoom,Houndoom,5,5,tier3,representative-exact-tier
elite4:elite4:梨花,none,elite4:城都地区:梨花:4,梨花,2,2,vileplume,Vileplume,5,5,tier4,representative-exact-tier
elite4:elite4:梨花,none,elite4:城都地区:梨花:4,梨花,2,3,umbreon,Umbreon,6,6,tier4,representative-exact-tier
elite4:elite4:梨花,none,elite4:城都地区:梨花:4,梨花,3,1,houndoom,Houndoom,5,5,tier3,representative-exact-tier
elite4:elite4:梨花,none,elite4:城都地区:梨花:4,梨花,3,2,vileplume,Vileplume,5,5,tier4,representative-exact-tier
elite4:elite4:梨花,none,elite4:城都地区:梨花:4,梨花,3,3,umbreon,Umbreon,6,6,tier4,representative-exact-tier
elite4:elite4:梨花,none,elite4:城都地区:梨花:4,梨花,4,1,houndoom,Houndoom,5,5,tier3,representative-exact-tier
elite4:elite4:梨花,none,elite4:城都地区:梨花:4,梨花,4,2,vileplume,Vileplume,5,5,tier4,representative-exact-tier
elite4:elite4:梨花,none,elite4:城都地区:梨花:4,梨花,4,3,umbreon,Umbreon,6,6,tier4,representative-exact-tier
elite4:elite4:梨花,gen7,elite4:城都地区:梨花:4,梨花,1,1,houndoom,Houndoom,5,5,tier3,representative-exact-tier
elite4:elite4:梨花,gen7,elite4:城都地区:梨花:4,梨花,1,2,vileplume,Vileplume,5,5,tier4,representative-exact-tier
elite4:elite4:梨花,gen7,elite4:城都地区:梨花:4,梨花,1,3,umbreon,Umbreon,6,6,tier4,representative-exact-tier
elite4:elite4:梨花,gen7,elite4:城都地区:梨花:4,梨花,2,1,houndoom,Houndoom,5,5,tier3,representative-exact-tier
elite4:elite4:梨花,gen7,elite4:城都地区:梨花:4,梨花,2,2,vileplume,Vileplume,5,5,tier4,representative-exact-tier
elite4:elite4:梨花,gen7,elite4:城都地区:梨花:4,梨花,2,3,umbreon,Umbreon,6,6,tier4,representative-exact-tier
elite4:elite4:梨花,gen7,elite4:城都地区:梨花:4,梨花,3,1,houndoom,Houndoom,5,5,tier3,representative-exact-tier
elite4:elite4:梨花,gen7,elite4:城都地区:梨花:4,梨花,3,2,vileplume,Vileplume,5,5,tier4,representative-exact-tier
elite4:elite4:梨花,gen7,elite4:城都地区:梨花:4,梨花,3,3,umbreon,Umbreon,6,6,tier4,representative-exact-tier
elite4:elite4:梨花,gen7,elite4:城都地区:梨花:4,梨花,4,1,houndoom,Houndoom,5,5,tier3,representative-exact-tier
elite4:elite4:梨花,gen7,elite4:城都地区:梨花:4,梨花,4,2,vileplume,Vileplume,5,5,tier4,representative-exact-tier
elite4:elite4:梨花,gen7,elite4:城都地区:梨花:4,梨花,4,3,umbreon,Umbreon,6,6,tier4,representative-exact-tier
elite4:elite4:梨花,gen8,elite4:城都地区:梨花:4,梨花,1,1,houndoom,Houndoom,5,5,tier3,representative-exact-tier
elite4:elite4:梨花,gen8,elite4:城都地区:梨花:4,梨花,1,2,vileplume,Vileplume,5,5,tier4,representative-exact-tier
elite4:elite4:梨花,gen8,elite4:城都地区:梨花:4,梨花,1,3,charizard,Charizard,6,6,tier4,gmax-system-fill-theme
elite4:elite4:梨花,gen8,elite4:城都地区:梨花:4,梨花,2,1,houndoom,Houndoom,5,5,tier3,representative-exact-tier
elite4:elite4:梨花,gen8,elite4:城都地区:梨花:4,梨花,2,2,vileplume,Vileplume,5,5,tier4,representative-exact-tier
elite4:elite4:梨花,gen8,elite4:城都地区:梨花:4,梨花,2,3,charizard,Charizard,6,6,tier4,gmax-system-fill-theme
elite4:elite4:梨花,gen8,elite4:城都地区:梨花:4,梨花,3,1,houndoom,Houndoom,5,5,tier3,representative-exact-tier
elite4:elite4:梨花,gen8,elite4:城都地区:梨花:4,梨花,3,2,vileplume,Vileplume,5,5,tier4,representative-exact-tier
elite4:elite4:梨花,gen8,elite4:城都地区:梨花:4,梨花,3,3,charizard,Charizard,6,6,tier4,gmax-system-fill-theme
elite4:elite4:梨花,gen8,elite4:城都地区:梨花:4,梨花,4,1,houndoom,Houndoom,5,5,tier3,representative-exact-tier
elite4:elite4:梨花,gen8,elite4:城都地区:梨花:4,梨花,4,2,vileplume,Vileplume,5,5,tier4,representative-exact-tier
elite4:elite4:梨花,gen8,elite4:城都地区:梨花:4,梨花,4,3,charizard,Charizard,6,6,tier4,gmax-system-fill-theme
elite4:elite4:梨花,gen9,elite4:城都地区:梨花:4,梨花,1,1,houndoom,Houndoom,5,5,tier3,representative-exact-tier
elite4:elite4:梨花,gen9,elite4:城都地区:梨花:4,梨花,1,2,vileplume,Vileplume,5,5,tier4,representative-exact-tier
elite4:elite4:梨花,gen9,elite4:城都地区:梨花:4,梨花,1,3,umbreon,Umbreon,6,6,tier4,representative-exact-tier
elite4:elite4:梨花,gen9,elite4:城都地区:梨花:4,梨花,2,1,houndoom,Houndoom,5,5,tier3,representative-exact-tier
elite4:elite4:梨花,gen9,elite4:城都地区:梨花:4,梨花,2,2,vileplume,Vileplume,5,5,tier4,representative-exact-tier
elite4:elite4:梨花,gen9,elite4:城都地区:梨花:4,梨花,2,3,umbreon,Umbreon,6,6,tier4,representative-exact-tier
elite4:elite4:梨花,gen9,elite4:城都地区:梨花:4,梨花,3,1,houndoom,Houndoom,5,5,tier3,representative-exact-tier
elite4:elite4:梨花,gen9,elite4:城都地区:梨花:4,梨花,3,2,vileplume,Vileplume,5,5,tier4,representative-exact-tier
elite4:elite4:梨花,gen9,elite4:城都地区:梨花:4,梨花,3,3,umbreon,Umbreon,6,6,tier4,representative-exact-tier
elite4:elite4:梨花,gen9,elite4:城都地区:梨花:4,梨花,4,1,houndoom,Houndoom,5,5,tier3,representative-exact-tier
elite4:elite4:梨花,gen9,elite4:城都地区:梨花:4,梨花,4,2,vileplume,Vileplume,5,5,tier4,representative-exact-tier
elite4:elite4:梨花,gen9,elite4:城都地区:梨花:4,梨花,4,3,umbreon,Umbreon,6,6,tier4,representative-exact-tier
champion:champion:阿渡,none,champion:城都地区:阿渡:1,阿渡,1,1,dragonite,Dragonite,6,5,champion,representative-near-tier
champion:champion:阿渡,none,champion:城都地区:阿渡:1,阿渡,1,2,gyarados,Gyarados,6,6,champion,representative-exact-tier
champion:champion:阿渡,none,champion:城都地区:阿渡:1,阿渡,1,3,aerodactyl,Aerodactyl,6,6,champion,representative-exact-tier
champion:champion:阿渡,none,champion:城都地区:阿渡:1,阿渡,2,1,dragonite,Dragonite,6,5,champion,representative-near-tier
champion:champion:阿渡,none,champion:城都地区:阿渡:1,阿渡,2,2,gyarados,Gyarados,6,6,champion,representative-exact-tier
champion:champion:阿渡,none,champion:城都地区:阿渡:1,阿渡,2,3,aerodactyl,Aerodactyl,6,6,champion,representative-exact-tier
champion:champion:阿渡,none,champion:城都地区:阿渡:1,阿渡,3,1,dragonite,Dragonite,6,5,champion,representative-near-tier
champion:champion:阿渡,none,champion:城都地区:阿渡:1,阿渡,3,2,gyarados,Gyarados,6,6,champion,representative-exact-tier
champion:champion:阿渡,none,champion:城都地区:阿渡:1,阿渡,3,3,aerodactyl,Aerodactyl,6,6,champion,representative-exact-tier
champion:champion:阿渡,none,champion:城都地区:阿渡:1,阿渡,4,1,dragonite,Dragonite,6,5,champion,representative-near-tier
champion:champion:阿渡,none,champion:城都地区:阿渡:1,阿渡,4,2,gyarados,Gyarados,6,6,champion,representative-exact-tier
champion:champion:阿渡,none,champion:城都地区:阿渡:1,阿渡,4,3,aerodactyl,Aerodactyl,6,6,champion,representative-exact-tier
champion:champion:阿渡,gen7,champion:城都地区:阿渡:1,阿渡,1,1,dragonite,Dragonite,6,5,champion,representative-near-tier
champion:champion:阿渡,gen7,champion:城都地区:阿渡:1,阿渡,1,2,gyarados,Gyarados,6,6,champion,representative-exact-tier
champion:champion:阿渡,gen7,champion:城都地区:阿渡:1,阿渡,1,3,aerodactyl,Aerodactyl,6,6,champion,representative-exact-tier
champion:champion:阿渡,gen7,champion:城都地区:阿渡:1,阿渡,2,1,dragonite,Dragonite,6,5,champion,representative-near-tier
champion:champion:阿渡,gen7,champion:城都地区:阿渡:1,阿渡,2,2,gyarados,Gyarados,6,6,champion,representative-exact-tier
champion:champion:阿渡,gen7,champion:城都地区:阿渡:1,阿渡,2,3,aerodactyl,Aerodactyl,6,6,champion,representative-exact-tier
champion:champion:阿渡,gen7,champion:城都地区:阿渡:1,阿渡,3,1,dragonite,Dragonite,6,5,champion,representative-near-tier
champion:champion:阿渡,gen7,champion:城都地区:阿渡:1,阿渡,3,2,gyarados,Gyarados,6,6,champion,representative-exact-tier
champion:champion:阿渡,gen7,champion:城都地区:阿渡:1,阿渡,3,3,aerodactyl,Aerodactyl,6,6,champion,representative-exact-tier
champion:champion:阿渡,gen7,champion:城都地区:阿渡:1,阿渡,4,1,dragonite,Dragonite,6,5,champion,representative-near-tier
champion:champion:阿渡,gen7,champion:城都地区:阿渡:1,阿渡,4,2,gyarados,Gyarados,6,6,champion,representative-exact-tier
champion:champion:阿渡,gen7,champion:城都地区:阿渡:1,阿渡,4,3,aerodactyl,Aerodactyl,6,6,champion,representative-exact-tier
champion:champion:阿渡,gen8,champion:城都地区:阿渡:1,阿渡,1,1,dragonite,Dragonite,6,5,champion,representative-near-tier
champion:champion:阿渡,gen8,champion:城都地区:阿渡:1,阿渡,1,2,gyarados,Gyarados,6,6,champion,representative-exact-tier
champion:champion:阿渡,gen8,champion:城都地区:阿渡:1,阿渡,1,3,blastoise,Blastoise,6,6,champion,gmax-system-fill-theme
champion:champion:阿渡,gen8,champion:城都地区:阿渡:1,阿渡,2,1,dragonite,Dragonite,6,5,champion,representative-near-tier
champion:champion:阿渡,gen8,champion:城都地区:阿渡:1,阿渡,2,2,gyarados,Gyarados,6,6,champion,representative-exact-tier
champion:champion:阿渡,gen8,champion:城都地区:阿渡:1,阿渡,2,3,blastoise,Blastoise,6,6,champion,gmax-system-fill-theme
champion:champion:阿渡,gen8,champion:城都地区:阿渡:1,阿渡,3,1,dragonite,Dragonite,6,5,champion,representative-near-tier
champion:champion:阿渡,gen8,champion:城都地区:阿渡:1,阿渡,3,2,gyarados,Gyarados,6,6,champion,representative-exact-tier
champion:champion:阿渡,gen8,champion:城都地区:阿渡:1,阿渡,3,3,blastoise,Blastoise,6,6,champion,gmax-system-fill-theme
champion:champion:阿渡,gen8,champion:城都地区:阿渡:1,阿渡,4,1,dragonite,Dragonite,6,5,champion,representative-near-tier
champion:champion:阿渡,gen8,champion:城都地区:阿渡:1,阿渡,4,2,gyarados,Gyarados,6,6,champion,representative-exact-tier
champion:champion:阿渡,gen8,champion:城都地区:阿渡:1,阿渡,4,3,blastoise,Blastoise,6,6,champion,gmax-system-fill-theme
champion:champion:阿渡,gen9,champion:城都地区:阿渡:1,阿渡,1,1,dragonite,Dragonite,6,5,champion,representative-near-tier
champion:champion:阿渡,gen9,champion:城都地区:阿渡:1,阿渡,1,2,gyarados,Gyarados,6,6,champion,representative-exact-tier
champion:champion:阿渡,gen9,champion:城都地区:阿渡:1,阿渡,1,3,aerodactyl,Aerodactyl,6,6,champion,representative-exact-tier
champion:champion:阿渡,gen9,champion:城都地区:阿渡:1,阿渡,2,1,dragonite,Dragonite,6,5,champion,representative-near-tier
champion:champion:阿渡,gen9,champion:城都地区:阿渡:1,阿渡,2,2,gyarados,Gyarados,6,6,champion,representative-exact-tier
champion:champion:阿渡,gen9,champion:城都地区:阿渡:1,阿渡,2,3,aerodactyl,Aerodactyl,6,6,champion,representative-exact-tier
champion:champion:阿渡,gen9,champion:城都地区:阿渡:1,阿渡,3,1,dragonite,Dragonite,6,5,champion,representative-near-tier
champion:champion:阿渡,gen9,champion:城都地区:阿渡:1,阿渡,3,2,gyarados,Gyarados,6,6,champion,representative-exact-tier
champion:champion:阿渡,gen9,champion:城都地区:阿渡:1,阿渡,3,3,aerodactyl,Aerodactyl,6,6,champion,representative-exact-tier
champion:champion:阿渡,gen9,champion:城都地区:阿渡:1,阿渡,4,1,dragonite,Dragonite,6,5,champion,representative-near-tier
champion:champion:阿渡,gen9,champion:城都地区:阿渡:1,阿渡,4,2,gyarados,Gyarados,6,6,champion,representative-exact-tier
champion:champion:阿渡,gen9,champion:城都地区:阿渡:1,阿渡,4,3,aerodactyl,Aerodactyl,6,6,champion,representative-exact-tier
gym:tier1:杜娟,none,gym:丰缘地区:杜娟:1,杜娟,1,1,golem,Golem,5,4,tier1,representative-near-tier
gym:tier1:杜娟,none,gym:丰缘地区:杜娟:1,杜娟,1,2,kabutops,Kabutops,5,4,tier2,representative-near-tier
gym:tier1:杜娟,none,gym:丰缘地区:杜娟:1,杜娟,1,3,omastar,Omastar,5,5,tier2,representative-exact-tier
gym:tier1:杜娟,none,gym:丰缘地区:杜娟:1,杜娟,2,1,golem,Golem,5,4,tier1,representative-near-tier
gym:tier1:杜娟,none,gym:丰缘地区:杜娟:1,杜娟,2,2,kabutops,Kabutops,5,4,tier2,representative-near-tier
gym:tier1:杜娟,none,gym:丰缘地区:杜娟:1,杜娟,2,3,omastar,Omastar,5,5,tier2,representative-exact-tier
gym:tier1:杜娟,none,gym:丰缘地区:杜娟:1,杜娟,3,1,golem,Golem,5,4,tier1,representative-near-tier
gym:tier1:杜娟,none,gym:丰缘地区:杜娟:1,杜娟,3,2,kabutops,Kabutops,5,4,tier2,representative-near-tier
gym:tier1:杜娟,none,gym:丰缘地区:杜娟:1,杜娟,3,3,omastar,Omastar,5,5,tier2,representative-exact-tier
gym:tier1:杜娟,none,gym:丰缘地区:杜娟:1,杜娟,4,1,golem,Golem,5,4,tier1,representative-near-tier
gym:tier1:杜娟,none,gym:丰缘地区:杜娟:1,杜娟,4,2,kabutops,Kabutops,5,4,tier2,representative-near-tier
gym:tier1:杜娟,none,gym:丰缘地区:杜娟:1,杜娟,4,3,omastar,Omastar,5,5,tier2,representative-exact-tier
gym:tier1:杜娟,gen7,gym:丰缘地区:杜娟:1,杜娟,1,1,golem,Golem,5,4,tier1,representative-near-tier
gym:tier1:杜娟,gen7,gym:丰缘地区:杜娟:1,杜娟,1,2,kabutops,Kabutops,5,4,tier2,representative-near-tier
gym:tier1:杜娟,gen7,gym:丰缘地区:杜娟:1,杜娟,1,3,altaria,Altaria,5,5,tier2,mega-system-fill-theme
gym:tier1:杜娟,gen7,gym:丰缘地区:杜娟:1,杜娟,2,1,golem,Golem,5,4,tier1,representative-near-tier
gym:tier1:杜娟,gen7,gym:丰缘地区:杜娟:1,杜娟,2,2,kabutops,Kabutops,5,4,tier2,representative-near-tier
gym:tier1:杜娟,gen7,gym:丰缘地区:杜娟:1,杜娟,2,3,altaria,Altaria,5,5,tier2,mega-system-fill-theme
gym:tier1:杜娟,gen7,gym:丰缘地区:杜娟:1,杜娟,3,1,golem,Golem,5,4,tier1,representative-near-tier
gym:tier1:杜娟,gen7,gym:丰缘地区:杜娟:1,杜娟,3,2,kabutops,Kabutops,5,4,tier2,representative-near-tier
gym:tier1:杜娟,gen7,gym:丰缘地区:杜娟:1,杜娟,3,3,altaria,Altaria,5,5,tier2,mega-system-fill-theme
gym:tier1:杜娟,gen7,gym:丰缘地区:杜娟:1,杜娟,4,1,golem,Golem,5,4,tier1,representative-near-tier
gym:tier1:杜娟,gen7,gym:丰缘地区:杜娟:1,杜娟,4,2,kabutops,Kabutops,5,4,tier2,representative-near-tier
gym:tier1:杜娟,gen7,gym:丰缘地区:杜娟:1,杜娟,4,3,altaria,Altaria,5,5,tier2,mega-system-fill-theme
gym:tier1:杜娟,gen8,gym:丰缘地区:杜娟:1,杜娟,1,1,golem,Golem,5,4,tier1,representative-near-tier
gym:tier1:杜娟,gen8,gym:丰缘地区:杜娟:1,杜娟,1,2,kabutops,Kabutops,5,4,tier2,representative-near-tier
gym:tier1:杜娟,gen8,gym:丰缘地区:杜娟:1,杜娟,1,3,coalossal,Coalossal,5,5,tier2,gmax-system-fill-theme
gym:tier1:杜娟,gen8,gym:丰缘地区:杜娟:1,杜娟,2,1,golem,Golem,5,4,tier1,representative-near-tier
gym:tier1:杜娟,gen8,gym:丰缘地区:杜娟:1,杜娟,2,2,kabutops,Kabutops,5,4,tier2,representative-near-tier
gym:tier1:杜娟,gen8,gym:丰缘地区:杜娟:1,杜娟,2,3,coalossal,Coalossal,5,5,tier2,gmax-system-fill-theme
gym:tier1:杜娟,gen8,gym:丰缘地区:杜娟:1,杜娟,3,1,golem,Golem,5,4,tier1,representative-near-tier
gym:tier1:杜娟,gen8,gym:丰缘地区:杜娟:1,杜娟,3,2,kabutops,Kabutops,5,4,tier2,representative-near-tier
gym:tier1:杜娟,gen8,gym:丰缘地区:杜娟:1,杜娟,3,3,coalossal,Coalossal,5,5,tier2,gmax-system-fill-theme
gym:tier1:杜娟,gen8,gym:丰缘地区:杜娟:1,杜娟,4,1,golem,Golem,5,4,tier1,representative-near-tier
gym:tier1:杜娟,gen8,gym:丰缘地区:杜娟:1,杜娟,4,2,kabutops,Kabutops,5,4,tier2,representative-near-tier
gym:tier1:杜娟,gen8,gym:丰缘地区:杜娟:1,杜娟,4,3,coalossal,Coalossal,5,5,tier2,gmax-system-fill-theme
gym:tier1:杜娟,gen9,gym:丰缘地区:杜娟:1,杜娟,1,1,golem,Golem,5,4,tier1,representative-near-tier
gym:tier1:杜娟,gen9,gym:丰缘地区:杜娟:1,杜娟,1,2,kabutops,Kabutops,5,4,tier2,representative-near-tier
gym:tier1:杜娟,gen9,gym:丰缘地区:杜娟:1,杜娟,1,3,omastar,Omastar,5,5,tier2,representative-exact-tier
gym:tier1:杜娟,gen9,gym:丰缘地区:杜娟:1,杜娟,2,1,golem,Golem,5,4,tier1,representative-near-tier
gym:tier1:杜娟,gen9,gym:丰缘地区:杜娟:1,杜娟,2,2,kabutops,Kabutops,5,4,tier2,representative-near-tier
gym:tier1:杜娟,gen9,gym:丰缘地区:杜娟:1,杜娟,2,3,omastar,Omastar,5,5,tier2,representative-exact-tier
gym:tier1:杜娟,gen9,gym:丰缘地区:杜娟:1,杜娟,3,1,golem,Golem,5,4,tier1,representative-near-tier
gym:tier1:杜娟,gen9,gym:丰缘地区:杜娟:1,杜娟,3,2,kabutops,Kabutops,5,4,tier2,representative-near-tier
gym:tier1:杜娟,gen9,gym:丰缘地区:杜娟:1,杜娟,3,3,omastar,Omastar,5,5,tier2,representative-exact-tier
gym:tier1:杜娟,gen9,gym:丰缘地区:杜娟:1,杜娟,4,1,golem,Golem,5,4,tier1,representative-near-tier
gym:tier1:杜娟,gen9,gym:丰缘地区:杜娟:1,杜娟,4,2,kabutops,Kabutops,5,4,tier2,representative-near-tier
gym:tier1:杜娟,gen9,gym:丰缘地区:杜娟:1,杜娟,4,3,omastar,Omastar,5,5,tier2,representative-exact-tier
gym:tier1:藤树,none,gym:丰缘地区:藤树:2,藤树,1,1,hitmontop,Hitmontop,4,4,tier1,representative-exact-tier
gym:tier1:藤树,none,gym:丰缘地区:藤树:2,藤树,1,2,medicham,Medicham,4,4,tier2,representative-exact-tier
gym:tier1:藤树,none,gym:丰缘地区:藤树:2,藤树,1,3,hariyama,Hariyama,5,5,tier2,representative-exact-tier
gym:tier1:藤树,none,gym:丰缘地区:藤树:2,藤树,2,1,hitmontop,Hitmontop,4,4,tier1,representative-exact-tier
gym:tier1:藤树,none,gym:丰缘地区:藤树:2,藤树,2,2,medicham,Medicham,4,4,tier2,representative-exact-tier
gym:tier1:藤树,none,gym:丰缘地区:藤树:2,藤树,2,3,hariyama,Hariyama,5,5,tier2,representative-exact-tier
gym:tier1:藤树,none,gym:丰缘地区:藤树:2,藤树,3,1,hitmontop,Hitmontop,4,4,tier1,representative-exact-tier
gym:tier1:藤树,none,gym:丰缘地区:藤树:2,藤树,3,2,medicham,Medicham,4,4,tier2,representative-exact-tier
gym:tier1:藤树,none,gym:丰缘地区:藤树:2,藤树,3,3,hariyama,Hariyama,5,5,tier2,representative-exact-tier
gym:tier1:藤树,none,gym:丰缘地区:藤树:2,藤树,4,1,hitmontop,Hitmontop,4,4,tier1,representative-exact-tier
gym:tier1:藤树,none,gym:丰缘地区:藤树:2,藤树,4,2,medicham,Medicham,4,4,tier2,representative-exact-tier
gym:tier1:藤树,none,gym:丰缘地区:藤树:2,藤树,4,3,hariyama,Hariyama,5,5,tier2,representative-exact-tier
gym:tier1:藤树,gen7,gym:丰缘地区:藤树:2,藤树,1,1,hitmontop,Hitmontop,4,4,tier1,representative-exact-tier
gym:tier1:藤树,gen7,gym:丰缘地区:藤树:2,藤树,1,2,medicham,Medicham,4,4,tier2,representative-exact-tier
gym:tier1:藤树,gen7,gym:丰缘地区:藤树:2,藤树,1,3,hariyama,Hariyama,5,5,tier2,representative-exact-tier
gym:tier1:藤树,gen7,gym:丰缘地区:藤树:2,藤树,2,1,hitmontop,Hitmontop,4,4,tier1,representative-exact-tier
gym:tier1:藤树,gen7,gym:丰缘地区:藤树:2,藤树,2,2,medicham,Medicham,4,4,tier2,representative-exact-tier
gym:tier1:藤树,gen7,gym:丰缘地区:藤树:2,藤树,2,3,hariyama,Hariyama,5,5,tier2,representative-exact-tier
gym:tier1:藤树,gen7,gym:丰缘地区:藤树:2,藤树,3,1,hitmontop,Hitmontop,4,4,tier1,representative-exact-tier
gym:tier1:藤树,gen7,gym:丰缘地区:藤树:2,藤树,3,2,medicham,Medicham,4,4,tier2,representative-exact-tier
gym:tier1:藤树,gen7,gym:丰缘地区:藤树:2,藤树,3,3,hariyama,Hariyama,5,5,tier2,representative-exact-tier
gym:tier1:藤树,gen7,gym:丰缘地区:藤树:2,藤树,4,1,hitmontop,Hitmontop,4,4,tier1,representative-exact-tier
gym:tier1:藤树,gen7,gym:丰缘地区:藤树:2,藤树,4,2,medicham,Medicham,4,4,tier2,representative-exact-tier
gym:tier1:藤树,gen7,gym:丰缘地区:藤树:2,藤树,4,3,hariyama,Hariyama,5,5,tier2,representative-exact-tier
gym:tier1:藤树,gen8,gym:丰缘地区:藤树:2,藤树,1,1,hitmontop,Hitmontop,4,4,tier1,representative-exact-tier
gym:tier1:藤树,gen8,gym:丰缘地区:藤树:2,藤树,1,2,medicham,Medicham,4,4,tier2,representative-exact-tier
gym:tier1:藤树,gen8,gym:丰缘地区:藤树:2,藤树,1,3,hatterene,Hatterene,5,5,tier2,gmax-system-fill-theme
gym:tier1:藤树,gen8,gym:丰缘地区:藤树:2,藤树,2,1,hitmontop,Hitmontop,4,4,tier1,representative-exact-tier
gym:tier1:藤树,gen8,gym:丰缘地区:藤树:2,藤树,2,2,medicham,Medicham,4,4,tier2,representative-exact-tier
gym:tier1:藤树,gen8,gym:丰缘地区:藤树:2,藤树,2,3,hatterene,Hatterene,5,5,tier2,gmax-system-fill-theme
gym:tier1:藤树,gen8,gym:丰缘地区:藤树:2,藤树,3,1,hitmontop,Hitmontop,4,4,tier1,representative-exact-tier
gym:tier1:藤树,gen8,gym:丰缘地区:藤树:2,藤树,3,2,medicham,Medicham,4,4,tier2,representative-exact-tier
gym:tier1:藤树,gen8,gym:丰缘地区:藤树:2,藤树,3,3,hatterene,Hatterene,5,5,tier2,gmax-system-fill-theme
gym:tier1:藤树,gen8,gym:丰缘地区:藤树:2,藤树,4,1,hitmontop,Hitmontop,4,4,tier1,representative-exact-tier
gym:tier1:藤树,gen8,gym:丰缘地区:藤树:2,藤树,4,2,medicham,Medicham,4,4,tier2,representative-exact-tier
gym:tier1:藤树,gen8,gym:丰缘地区:藤树:2,藤树,4,3,hatterene,Hatterene,5,5,tier2,gmax-system-fill-theme
gym:tier1:藤树,gen9,gym:丰缘地区:藤树:2,藤树,1,1,hitmontop,Hitmontop,4,4,tier1,representative-exact-tier
gym:tier1:藤树,gen9,gym:丰缘地区:藤树:2,藤树,1,2,medicham,Medicham,4,4,tier2,representative-exact-tier
gym:tier1:藤树,gen9,gym:丰缘地区:藤树:2,藤树,1,3,hariyama,Hariyama,5,5,tier2,representative-exact-tier
gym:tier1:藤树,gen9,gym:丰缘地区:藤树:2,藤树,2,1,hitmontop,Hitmontop,4,4,tier1,representative-exact-tier
gym:tier1:藤树,gen9,gym:丰缘地区:藤树:2,藤树,2,2,medicham,Medicham,4,4,tier2,representative-exact-tier
gym:tier1:藤树,gen9,gym:丰缘地区:藤树:2,藤树,2,3,hariyama,Hariyama,5,5,tier2,representative-exact-tier
gym:tier1:藤树,gen9,gym:丰缘地区:藤树:2,藤树,3,1,hitmontop,Hitmontop,4,4,tier1,representative-exact-tier
gym:tier1:藤树,gen9,gym:丰缘地区:藤树:2,藤树,3,2,medicham,Medicham,4,4,tier2,representative-exact-tier
gym:tier1:藤树,gen9,gym:丰缘地区:藤树:2,藤树,3,3,hariyama,Hariyama,5,5,tier2,representative-exact-tier
gym:tier1:藤树,gen9,gym:丰缘地区:藤树:2,藤树,4,1,hitmontop,Hitmontop,4,4,tier1,representative-exact-tier
gym:tier1:藤树,gen9,gym:丰缘地区:藤树:2,藤树,4,2,medicham,Medicham,4,4,tier2,representative-exact-tier
gym:tier1:藤树,gen9,gym:丰缘地区:藤树:2,藤树,4,3,hariyama,Hariyama,5,5,tier2,representative-exact-tier
gym:tier1:铁旋,none,gym:丰缘地区:铁旋:3,铁旋,1,1,manectric,Manectric,5,4,tier1,representative-near-tier
gym:tier1:铁旋,none,gym:丰缘地区:铁旋:3,铁旋,1,2,electrode,Electrode,5,4,tier2,representative-near-tier
gym:tier1:铁旋,none,gym:丰缘地区:铁旋:3,铁旋,1,3,raichu,Raichu,5,5,tier2,representative-exact-tier
gym:tier1:铁旋,none,gym:丰缘地区:铁旋:3,铁旋,2,1,manectric,Manectric,5,4,tier1,representative-near-tier
gym:tier1:铁旋,none,gym:丰缘地区:铁旋:3,铁旋,2,2,electrode,Electrode,5,4,tier2,representative-near-tier
gym:tier1:铁旋,none,gym:丰缘地区:铁旋:3,铁旋,2,3,raichu,Raichu,5,5,tier2,representative-exact-tier
gym:tier1:铁旋,none,gym:丰缘地区:铁旋:3,铁旋,3,1,manectric,Manectric,5,4,tier1,representative-near-tier
gym:tier1:铁旋,none,gym:丰缘地区:铁旋:3,铁旋,3,2,electrode,Electrode,5,4,tier2,representative-near-tier
gym:tier1:铁旋,none,gym:丰缘地区:铁旋:3,铁旋,3,3,raichu,Raichu,5,5,tier2,representative-exact-tier
gym:tier1:铁旋,none,gym:丰缘地区:铁旋:3,铁旋,4,1,manectric,Manectric,5,4,tier1,representative-near-tier
gym:tier1:铁旋,none,gym:丰缘地区:铁旋:3,铁旋,4,2,electrode,Electrode,5,4,tier2,representative-near-tier
gym:tier1:铁旋,none,gym:丰缘地区:铁旋:3,铁旋,4,3,raichu,Raichu,5,5,tier2,representative-exact-tier
gym:tier1:铁旋,gen7,gym:丰缘地区:铁旋:3,铁旋,1,1,manectric,Manectric,5,4,tier1,representative-near-tier
gym:tier1:铁旋,gen7,gym:丰缘地区:铁旋:3,铁旋,1,2,electrode,Electrode,5,4,tier2,representative-near-tier
gym:tier1:铁旋,gen7,gym:丰缘地区:铁旋:3,铁旋,1,3,raichu,Raichu,5,5,tier2,representative-exact-tier
gym:tier1:铁旋,gen7,gym:丰缘地区:铁旋:3,铁旋,2,1,manectric,Manectric,5,4,tier1,representative-near-tier
gym:tier1:铁旋,gen7,gym:丰缘地区:铁旋:3,铁旋,2,2,electrode,Electrode,5,4,tier2,representative-near-tier
gym:tier1:铁旋,gen7,gym:丰缘地区:铁旋:3,铁旋,2,3,raichu,Raichu,5,5,tier2,representative-exact-tier
gym:tier1:铁旋,gen7,gym:丰缘地区:铁旋:3,铁旋,3,1,manectric,Manectric,5,4,tier1,representative-near-tier
gym:tier1:铁旋,gen7,gym:丰缘地区:铁旋:3,铁旋,3,2,electrode,Electrode,5,4,tier2,representative-near-tier
gym:tier1:铁旋,gen7,gym:丰缘地区:铁旋:3,铁旋,3,3,raichu,Raichu,5,5,tier2,representative-exact-tier
gym:tier1:铁旋,gen7,gym:丰缘地区:铁旋:3,铁旋,4,1,manectric,Manectric,5,4,tier1,representative-near-tier
gym:tier1:铁旋,gen7,gym:丰缘地区:铁旋:3,铁旋,4,2,electrode,Electrode,5,4,tier2,representative-near-tier
gym:tier1:铁旋,gen7,gym:丰缘地区:铁旋:3,铁旋,4,3,raichu,Raichu,5,5,tier2,representative-exact-tier
gym:tier1:铁旋,gen8,gym:丰缘地区:铁旋:3,铁旋,1,1,manectric,Manectric,5,4,tier1,representative-near-tier
gym:tier1:铁旋,gen8,gym:丰缘地区:铁旋:3,铁旋,1,2,electrode,Electrode,5,4,tier2,representative-near-tier
gym:tier1:铁旋,gen8,gym:丰缘地区:铁旋:3,铁旋,1,3,centiskorch,Centiskorch,5,5,tier2,gmax-system-fill-theme
gym:tier1:铁旋,gen8,gym:丰缘地区:铁旋:3,铁旋,2,1,manectric,Manectric,5,4,tier1,representative-near-tier
gym:tier1:铁旋,gen8,gym:丰缘地区:铁旋:3,铁旋,2,2,electrode,Electrode,5,4,tier2,representative-near-tier
gym:tier1:铁旋,gen8,gym:丰缘地区:铁旋:3,铁旋,2,3,centiskorch,Centiskorch,5,5,tier2,gmax-system-fill-theme
gym:tier1:铁旋,gen8,gym:丰缘地区:铁旋:3,铁旋,3,1,manectric,Manectric,5,4,tier1,representative-near-tier
gym:tier1:铁旋,gen8,gym:丰缘地区:铁旋:3,铁旋,3,2,electrode,Electrode,5,4,tier2,representative-near-tier
gym:tier1:铁旋,gen8,gym:丰缘地区:铁旋:3,铁旋,3,3,centiskorch,Centiskorch,5,5,tier2,gmax-system-fill-theme
gym:tier1:铁旋,gen8,gym:丰缘地区:铁旋:3,铁旋,4,1,manectric,Manectric,5,4,tier1,representative-near-tier
gym:tier1:铁旋,gen8,gym:丰缘地区:铁旋:3,铁旋,4,2,electrode,Electrode,5,4,tier2,representative-near-tier
gym:tier1:铁旋,gen8,gym:丰缘地区:铁旋:3,铁旋,4,3,centiskorch,Centiskorch,5,5,tier2,gmax-system-fill-theme
gym:tier1:铁旋,gen9,gym:丰缘地区:铁旋:3,铁旋,1,1,manectric,Manectric,5,4,tier1,representative-near-tier
gym:tier1:铁旋,gen9,gym:丰缘地区:铁旋:3,铁旋,1,2,electrode,Electrode,5,4,tier2,representative-near-tier
gym:tier1:铁旋,gen9,gym:丰缘地区:铁旋:3,铁旋,1,3,raichu,Raichu,5,5,tier2,representative-exact-tier
gym:tier1:铁旋,gen9,gym:丰缘地区:铁旋:3,铁旋,2,1,manectric,Manectric,5,4,tier1,representative-near-tier
gym:tier1:铁旋,gen9,gym:丰缘地区:铁旋:3,铁旋,2,2,electrode,Electrode,5,4,tier2,representative-near-tier
gym:tier1:铁旋,gen9,gym:丰缘地区:铁旋:3,铁旋,2,3,raichu,Raichu,5,5,tier2,representative-exact-tier
gym:tier1:铁旋,gen9,gym:丰缘地区:铁旋:3,铁旋,3,1,manectric,Manectric,5,4,tier1,representative-near-tier
gym:tier1:铁旋,gen9,gym:丰缘地区:铁旋:3,铁旋,3,2,electrode,Electrode,5,4,tier2,representative-near-tier
gym:tier1:铁旋,gen9,gym:丰缘地区:铁旋:3,铁旋,3,3,raichu,Raichu,5,5,tier2,representative-exact-tier
gym:tier1:铁旋,gen9,gym:丰缘地区:铁旋:3,铁旋,4,1,manectric,Manectric,5,4,tier1,representative-near-tier
gym:tier1:铁旋,gen9,gym:丰缘地区:铁旋:3,铁旋,4,2,electrode,Electrode,5,4,tier2,representative-near-tier
gym:tier1:铁旋,gen9,gym:丰缘地区:铁旋:3,铁旋,4,3,raichu,Raichu,5,5,tier2,representative-exact-tier
gym:tier2:亚莎,none,gym:丰缘地区:亚莎:4,亚莎,1,1,camerupt,Camerupt,4,4,tier2,representative-exact-tier
gym:tier2:亚莎,none,gym:丰缘地区:亚莎:4,亚莎,1,2,torkoal,Torkoal,5,5,tier3,representative-exact-tier
gym:tier2:亚莎,none,gym:丰缘地区:亚莎:4,亚莎,1,3,rapidash,Rapidash,5,5,tier3,representative-exact-tier
gym:tier2:亚莎,none,gym:丰缘地区:亚莎:4,亚莎,2,1,camerupt,Camerupt,4,4,tier2,representative-exact-tier
gym:tier2:亚莎,none,gym:丰缘地区:亚莎:4,亚莎,2,2,torkoal,Torkoal,5,5,tier3,representative-exact-tier
gym:tier2:亚莎,none,gym:丰缘地区:亚莎:4,亚莎,2,3,rapidash,Rapidash,5,5,tier3,representative-exact-tier
gym:tier2:亚莎,none,gym:丰缘地区:亚莎:4,亚莎,3,1,camerupt,Camerupt,4,4,tier2,representative-exact-tier
gym:tier2:亚莎,none,gym:丰缘地区:亚莎:4,亚莎,3,2,torkoal,Torkoal,5,5,tier3,representative-exact-tier
gym:tier2:亚莎,none,gym:丰缘地区:亚莎:4,亚莎,3,3,rapidash,Rapidash,5,5,tier3,representative-exact-tier
gym:tier2:亚莎,none,gym:丰缘地区:亚莎:4,亚莎,4,1,camerupt,Camerupt,4,4,tier2,representative-exact-tier
gym:tier2:亚莎,none,gym:丰缘地区:亚莎:4,亚莎,4,2,torkoal,Torkoal,5,5,tier3,representative-exact-tier
gym:tier2:亚莎,none,gym:丰缘地区:亚莎:4,亚莎,4,3,rapidash,Rapidash,5,5,tier3,representative-exact-tier
gym:tier2:亚莎,gen7,gym:丰缘地区:亚莎:4,亚莎,1,1,camerupt,Camerupt,4,4,tier2,representative-exact-tier
gym:tier2:亚莎,gen7,gym:丰缘地区:亚莎:4,亚莎,1,2,torkoal,Torkoal,5,5,tier3,representative-exact-tier
gym:tier2:亚莎,gen7,gym:丰缘地区:亚莎:4,亚莎,1,3,rapidash,Rapidash,5,5,tier3,representative-exact-tier
gym:tier2:亚莎,gen7,gym:丰缘地区:亚莎:4,亚莎,2,1,camerupt,Camerupt,4,4,tier2,representative-exact-tier
gym:tier2:亚莎,gen7,gym:丰缘地区:亚莎:4,亚莎,2,2,torkoal,Torkoal,5,5,tier3,representative-exact-tier
gym:tier2:亚莎,gen7,gym:丰缘地区:亚莎:4,亚莎,2,3,rapidash,Rapidash,5,5,tier3,representative-exact-tier
gym:tier2:亚莎,gen7,gym:丰缘地区:亚莎:4,亚莎,3,1,camerupt,Camerupt,4,4,tier2,representative-exact-tier
gym:tier2:亚莎,gen7,gym:丰缘地区:亚莎:4,亚莎,3,2,torkoal,Torkoal,5,5,tier3,representative-exact-tier
gym:tier2:亚莎,gen7,gym:丰缘地区:亚莎:4,亚莎,3,3,rapidash,Rapidash,5,5,tier3,representative-exact-tier
gym:tier2:亚莎,gen7,gym:丰缘地区:亚莎:4,亚莎,4,1,camerupt,Camerupt,4,4,tier2,representative-exact-tier
gym:tier2:亚莎,gen7,gym:丰缘地区:亚莎:4,亚莎,4,2,torkoal,Torkoal,5,5,tier3,representative-exact-tier
gym:tier2:亚莎,gen7,gym:丰缘地区:亚莎:4,亚莎,4,3,rapidash,Rapidash,5,5,tier3,representative-exact-tier
gym:tier2:亚莎,gen8,gym:丰缘地区:亚莎:4,亚莎,1,1,camerupt,Camerupt,4,4,tier2,representative-exact-tier
gym:tier2:亚莎,gen8,gym:丰缘地区:亚莎:4,亚莎,1,2,torkoal,Torkoal,5,5,tier3,representative-exact-tier
gym:tier2:亚莎,gen8,gym:丰缘地区:亚莎:4,亚莎,1,3,centiskorch,Centiskorch,5,5,tier3,gmax-system-fill-theme
gym:tier2:亚莎,gen8,gym:丰缘地区:亚莎:4,亚莎,2,1,camerupt,Camerupt,4,4,tier2,representative-exact-tier
gym:tier2:亚莎,gen8,gym:丰缘地区:亚莎:4,亚莎,2,2,torkoal,Torkoal,5,5,tier3,representative-exact-tier
gym:tier2:亚莎,gen8,gym:丰缘地区:亚莎:4,亚莎,2,3,centiskorch,Centiskorch,5,5,tier3,gmax-system-fill-theme
gym:tier2:亚莎,gen8,gym:丰缘地区:亚莎:4,亚莎,3,1,camerupt,Camerupt,4,4,tier2,representative-exact-tier
gym:tier2:亚莎,gen8,gym:丰缘地区:亚莎:4,亚莎,3,2,torkoal,Torkoal,5,5,tier3,representative-exact-tier
gym:tier2:亚莎,gen8,gym:丰缘地区:亚莎:4,亚莎,3,3,centiskorch,Centiskorch,5,5,tier3,gmax-system-fill-theme
gym:tier2:亚莎,gen8,gym:丰缘地区:亚莎:4,亚莎,4,1,camerupt,Camerupt,4,4,tier2,representative-exact-tier
gym:tier2:亚莎,gen8,gym:丰缘地区:亚莎:4,亚莎,4,2,torkoal,Torkoal,5,5,tier3,representative-exact-tier
gym:tier2:亚莎,gen8,gym:丰缘地区:亚莎:4,亚莎,4,3,centiskorch,Centiskorch,5,5,tier3,gmax-system-fill-theme
gym:tier2:亚莎,gen9,gym:丰缘地区:亚莎:4,亚莎,1,1,camerupt,Camerupt,4,4,tier2,representative-exact-tier
gym:tier2:亚莎,gen9,gym:丰缘地区:亚莎:4,亚莎,1,2,torkoal,Torkoal,5,5,tier3,representative-exact-tier
gym:tier2:亚莎,gen9,gym:丰缘地区:亚莎:4,亚莎,1,3,rapidash,Rapidash,5,5,tier3,representative-exact-tier
gym:tier2:亚莎,gen9,gym:丰缘地区:亚莎:4,亚莎,2,1,camerupt,Camerupt,4,4,tier2,representative-exact-tier
gym:tier2:亚莎,gen9,gym:丰缘地区:亚莎:4,亚莎,2,2,torkoal,Torkoal,5,5,tier3,representative-exact-tier
gym:tier2:亚莎,gen9,gym:丰缘地区:亚莎:4,亚莎,2,3,rapidash,Rapidash,5,5,tier3,representative-exact-tier
gym:tier2:亚莎,gen9,gym:丰缘地区:亚莎:4,亚莎,3,1,camerupt,Camerupt,4,4,tier2,representative-exact-tier
gym:tier2:亚莎,gen9,gym:丰缘地区:亚莎:4,亚莎,3,2,torkoal,Torkoal,5,5,tier3,representative-exact-tier
gym:tier2:亚莎,gen9,gym:丰缘地区:亚莎:4,亚莎,3,3,rapidash,Rapidash,5,5,tier3,representative-exact-tier
gym:tier2:亚莎,gen9,gym:丰缘地区:亚莎:4,亚莎,4,1,camerupt,Camerupt,4,4,tier2,representative-exact-tier
gym:tier2:亚莎,gen9,gym:丰缘地区:亚莎:4,亚莎,4,2,torkoal,Torkoal,5,5,tier3,representative-exact-tier
gym:tier2:亚莎,gen9,gym:丰缘地区:亚莎:4,亚莎,4,3,rapidash,Rapidash,5,5,tier3,representative-exact-tier
gym:tier2:千里,none,gym:丰缘地区:千里:5,千里,1,1,linoone,Linoone,4,4,tier2,representative-exact-tier
gym:tier2:千里,none,gym:丰缘地区:千里:5,千里,1,2,kangaskhan,Kangaskhan,5,5,tier3,representative-exact-tier
gym:tier2:千里,none,gym:丰缘地区:千里:5,千里,1,3,chansey,Chansey,5,5,tier3,representative-exact-tier
gym:tier2:千里,none,gym:丰缘地区:千里:5,千里,2,1,linoone,Linoone,4,4,tier2,representative-exact-tier
gym:tier2:千里,none,gym:丰缘地区:千里:5,千里,2,2,kangaskhan,Kangaskhan,5,5,tier3,representative-exact-tier
gym:tier2:千里,none,gym:丰缘地区:千里:5,千里,2,3,chansey,Chansey,5,5,tier3,representative-exact-tier
gym:tier2:千里,none,gym:丰缘地区:千里:5,千里,3,1,linoone,Linoone,4,4,tier2,representative-exact-tier
gym:tier2:千里,none,gym:丰缘地区:千里:5,千里,3,2,kangaskhan,Kangaskhan,5,5,tier3,representative-exact-tier
gym:tier2:千里,none,gym:丰缘地区:千里:5,千里,3,3,chansey,Chansey,5,5,tier3,representative-exact-tier
gym:tier2:千里,none,gym:丰缘地区:千里:5,千里,4,1,linoone,Linoone,4,4,tier2,representative-exact-tier
gym:tier2:千里,none,gym:丰缘地区:千里:5,千里,4,2,kangaskhan,Kangaskhan,5,5,tier3,representative-exact-tier
gym:tier2:千里,none,gym:丰缘地区:千里:5,千里,4,3,chansey,Chansey,5,5,tier3,representative-exact-tier
gym:tier2:千里,gen7,gym:丰缘地区:千里:5,千里,1,1,linoone,Linoone,4,4,tier2,representative-exact-tier
gym:tier2:千里,gen7,gym:丰缘地区:千里:5,千里,1,2,kangaskhan,Kangaskhan,5,5,tier3,representative-exact-tier
gym:tier2:千里,gen7,gym:丰缘地区:千里:5,千里,1,3,chansey,Chansey,5,5,tier3,representative-exact-tier
gym:tier2:千里,gen7,gym:丰缘地区:千里:5,千里,2,1,linoone,Linoone,4,4,tier2,representative-exact-tier
gym:tier2:千里,gen7,gym:丰缘地区:千里:5,千里,2,2,kangaskhan,Kangaskhan,5,5,tier3,representative-exact-tier
gym:tier2:千里,gen7,gym:丰缘地区:千里:5,千里,2,3,chansey,Chansey,5,5,tier3,representative-exact-tier
gym:tier2:千里,gen7,gym:丰缘地区:千里:5,千里,3,1,linoone,Linoone,4,4,tier2,representative-exact-tier
gym:tier2:千里,gen7,gym:丰缘地区:千里:5,千里,3,2,kangaskhan,Kangaskhan,5,5,tier3,representative-exact-tier
gym:tier2:千里,gen7,gym:丰缘地区:千里:5,千里,3,3,chansey,Chansey,5,5,tier3,representative-exact-tier
gym:tier2:千里,gen7,gym:丰缘地区:千里:5,千里,4,1,linoone,Linoone,4,4,tier2,representative-exact-tier
gym:tier2:千里,gen7,gym:丰缘地区:千里:5,千里,4,2,kangaskhan,Kangaskhan,5,5,tier3,representative-exact-tier
gym:tier2:千里,gen7,gym:丰缘地区:千里:5,千里,4,3,chansey,Chansey,5,5,tier3,representative-exact-tier
gym:tier2:千里,gen8,gym:丰缘地区:千里:5,千里,1,1,linoone,Linoone,4,4,tier2,representative-exact-tier
gym:tier2:千里,gen8,gym:丰缘地区:千里:5,千里,1,2,kangaskhan,Kangaskhan,5,5,tier3,representative-exact-tier
gym:tier2:千里,gen8,gym:丰缘地区:千里:5,千里,1,3,centiskorch,Centiskorch,5,5,tier3,gmax-system-fill
gym:tier2:千里,gen8,gym:丰缘地区:千里:5,千里,2,1,linoone,Linoone,4,4,tier2,representative-exact-tier
gym:tier2:千里,gen8,gym:丰缘地区:千里:5,千里,2,2,kangaskhan,Kangaskhan,5,5,tier3,representative-exact-tier
gym:tier2:千里,gen8,gym:丰缘地区:千里:5,千里,2,3,cinderace,Cinderace,5,5,tier3,gmax-system-fill
gym:tier2:千里,gen8,gym:丰缘地区:千里:5,千里,3,1,linoone,Linoone,4,4,tier2,representative-exact-tier
gym:tier2:千里,gen8,gym:丰缘地区:千里:5,千里,3,2,kangaskhan,Kangaskhan,5,5,tier3,representative-exact-tier
gym:tier2:千里,gen8,gym:丰缘地区:千里:5,千里,3,3,rillaboom,Rillaboom,5,5,tier3,gmax-system-fill
gym:tier2:千里,gen8,gym:丰缘地区:千里:5,千里,4,1,linoone,Linoone,4,4,tier2,representative-exact-tier
gym:tier2:千里,gen8,gym:丰缘地区:千里:5,千里,4,2,kangaskhan,Kangaskhan,5,5,tier3,representative-exact-tier
gym:tier2:千里,gen8,gym:丰缘地区:千里:5,千里,4,3,cinderace,Cinderace,5,5,tier3,gmax-system-fill
gym:tier2:千里,gen9,gym:丰缘地区:千里:5,千里,1,1,linoone,Linoone,4,4,tier2,representative-exact-tier
gym:tier2:千里,gen9,gym:丰缘地区:千里:5,千里,1,2,kangaskhan,Kangaskhan,5,5,tier3,representative-exact-tier
gym:tier2:千里,gen9,gym:丰缘地区:千里:5,千里,1,3,chansey,Chansey,5,5,tier3,representative-exact-tier
gym:tier2:千里,gen9,gym:丰缘地区:千里:5,千里,2,1,linoone,Linoone,4,4,tier2,representative-exact-tier
gym:tier2:千里,gen9,gym:丰缘地区:千里:5,千里,2,2,kangaskhan,Kangaskhan,5,5,tier3,representative-exact-tier
gym:tier2:千里,gen9,gym:丰缘地区:千里:5,千里,2,3,chansey,Chansey,5,5,tier3,representative-exact-tier
gym:tier2:千里,gen9,gym:丰缘地区:千里:5,千里,3,1,linoone,Linoone,4,4,tier2,representative-exact-tier
gym:tier2:千里,gen9,gym:丰缘地区:千里:5,千里,3,2,kangaskhan,Kangaskhan,5,5,tier3,representative-exact-tier
gym:tier2:千里,gen9,gym:丰缘地区:千里:5,千里,3,3,chansey,Chansey,5,5,tier3,representative-exact-tier
gym:tier2:千里,gen9,gym:丰缘地区:千里:5,千里,4,1,linoone,Linoone,4,4,tier2,representative-exact-tier
gym:tier2:千里,gen9,gym:丰缘地区:千里:5,千里,4,2,kangaskhan,Kangaskhan,5,5,tier3,representative-exact-tier
gym:tier2:千里,gen9,gym:丰缘地区:千里:5,千里,4,3,chansey,Chansey,5,5,tier3,representative-exact-tier
gym:tier2:娜琪,none,gym:丰缘地区:娜琪:6,娜琪,1,1,pelipper,Pelipper,4,4,tier2,representative-exact-tier
gym:tier2:娜琪,none,gym:丰缘地区:娜琪:6,娜琪,1,2,skarmory,Skarmory,5,5,tier3,representative-exact-tier
gym:tier2:娜琪,none,gym:丰缘地区:娜琪:6,娜琪,1,3,altaria,Altaria,5,5,tier3,representative-exact-tier
gym:tier2:娜琪,none,gym:丰缘地区:娜琪:6,娜琪,2,1,pelipper,Pelipper,4,4,tier2,representative-exact-tier
gym:tier2:娜琪,none,gym:丰缘地区:娜琪:6,娜琪,2,2,skarmory,Skarmory,5,5,tier3,representative-exact-tier
gym:tier2:娜琪,none,gym:丰缘地区:娜琪:6,娜琪,2,3,altaria,Altaria,5,5,tier3,representative-exact-tier
gym:tier2:娜琪,none,gym:丰缘地区:娜琪:6,娜琪,3,1,pelipper,Pelipper,4,4,tier2,representative-exact-tier
gym:tier2:娜琪,none,gym:丰缘地区:娜琪:6,娜琪,3,2,skarmory,Skarmory,5,5,tier3,representative-exact-tier
gym:tier2:娜琪,none,gym:丰缘地区:娜琪:6,娜琪,3,3,altaria,Altaria,5,5,tier3,representative-exact-tier
gym:tier2:娜琪,none,gym:丰缘地区:娜琪:6,娜琪,4,1,pelipper,Pelipper,4,4,tier2,representative-exact-tier
gym:tier2:娜琪,none,gym:丰缘地区:娜琪:6,娜琪,4,2,skarmory,Skarmory,5,5,tier3,representative-exact-tier
gym:tier2:娜琪,none,gym:丰缘地区:娜琪:6,娜琪,4,3,altaria,Altaria,5,5,tier3,representative-exact-tier
gym:tier2:娜琪,gen7,gym:丰缘地区:娜琪:6,娜琪,1,1,pelipper,Pelipper,4,4,tier2,representative-exact-tier
gym:tier2:娜琪,gen7,gym:丰缘地区:娜琪:6,娜琪,1,2,skarmory,Skarmory,5,5,tier3,representative-exact-tier
gym:tier2:娜琪,gen7,gym:丰缘地区:娜琪:6,娜琪,1,3,altaria,Altaria,5,5,tier3,representative-exact-tier
gym:tier2:娜琪,gen7,gym:丰缘地区:娜琪:6,娜琪,2,1,pelipper,Pelipper,4,4,tier2,representative-exact-tier
gym:tier2:娜琪,gen7,gym:丰缘地区:娜琪:6,娜琪,2,2,skarmory,Skarmory,5,5,tier3,representative-exact-tier
gym:tier2:娜琪,gen7,gym:丰缘地区:娜琪:6,娜琪,2,3,altaria,Altaria,5,5,tier3,representative-exact-tier
gym:tier2:娜琪,gen7,gym:丰缘地区:娜琪:6,娜琪,3,1,pelipper,Pelipper,4,4,tier2,representative-exact-tier
gym:tier2:娜琪,gen7,gym:丰缘地区:娜琪:6,娜琪,3,2,skarmory,Skarmory,5,5,tier3,representative-exact-tier
gym:tier2:娜琪,gen7,gym:丰缘地区:娜琪:6,娜琪,3,3,altaria,Altaria,5,5,tier3,representative-exact-tier
gym:tier2:娜琪,gen7,gym:丰缘地区:娜琪:6,娜琪,4,1,pelipper,Pelipper,4,4,tier2,representative-exact-tier
gym:tier2:娜琪,gen7,gym:丰缘地区:娜琪:6,娜琪,4,2,skarmory,Skarmory,5,5,tier3,representative-exact-tier
gym:tier2:娜琪,gen7,gym:丰缘地区:娜琪:6,娜琪,4,3,altaria,Altaria,5,5,tier3,representative-exact-tier
gym:tier2:娜琪,gen8,gym:丰缘地区:娜琪:6,娜琪,1,1,pelipper,Pelipper,4,4,tier2,representative-exact-tier
gym:tier2:娜琪,gen8,gym:丰缘地区:娜琪:6,娜琪,1,2,skarmory,Skarmory,5,5,tier3,representative-exact-tier
gym:tier2:娜琪,gen8,gym:丰缘地区:娜琪:6,娜琪,1,3,inteleon,Inteleon,5,5,tier3,gmax-system-fill-theme
gym:tier2:娜琪,gen8,gym:丰缘地区:娜琪:6,娜琪,2,1,pelipper,Pelipper,4,4,tier2,representative-exact-tier
gym:tier2:娜琪,gen8,gym:丰缘地区:娜琪:6,娜琪,2,2,skarmory,Skarmory,5,5,tier3,representative-exact-tier
gym:tier2:娜琪,gen8,gym:丰缘地区:娜琪:6,娜琪,2,3,inteleon,Inteleon,5,5,tier3,gmax-system-fill-theme
gym:tier2:娜琪,gen8,gym:丰缘地区:娜琪:6,娜琪,3,1,pelipper,Pelipper,4,4,tier2,representative-exact-tier
gym:tier2:娜琪,gen8,gym:丰缘地区:娜琪:6,娜琪,3,2,skarmory,Skarmory,5,5,tier3,representative-exact-tier
gym:tier2:娜琪,gen8,gym:丰缘地区:娜琪:6,娜琪,3,3,inteleon,Inteleon,5,5,tier3,gmax-system-fill-theme
gym:tier2:娜琪,gen8,gym:丰缘地区:娜琪:6,娜琪,4,1,pelipper,Pelipper,4,4,tier2,representative-exact-tier
gym:tier2:娜琪,gen8,gym:丰缘地区:娜琪:6,娜琪,4,2,skarmory,Skarmory,5,5,tier3,representative-exact-tier
gym:tier2:娜琪,gen8,gym:丰缘地区:娜琪:6,娜琪,4,3,inteleon,Inteleon,5,5,tier3,gmax-system-fill-theme
gym:tier2:娜琪,gen9,gym:丰缘地区:娜琪:6,娜琪,1,1,pelipper,Pelipper,4,4,tier2,representative-exact-tier
gym:tier2:娜琪,gen9,gym:丰缘地区:娜琪:6,娜琪,1,2,skarmory,Skarmory,5,5,tier3,representative-exact-tier
gym:tier2:娜琪,gen9,gym:丰缘地区:娜琪:6,娜琪,1,3,altaria,Altaria,5,5,tier3,representative-exact-tier
gym:tier2:娜琪,gen9,gym:丰缘地区:娜琪:6,娜琪,2,1,pelipper,Pelipper,4,4,tier2,representative-exact-tier
gym:tier2:娜琪,gen9,gym:丰缘地区:娜琪:6,娜琪,2,2,skarmory,Skarmory,5,5,tier3,representative-exact-tier
gym:tier2:娜琪,gen9,gym:丰缘地区:娜琪:6,娜琪,2,3,altaria,Altaria,5,5,tier3,representative-exact-tier
gym:tier2:娜琪,gen9,gym:丰缘地区:娜琪:6,娜琪,3,1,pelipper,Pelipper,4,4,tier2,representative-exact-tier
gym:tier2:娜琪,gen9,gym:丰缘地区:娜琪:6,娜琪,3,2,skarmory,Skarmory,5,5,tier3,representative-exact-tier
gym:tier2:娜琪,gen9,gym:丰缘地区:娜琪:6,娜琪,3,3,altaria,Altaria,5,5,tier3,representative-exact-tier
gym:tier2:娜琪,gen9,gym:丰缘地区:娜琪:6,娜琪,4,1,pelipper,Pelipper,4,4,tier2,representative-exact-tier
gym:tier2:娜琪,gen9,gym:丰缘地区:娜琪:6,娜琪,4,2,skarmory,Skarmory,5,5,tier3,representative-exact-tier
gym:tier2:娜琪,gen9,gym:丰缘地区:娜琪:6,娜琪,4,3,altaria,Altaria,5,5,tier3,representative-exact-tier
gym:tier3:小枫与小南,none,gym:丰缘地区:小枫与小南:7,小枫与小南,1,1,claydol,Claydol,5,5,tier3,representative-exact-tier
gym:tier3:小枫与小南,none,gym:丰缘地区:小枫与小南:7,小枫与小南,1,2,slowking,Slowking,5,5,tier4,representative-exact-tier
gym:tier3:小枫与小南,none,gym:丰缘地区:小枫与小南:7,小枫与小南,1,3,aerodactyl,Aerodactyl,6,6,tier4,theme-fill
gym:tier3:小枫与小南,none,gym:丰缘地区:小枫与小南:7,小枫与小南,2,1,claydol,Claydol,5,5,tier3,representative-exact-tier
gym:tier3:小枫与小南,none,gym:丰缘地区:小枫与小南:7,小枫与小南,2,2,slowking,Slowking,5,5,tier4,representative-exact-tier
gym:tier3:小枫与小南,none,gym:丰缘地区:小枫与小南:7,小枫与小南,2,3,aerodactyl,Aerodactyl,6,6,tier4,theme-fill
gym:tier3:小枫与小南,none,gym:丰缘地区:小枫与小南:7,小枫与小南,3,1,claydol,Claydol,5,5,tier3,representative-exact-tier
gym:tier3:小枫与小南,none,gym:丰缘地区:小枫与小南:7,小枫与小南,3,2,slowking,Slowking,5,5,tier4,representative-exact-tier
gym:tier3:小枫与小南,none,gym:丰缘地区:小枫与小南:7,小枫与小南,3,3,aerodactyl,Aerodactyl,6,6,tier4,theme-fill
gym:tier3:小枫与小南,none,gym:丰缘地区:小枫与小南:7,小枫与小南,4,1,claydol,Claydol,5,5,tier3,representative-exact-tier
gym:tier3:小枫与小南,none,gym:丰缘地区:小枫与小南:7,小枫与小南,4,2,slowking,Slowking,5,5,tier4,representative-exact-tier
gym:tier3:小枫与小南,none,gym:丰缘地区:小枫与小南:7,小枫与小南,4,3,aerodactyl,Aerodactyl,6,6,tier4,theme-fill
gym:tier3:小枫与小南,gen7,gym:丰缘地区:小枫与小南:7,小枫与小南,1,1,claydol,Claydol,5,5,tier3,representative-exact-tier
gym:tier3:小枫与小南,gen7,gym:丰缘地区:小枫与小南:7,小枫与小南,1,2,slowking,Slowking,5,5,tier4,representative-exact-tier
gym:tier3:小枫与小南,gen7,gym:丰缘地区:小枫与小南:7,小枫与小南,1,3,aerodactyl,Aerodactyl,6,6,tier4,theme-fill
gym:tier3:小枫与小南,gen7,gym:丰缘地区:小枫与小南:7,小枫与小南,2,1,claydol,Claydol,5,5,tier3,representative-exact-tier
gym:tier3:小枫与小南,gen7,gym:丰缘地区:小枫与小南:7,小枫与小南,2,2,slowking,Slowking,5,5,tier4,representative-exact-tier
gym:tier3:小枫与小南,gen7,gym:丰缘地区:小枫与小南:7,小枫与小南,2,3,aerodactyl,Aerodactyl,6,6,tier4,theme-fill
gym:tier3:小枫与小南,gen7,gym:丰缘地区:小枫与小南:7,小枫与小南,3,1,claydol,Claydol,5,5,tier3,representative-exact-tier
gym:tier3:小枫与小南,gen7,gym:丰缘地区:小枫与小南:7,小枫与小南,3,2,slowking,Slowking,5,5,tier4,representative-exact-tier
gym:tier3:小枫与小南,gen7,gym:丰缘地区:小枫与小南:7,小枫与小南,3,3,aerodactyl,Aerodactyl,6,6,tier4,theme-fill
gym:tier3:小枫与小南,gen7,gym:丰缘地区:小枫与小南:7,小枫与小南,4,1,claydol,Claydol,5,5,tier3,representative-exact-tier
gym:tier3:小枫与小南,gen7,gym:丰缘地区:小枫与小南:7,小枫与小南,4,2,slowking,Slowking,5,5,tier4,representative-exact-tier
gym:tier3:小枫与小南,gen7,gym:丰缘地区:小枫与小南:7,小枫与小南,4,3,aerodactyl,Aerodactyl,6,6,tier4,theme-fill
gym:tier3:小枫与小南,gen8,gym:丰缘地区:小枫与小南:7,小枫与小南,1,1,claydol,Claydol,5,5,tier3,representative-exact-tier
gym:tier3:小枫与小南,gen8,gym:丰缘地区:小枫与小南:7,小枫与小南,1,2,slowking,Slowking,5,5,tier4,representative-exact-tier
gym:tier3:小枫与小南,gen8,gym:丰缘地区:小枫与小南:7,小枫与小南,1,3,blastoise,Blastoise,6,6,tier4,gmax-system-fill-theme
gym:tier3:小枫与小南,gen8,gym:丰缘地区:小枫与小南:7,小枫与小南,2,1,claydol,Claydol,5,5,tier3,representative-exact-tier
gym:tier3:小枫与小南,gen8,gym:丰缘地区:小枫与小南:7,小枫与小南,2,2,slowking,Slowking,5,5,tier4,representative-exact-tier
gym:tier3:小枫与小南,gen8,gym:丰缘地区:小枫与小南:7,小枫与小南,2,3,blastoise,Blastoise,6,6,tier4,gmax-system-fill-theme
gym:tier3:小枫与小南,gen8,gym:丰缘地区:小枫与小南:7,小枫与小南,3,1,claydol,Claydol,5,5,tier3,representative-exact-tier
gym:tier3:小枫与小南,gen8,gym:丰缘地区:小枫与小南:7,小枫与小南,3,2,slowking,Slowking,5,5,tier4,representative-exact-tier
gym:tier3:小枫与小南,gen8,gym:丰缘地区:小枫与小南:7,小枫与小南,3,3,blastoise,Blastoise,6,6,tier4,gmax-system-fill-theme
gym:tier3:小枫与小南,gen8,gym:丰缘地区:小枫与小南:7,小枫与小南,4,1,claydol,Claydol,5,5,tier3,representative-exact-tier
gym:tier3:小枫与小南,gen8,gym:丰缘地区:小枫与小南:7,小枫与小南,4,2,slowking,Slowking,5,5,tier4,representative-exact-tier
gym:tier3:小枫与小南,gen8,gym:丰缘地区:小枫与小南:7,小枫与小南,4,3,blastoise,Blastoise,6,6,tier4,gmax-system-fill-theme
gym:tier3:小枫与小南,gen9,gym:丰缘地区:小枫与小南:7,小枫与小南,1,1,claydol,Claydol,5,5,tier3,representative-exact-tier
gym:tier3:小枫与小南,gen9,gym:丰缘地区:小枫与小南:7,小枫与小南,1,2,slowking,Slowking,5,5,tier4,representative-exact-tier
gym:tier3:小枫与小南,gen9,gym:丰缘地区:小枫与小南:7,小枫与小南,1,3,aerodactyl,Aerodactyl,6,6,tier4,theme-fill
gym:tier3:小枫与小南,gen9,gym:丰缘地区:小枫与小南:7,小枫与小南,2,1,claydol,Claydol,5,5,tier3,representative-exact-tier
gym:tier3:小枫与小南,gen9,gym:丰缘地区:小枫与小南:7,小枫与小南,2,2,slowking,Slowking,5,5,tier4,representative-exact-tier
gym:tier3:小枫与小南,gen9,gym:丰缘地区:小枫与小南:7,小枫与小南,2,3,aerodactyl,Aerodactyl,6,6,tier4,theme-fill
gym:tier3:小枫与小南,gen9,gym:丰缘地区:小枫与小南:7,小枫与小南,3,1,claydol,Claydol,5,5,tier3,representative-exact-tier
gym:tier3:小枫与小南,gen9,gym:丰缘地区:小枫与小南:7,小枫与小南,3,2,slowking,Slowking,5,5,tier4,representative-exact-tier
gym:tier3:小枫与小南,gen9,gym:丰缘地区:小枫与小南:7,小枫与小南,3,3,aerodactyl,Aerodactyl,6,6,tier4,theme-fill
gym:tier3:小枫与小南,gen9,gym:丰缘地区:小枫与小南:7,小枫与小南,4,1,claydol,Claydol,5,5,tier3,representative-exact-tier
gym:tier3:小枫与小南,gen9,gym:丰缘地区:小枫与小南:7,小枫与小南,4,2,slowking,Slowking,5,5,tier4,representative-exact-tier
gym:tier3:小枫与小南,gen9,gym:丰缘地区:小枫与小南:7,小枫与小南,4,3,aerodactyl,Aerodactyl,6,6,tier4,theme-fill
gym:tier3:米可利,none,gym:丰缘地区:米可利:8,米可利,1,1,ludicolo,Ludicolo,5,5,tier3,representative-exact-tier
gym:tier3:米可利,none,gym:丰缘地区:米可利:8,米可利,1,2,wailord,Wailord,5,5,tier4,representative-exact-tier
gym:tier3:米可利,none,gym:丰缘地区:米可利:8,米可利,1,3,milotic,Milotic,6,6,tier4,representative-exact-tier
gym:tier3:米可利,none,gym:丰缘地区:米可利:8,米可利,2,1,ludicolo,Ludicolo,5,5,tier3,representative-exact-tier
gym:tier3:米可利,none,gym:丰缘地区:米可利:8,米可利,2,2,wailord,Wailord,5,5,tier4,representative-exact-tier
gym:tier3:米可利,none,gym:丰缘地区:米可利:8,米可利,2,3,milotic,Milotic,6,6,tier4,representative-exact-tier
gym:tier3:米可利,none,gym:丰缘地区:米可利:8,米可利,3,1,ludicolo,Ludicolo,5,5,tier3,representative-exact-tier
gym:tier3:米可利,none,gym:丰缘地区:米可利:8,米可利,3,2,wailord,Wailord,5,5,tier4,representative-exact-tier
gym:tier3:米可利,none,gym:丰缘地区:米可利:8,米可利,3,3,milotic,Milotic,6,6,tier4,representative-exact-tier
gym:tier3:米可利,none,gym:丰缘地区:米可利:8,米可利,4,1,ludicolo,Ludicolo,5,5,tier3,representative-exact-tier
gym:tier3:米可利,none,gym:丰缘地区:米可利:8,米可利,4,2,wailord,Wailord,5,5,tier4,representative-exact-tier
gym:tier3:米可利,none,gym:丰缘地区:米可利:8,米可利,4,3,milotic,Milotic,6,6,tier4,representative-exact-tier
gym:tier3:米可利,gen7,gym:丰缘地区:米可利:8,米可利,1,1,ludicolo,Ludicolo,5,5,tier3,representative-exact-tier
gym:tier3:米可利,gen7,gym:丰缘地区:米可利:8,米可利,1,2,wailord,Wailord,5,5,tier4,representative-exact-tier
gym:tier3:米可利,gen7,gym:丰缘地区:米可利:8,米可利,1,3,aerodactyl,Aerodactyl,6,6,tier4,mega-system-fill-theme
gym:tier3:米可利,gen7,gym:丰缘地区:米可利:8,米可利,2,1,ludicolo,Ludicolo,5,5,tier3,representative-exact-tier
gym:tier3:米可利,gen7,gym:丰缘地区:米可利:8,米可利,2,2,wailord,Wailord,5,5,tier4,representative-exact-tier
gym:tier3:米可利,gen7,gym:丰缘地区:米可利:8,米可利,2,3,aerodactyl,Aerodactyl,6,6,tier4,mega-system-fill-theme
gym:tier3:米可利,gen7,gym:丰缘地区:米可利:8,米可利,3,1,ludicolo,Ludicolo,5,5,tier3,representative-exact-tier
gym:tier3:米可利,gen7,gym:丰缘地区:米可利:8,米可利,3,2,wailord,Wailord,5,5,tier4,representative-exact-tier
gym:tier3:米可利,gen7,gym:丰缘地区:米可利:8,米可利,3,3,aerodactyl,Aerodactyl,6,6,tier4,mega-system-fill-theme
gym:tier3:米可利,gen7,gym:丰缘地区:米可利:8,米可利,4,1,ludicolo,Ludicolo,5,5,tier3,representative-exact-tier
gym:tier3:米可利,gen7,gym:丰缘地区:米可利:8,米可利,4,2,wailord,Wailord,5,5,tier4,representative-exact-tier
gym:tier3:米可利,gen7,gym:丰缘地区:米可利:8,米可利,4,3,aerodactyl,Aerodactyl,6,6,tier4,mega-system-fill-theme
gym:tier3:米可利,gen8,gym:丰缘地区:米可利:8,米可利,1,1,ludicolo,Ludicolo,5,5,tier3,representative-exact-tier
gym:tier3:米可利,gen8,gym:丰缘地区:米可利:8,米可利,1,2,wailord,Wailord,5,5,tier4,representative-exact-tier
gym:tier3:米可利,gen8,gym:丰缘地区:米可利:8,米可利,1,3,blastoise,Blastoise,6,6,tier4,gmax-system-fill-theme
gym:tier3:米可利,gen8,gym:丰缘地区:米可利:8,米可利,2,1,ludicolo,Ludicolo,5,5,tier3,representative-exact-tier
gym:tier3:米可利,gen8,gym:丰缘地区:米可利:8,米可利,2,2,wailord,Wailord,5,5,tier4,representative-exact-tier
gym:tier3:米可利,gen8,gym:丰缘地区:米可利:8,米可利,2,3,blastoise,Blastoise,6,6,tier4,gmax-system-fill-theme
gym:tier3:米可利,gen8,gym:丰缘地区:米可利:8,米可利,3,1,ludicolo,Ludicolo,5,5,tier3,representative-exact-tier
gym:tier3:米可利,gen8,gym:丰缘地区:米可利:8,米可利,3,2,wailord,Wailord,5,5,tier4,representative-exact-tier
gym:tier3:米可利,gen8,gym:丰缘地区:米可利:8,米可利,3,3,blastoise,Blastoise,6,6,tier4,gmax-system-fill-theme
gym:tier3:米可利,gen8,gym:丰缘地区:米可利:8,米可利,4,1,ludicolo,Ludicolo,5,5,tier3,representative-exact-tier
gym:tier3:米可利,gen8,gym:丰缘地区:米可利:8,米可利,4,2,wailord,Wailord,5,5,tier4,representative-exact-tier
gym:tier3:米可利,gen8,gym:丰缘地区:米可利:8,米可利,4,3,blastoise,Blastoise,6,6,tier4,gmax-system-fill-theme
gym:tier3:米可利,gen9,gym:丰缘地区:米可利:8,米可利,1,1,ludicolo,Ludicolo,5,5,tier3,representative-exact-tier
gym:tier3:米可利,gen9,gym:丰缘地区:米可利:8,米可利,1,2,wailord,Wailord,5,5,tier4,representative-exact-tier
gym:tier3:米可利,gen9,gym:丰缘地区:米可利:8,米可利,1,3,milotic,Milotic,6,6,tier4,representative-exact-tier
gym:tier3:米可利,gen9,gym:丰缘地区:米可利:8,米可利,2,1,ludicolo,Ludicolo,5,5,tier3,representative-exact-tier
gym:tier3:米可利,gen9,gym:丰缘地区:米可利:8,米可利,2,2,wailord,Wailord,5,5,tier4,representative-exact-tier
gym:tier3:米可利,gen9,gym:丰缘地区:米可利:8,米可利,2,3,milotic,Milotic,6,6,tier4,representative-exact-tier
gym:tier3:米可利,gen9,gym:丰缘地区:米可利:8,米可利,3,1,ludicolo,Ludicolo,5,5,tier3,representative-exact-tier
gym:tier3:米可利,gen9,gym:丰缘地区:米可利:8,米可利,3,2,wailord,Wailord,5,5,tier4,representative-exact-tier
gym:tier3:米可利,gen9,gym:丰缘地区:米可利:8,米可利,3,3,milotic,Milotic,6,6,tier4,representative-exact-tier
gym:tier3:米可利,gen9,gym:丰缘地区:米可利:8,米可利,4,1,ludicolo,Ludicolo,5,5,tier3,representative-exact-tier
gym:tier3:米可利,gen9,gym:丰缘地区:米可利:8,米可利,4,2,wailord,Wailord,5,5,tier4,representative-exact-tier
gym:tier3:米可利,gen9,gym:丰缘地区:米可利:8,米可利,4,3,milotic,Milotic,6,6,tier4,representative-exact-tier
gym:tier3:亚当,none,gym:丰缘地区:亚当:9,亚当,1,1,crawdaunt,Crawdaunt,5,5,tier3,representative-exact-tier
gym:tier3:亚当,none,gym:丰缘地区:亚当:9,亚当,1,2,politoed,Politoed,5,5,tier4,representative-exact-tier
gym:tier3:亚当,none,gym:丰缘地区:亚当:9,亚当,1,3,kingdra,Kingdra,6,6,tier4,representative-exact-tier
gym:tier3:亚当,none,gym:丰缘地区:亚当:9,亚当,2,1,crawdaunt,Crawdaunt,5,5,tier3,representative-exact-tier
gym:tier3:亚当,none,gym:丰缘地区:亚当:9,亚当,2,2,politoed,Politoed,5,5,tier4,representative-exact-tier
gym:tier3:亚当,none,gym:丰缘地区:亚当:9,亚当,2,3,kingdra,Kingdra,6,6,tier4,representative-exact-tier
gym:tier3:亚当,none,gym:丰缘地区:亚当:9,亚当,3,1,crawdaunt,Crawdaunt,5,5,tier3,representative-exact-tier
gym:tier3:亚当,none,gym:丰缘地区:亚当:9,亚当,3,2,politoed,Politoed,5,5,tier4,representative-exact-tier
gym:tier3:亚当,none,gym:丰缘地区:亚当:9,亚当,3,3,kingdra,Kingdra,6,6,tier4,representative-exact-tier
gym:tier3:亚当,none,gym:丰缘地区:亚当:9,亚当,4,1,crawdaunt,Crawdaunt,5,5,tier3,representative-exact-tier
gym:tier3:亚当,none,gym:丰缘地区:亚当:9,亚当,4,2,politoed,Politoed,5,5,tier4,representative-exact-tier
gym:tier3:亚当,none,gym:丰缘地区:亚当:9,亚当,4,3,kingdra,Kingdra,6,6,tier4,representative-exact-tier
gym:tier3:亚当,gen7,gym:丰缘地区:亚当:9,亚当,1,1,crawdaunt,Crawdaunt,5,5,tier3,representative-exact-tier
gym:tier3:亚当,gen7,gym:丰缘地区:亚当:9,亚当,1,2,politoed,Politoed,5,5,tier4,representative-exact-tier
gym:tier3:亚当,gen7,gym:丰缘地区:亚当:9,亚当,1,3,blastoise,Blastoise,6,6,tier4,mega-system-fill-theme
gym:tier3:亚当,gen7,gym:丰缘地区:亚当:9,亚当,2,1,crawdaunt,Crawdaunt,5,5,tier3,representative-exact-tier
gym:tier3:亚当,gen7,gym:丰缘地区:亚当:9,亚当,2,2,politoed,Politoed,5,5,tier4,representative-exact-tier
gym:tier3:亚当,gen7,gym:丰缘地区:亚当:9,亚当,2,3,blastoise,Blastoise,6,6,tier4,mega-system-fill-theme
gym:tier3:亚当,gen7,gym:丰缘地区:亚当:9,亚当,3,1,crawdaunt,Crawdaunt,5,5,tier3,representative-exact-tier
gym:tier3:亚当,gen7,gym:丰缘地区:亚当:9,亚当,3,2,politoed,Politoed,5,5,tier4,representative-exact-tier
gym:tier3:亚当,gen7,gym:丰缘地区:亚当:9,亚当,3,3,blastoise,Blastoise,6,6,tier4,mega-system-fill-theme
gym:tier3:亚当,gen7,gym:丰缘地区:亚当:9,亚当,4,1,crawdaunt,Crawdaunt,5,5,tier3,representative-exact-tier
gym:tier3:亚当,gen7,gym:丰缘地区:亚当:9,亚当,4,2,politoed,Politoed,5,5,tier4,representative-exact-tier
gym:tier3:亚当,gen7,gym:丰缘地区:亚当:9,亚当,4,3,blastoise,Blastoise,6,6,tier4,mega-system-fill-theme
gym:tier3:亚当,gen8,gym:丰缘地区:亚当:9,亚当,1,1,crawdaunt,Crawdaunt,5,5,tier3,representative-exact-tier
gym:tier3:亚当,gen8,gym:丰缘地区:亚当:9,亚当,1,2,politoed,Politoed,5,5,tier4,representative-exact-tier
gym:tier3:亚当,gen8,gym:丰缘地区:亚当:9,亚当,1,3,blastoise,Blastoise,6,6,tier4,gmax-system-fill-theme
gym:tier3:亚当,gen8,gym:丰缘地区:亚当:9,亚当,2,1,crawdaunt,Crawdaunt,5,5,tier3,representative-exact-tier
gym:tier3:亚当,gen8,gym:丰缘地区:亚当:9,亚当,2,2,politoed,Politoed,5,5,tier4,representative-exact-tier
gym:tier3:亚当,gen8,gym:丰缘地区:亚当:9,亚当,2,3,blastoise,Blastoise,6,6,tier4,gmax-system-fill-theme
gym:tier3:亚当,gen8,gym:丰缘地区:亚当:9,亚当,3,1,crawdaunt,Crawdaunt,5,5,tier3,representative-exact-tier
gym:tier3:亚当,gen8,gym:丰缘地区:亚当:9,亚当,3,2,politoed,Politoed,5,5,tier4,representative-exact-tier
gym:tier3:亚当,gen8,gym:丰缘地区:亚当:9,亚当,3,3,blastoise,Blastoise,6,6,tier4,gmax-system-fill-theme
gym:tier3:亚当,gen8,gym:丰缘地区:亚当:9,亚当,4,1,crawdaunt,Crawdaunt,5,5,tier3,representative-exact-tier
gym:tier3:亚当,gen8,gym:丰缘地区:亚当:9,亚当,4,2,politoed,Politoed,5,5,tier4,representative-exact-tier
gym:tier3:亚当,gen8,gym:丰缘地区:亚当:9,亚当,4,3,blastoise,Blastoise,6,6,tier4,gmax-system-fill-theme
gym:tier3:亚当,gen9,gym:丰缘地区:亚当:9,亚当,1,1,crawdaunt,Crawdaunt,5,5,tier3,representative-exact-tier
gym:tier3:亚当,gen9,gym:丰缘地区:亚当:9,亚当,1,2,politoed,Politoed,5,5,tier4,representative-exact-tier
gym:tier3:亚当,gen9,gym:丰缘地区:亚当:9,亚当,1,3,kingdra,Kingdra,6,6,tier4,representative-exact-tier
gym:tier3:亚当,gen9,gym:丰缘地区:亚当:9,亚当,2,1,crawdaunt,Crawdaunt,5,5,tier3,representative-exact-tier
gym:tier3:亚当,gen9,gym:丰缘地区:亚当:9,亚当,2,2,politoed,Politoed,5,5,tier4,representative-exact-tier
gym:tier3:亚当,gen9,gym:丰缘地区:亚当:9,亚当,2,3,kingdra,Kingdra,6,6,tier4,representative-exact-tier
gym:tier3:亚当,gen9,gym:丰缘地区:亚当:9,亚当,3,1,crawdaunt,Crawdaunt,5,5,tier3,representative-exact-tier
gym:tier3:亚当,gen9,gym:丰缘地区:亚当:9,亚当,3,2,politoed,Politoed,5,5,tier4,representative-exact-tier
gym:tier3:亚当,gen9,gym:丰缘地区:亚当:9,亚当,3,3,kingdra,Kingdra,6,6,tier4,representative-exact-tier
gym:tier3:亚当,gen9,gym:丰缘地区:亚当:9,亚当,4,1,crawdaunt,Crawdaunt,5,5,tier3,representative-exact-tier
gym:tier3:亚当,gen9,gym:丰缘地区:亚当:9,亚当,4,2,politoed,Politoed,5,5,tier4,representative-exact-tier
gym:tier3:亚当,gen9,gym:丰缘地区:亚当:9,亚当,4,3,kingdra,Kingdra,6,6,tier4,representative-exact-tier
elite4:elite4:花月,none,elite4:丰缘地区:花月:1,花月,1,1,shiftry,Shiftry,5,5,tier3,representative-exact-tier
elite4:elite4:花月,none,elite4:丰缘地区:花月:1,花月,1,2,sharpedo,Sharpedo,5,5,tier4,representative-exact-tier
elite4:elite4:花月,none,elite4:丰缘地区:花月:1,花月,1,3,zoroark,Zoroark,6,6,tier4,representative-exact-tier
elite4:elite4:花月,none,elite4:丰缘地区:花月:1,花月,2,1,shiftry,Shiftry,5,5,tier3,representative-exact-tier
elite4:elite4:花月,none,elite4:丰缘地区:花月:1,花月,2,2,sharpedo,Sharpedo,5,5,tier4,representative-exact-tier
elite4:elite4:花月,none,elite4:丰缘地区:花月:1,花月,2,3,zoroark,Zoroark,6,6,tier4,representative-exact-tier
elite4:elite4:花月,none,elite4:丰缘地区:花月:1,花月,3,1,shiftry,Shiftry,5,5,tier3,representative-exact-tier
elite4:elite4:花月,none,elite4:丰缘地区:花月:1,花月,3,2,sharpedo,Sharpedo,5,5,tier4,representative-exact-tier
elite4:elite4:花月,none,elite4:丰缘地区:花月:1,花月,3,3,zoroark,Zoroark,6,6,tier4,representative-exact-tier
elite4:elite4:花月,none,elite4:丰缘地区:花月:1,花月,4,1,shiftry,Shiftry,5,5,tier3,representative-exact-tier
elite4:elite4:花月,none,elite4:丰缘地区:花月:1,花月,4,2,sharpedo,Sharpedo,5,5,tier4,representative-exact-tier
elite4:elite4:花月,none,elite4:丰缘地区:花月:1,花月,4,3,zoroark,Zoroark,6,6,tier4,representative-exact-tier
elite4:elite4:花月,gen7,elite4:丰缘地区:花月:1,花月,1,1,shiftry,Shiftry,5,5,tier3,representative-exact-tier
elite4:elite4:花月,gen7,elite4:丰缘地区:花月:1,花月,1,2,sharpedo,Sharpedo,5,5,tier4,representative-exact-tier
elite4:elite4:花月,gen7,elite4:丰缘地区:花月:1,花月,1,3,zoroark,Zoroark,6,6,tier4,representative-exact-tier
elite4:elite4:花月,gen7,elite4:丰缘地区:花月:1,花月,2,1,shiftry,Shiftry,5,5,tier3,representative-exact-tier
elite4:elite4:花月,gen7,elite4:丰缘地区:花月:1,花月,2,2,sharpedo,Sharpedo,5,5,tier4,representative-exact-tier
elite4:elite4:花月,gen7,elite4:丰缘地区:花月:1,花月,2,3,zoroark,Zoroark,6,6,tier4,representative-exact-tier
elite4:elite4:花月,gen7,elite4:丰缘地区:花月:1,花月,3,1,shiftry,Shiftry,5,5,tier3,representative-exact-tier
elite4:elite4:花月,gen7,elite4:丰缘地区:花月:1,花月,3,2,sharpedo,Sharpedo,5,5,tier4,representative-exact-tier
elite4:elite4:花月,gen7,elite4:丰缘地区:花月:1,花月,3,3,zoroark,Zoroark,6,6,tier4,representative-exact-tier
elite4:elite4:花月,gen7,elite4:丰缘地区:花月:1,花月,4,1,shiftry,Shiftry,5,5,tier3,representative-exact-tier
elite4:elite4:花月,gen7,elite4:丰缘地区:花月:1,花月,4,2,sharpedo,Sharpedo,5,5,tier4,representative-exact-tier
elite4:elite4:花月,gen7,elite4:丰缘地区:花月:1,花月,4,3,zoroark,Zoroark,6,6,tier4,representative-exact-tier
elite4:elite4:花月,gen8,elite4:丰缘地区:花月:1,花月,1,1,shiftry,Shiftry,5,5,tier3,representative-exact-tier
elite4:elite4:花月,gen8,elite4:丰缘地区:花月:1,花月,1,2,sharpedo,Sharpedo,5,5,tier4,representative-exact-tier
elite4:elite4:花月,gen8,elite4:丰缘地区:花月:1,花月,1,3,blastoise,Blastoise,6,6,tier4,gmax-system-fill-theme
elite4:elite4:花月,gen8,elite4:丰缘地区:花月:1,花月,2,1,shiftry,Shiftry,5,5,tier3,representative-exact-tier
elite4:elite4:花月,gen8,elite4:丰缘地区:花月:1,花月,2,2,sharpedo,Sharpedo,5,5,tier4,representative-exact-tier
elite4:elite4:花月,gen8,elite4:丰缘地区:花月:1,花月,2,3,blastoise,Blastoise,6,6,tier4,gmax-system-fill-theme
elite4:elite4:花月,gen8,elite4:丰缘地区:花月:1,花月,3,1,shiftry,Shiftry,5,5,tier3,representative-exact-tier
elite4:elite4:花月,gen8,elite4:丰缘地区:花月:1,花月,3,2,sharpedo,Sharpedo,5,5,tier4,representative-exact-tier
elite4:elite4:花月,gen8,elite4:丰缘地区:花月:1,花月,3,3,blastoise,Blastoise,6,6,tier4,gmax-system-fill-theme
elite4:elite4:花月,gen8,elite4:丰缘地区:花月:1,花月,4,1,shiftry,Shiftry,5,5,tier3,representative-exact-tier
elite4:elite4:花月,gen8,elite4:丰缘地区:花月:1,花月,4,2,sharpedo,Sharpedo,5,5,tier4,representative-exact-tier
elite4:elite4:花月,gen8,elite4:丰缘地区:花月:1,花月,4,3,blastoise,Blastoise,6,6,tier4,gmax-system-fill-theme
elite4:elite4:花月,gen9,elite4:丰缘地区:花月:1,花月,1,1,shiftry,Shiftry,5,5,tier3,representative-exact-tier
elite4:elite4:花月,gen9,elite4:丰缘地区:花月:1,花月,1,2,sharpedo,Sharpedo,5,5,tier4,representative-exact-tier
elite4:elite4:花月,gen9,elite4:丰缘地区:花月:1,花月,1,3,zoroark,Zoroark,6,6,tier4,representative-exact-tier
elite4:elite4:花月,gen9,elite4:丰缘地区:花月:1,花月,2,1,shiftry,Shiftry,5,5,tier3,representative-exact-tier
elite4:elite4:花月,gen9,elite4:丰缘地区:花月:1,花月,2,2,sharpedo,Sharpedo,5,5,tier4,representative-exact-tier
elite4:elite4:花月,gen9,elite4:丰缘地区:花月:1,花月,2,3,zoroark,Zoroark,6,6,tier4,representative-exact-tier
elite4:elite4:花月,gen9,elite4:丰缘地区:花月:1,花月,3,1,shiftry,Shiftry,5,5,tier3,representative-exact-tier
elite4:elite4:花月,gen9,elite4:丰缘地区:花月:1,花月,3,2,sharpedo,Sharpedo,5,5,tier4,representative-exact-tier
elite4:elite4:花月,gen9,elite4:丰缘地区:花月:1,花月,3,3,zoroark,Zoroark,6,6,tier4,representative-exact-tier
elite4:elite4:花月,gen9,elite4:丰缘地区:花月:1,花月,4,1,shiftry,Shiftry,5,5,tier3,representative-exact-tier
elite4:elite4:花月,gen9,elite4:丰缘地区:花月:1,花月,4,2,sharpedo,Sharpedo,5,5,tier4,representative-exact-tier
elite4:elite4:花月,gen9,elite4:丰缘地区:花月:1,花月,4,3,zoroark,Zoroark,6,6,tier4,representative-exact-tier
elite4:elite4:芙蓉,none,elite4:丰缘地区:芙蓉:2,芙蓉,1,1,mismagius,Mismagius,5,5,tier3,representative-exact-tier
elite4:elite4:芙蓉,none,elite4:丰缘地区:芙蓉:2,芙蓉,1,2,drifblim,Drifblim,5,5,tier4,representative-exact-tier
elite4:elite4:芙蓉,none,elite4:丰缘地区:芙蓉:2,芙蓉,1,3,dusknoir,Dusknoir,6,6,tier4,representative-exact-tier
elite4:elite4:芙蓉,none,elite4:丰缘地区:芙蓉:2,芙蓉,2,1,mismagius,Mismagius,5,5,tier3,representative-exact-tier
elite4:elite4:芙蓉,none,elite4:丰缘地区:芙蓉:2,芙蓉,2,2,drifblim,Drifblim,5,5,tier4,representative-exact-tier
elite4:elite4:芙蓉,none,elite4:丰缘地区:芙蓉:2,芙蓉,2,3,dusknoir,Dusknoir,6,6,tier4,representative-exact-tier
elite4:elite4:芙蓉,none,elite4:丰缘地区:芙蓉:2,芙蓉,3,1,mismagius,Mismagius,5,5,tier3,representative-exact-tier
elite4:elite4:芙蓉,none,elite4:丰缘地区:芙蓉:2,芙蓉,3,2,drifblim,Drifblim,5,5,tier4,representative-exact-tier
elite4:elite4:芙蓉,none,elite4:丰缘地区:芙蓉:2,芙蓉,3,3,dusknoir,Dusknoir,6,6,tier4,representative-exact-tier
elite4:elite4:芙蓉,none,elite4:丰缘地区:芙蓉:2,芙蓉,4,1,mismagius,Mismagius,5,5,tier3,representative-exact-tier
elite4:elite4:芙蓉,none,elite4:丰缘地区:芙蓉:2,芙蓉,4,2,drifblim,Drifblim,5,5,tier4,representative-exact-tier
elite4:elite4:芙蓉,none,elite4:丰缘地区:芙蓉:2,芙蓉,4,3,dusknoir,Dusknoir,6,6,tier4,representative-exact-tier
elite4:elite4:芙蓉,gen7,elite4:丰缘地区:芙蓉:2,芙蓉,1,1,mismagius,Mismagius,5,5,tier3,representative-exact-tier
elite4:elite4:芙蓉,gen7,elite4:丰缘地区:芙蓉:2,芙蓉,1,2,drifblim,Drifblim,5,5,tier4,representative-exact-tier
elite4:elite4:芙蓉,gen7,elite4:丰缘地区:芙蓉:2,芙蓉,1,3,aerodactyl,Aerodactyl,6,6,tier4,mega-system-fill-theme
elite4:elite4:芙蓉,gen7,elite4:丰缘地区:芙蓉:2,芙蓉,2,1,mismagius,Mismagius,5,5,tier3,representative-exact-tier
elite4:elite4:芙蓉,gen7,elite4:丰缘地区:芙蓉:2,芙蓉,2,2,drifblim,Drifblim,5,5,tier4,representative-exact-tier
elite4:elite4:芙蓉,gen7,elite4:丰缘地区:芙蓉:2,芙蓉,2,3,aerodactyl,Aerodactyl,6,6,tier4,mega-system-fill-theme
elite4:elite4:芙蓉,gen7,elite4:丰缘地区:芙蓉:2,芙蓉,3,1,mismagius,Mismagius,5,5,tier3,representative-exact-tier
elite4:elite4:芙蓉,gen7,elite4:丰缘地区:芙蓉:2,芙蓉,3,2,drifblim,Drifblim,5,5,tier4,representative-exact-tier
elite4:elite4:芙蓉,gen7,elite4:丰缘地区:芙蓉:2,芙蓉,3,3,aerodactyl,Aerodactyl,6,6,tier4,mega-system-fill-theme
elite4:elite4:芙蓉,gen7,elite4:丰缘地区:芙蓉:2,芙蓉,4,1,mismagius,Mismagius,5,5,tier3,representative-exact-tier
elite4:elite4:芙蓉,gen7,elite4:丰缘地区:芙蓉:2,芙蓉,4,2,drifblim,Drifblim,5,5,tier4,representative-exact-tier
elite4:elite4:芙蓉,gen7,elite4:丰缘地区:芙蓉:2,芙蓉,4,3,aerodactyl,Aerodactyl,6,6,tier4,mega-system-fill-theme
elite4:elite4:芙蓉,gen8,elite4:丰缘地区:芙蓉:2,芙蓉,1,1,mismagius,Mismagius,5,5,tier3,representative-exact-tier
elite4:elite4:芙蓉,gen8,elite4:丰缘地区:芙蓉:2,芙蓉,1,2,drifblim,Drifblim,5,5,tier4,representative-exact-tier
elite4:elite4:芙蓉,gen8,elite4:丰缘地区:芙蓉:2,芙蓉,1,3,charizard,Charizard,6,6,tier4,gmax-system-fill-theme
elite4:elite4:芙蓉,gen8,elite4:丰缘地区:芙蓉:2,芙蓉,2,1,mismagius,Mismagius,5,5,tier3,representative-exact-tier
elite4:elite4:芙蓉,gen8,elite4:丰缘地区:芙蓉:2,芙蓉,2,2,drifblim,Drifblim,5,5,tier4,representative-exact-tier
elite4:elite4:芙蓉,gen8,elite4:丰缘地区:芙蓉:2,芙蓉,2,3,charizard,Charizard,6,6,tier4,gmax-system-fill-theme
elite4:elite4:芙蓉,gen8,elite4:丰缘地区:芙蓉:2,芙蓉,3,1,mismagius,Mismagius,5,5,tier3,representative-exact-tier
elite4:elite4:芙蓉,gen8,elite4:丰缘地区:芙蓉:2,芙蓉,3,2,drifblim,Drifblim,5,5,tier4,representative-exact-tier
elite4:elite4:芙蓉,gen8,elite4:丰缘地区:芙蓉:2,芙蓉,3,3,charizard,Charizard,6,6,tier4,gmax-system-fill-theme
elite4:elite4:芙蓉,gen8,elite4:丰缘地区:芙蓉:2,芙蓉,4,1,mismagius,Mismagius,5,5,tier3,representative-exact-tier
elite4:elite4:芙蓉,gen8,elite4:丰缘地区:芙蓉:2,芙蓉,4,2,drifblim,Drifblim,5,5,tier4,representative-exact-tier
elite4:elite4:芙蓉,gen8,elite4:丰缘地区:芙蓉:2,芙蓉,4,3,charizard,Charizard,6,6,tier4,gmax-system-fill-theme
elite4:elite4:芙蓉,gen9,elite4:丰缘地区:芙蓉:2,芙蓉,1,1,mismagius,Mismagius,5,5,tier3,representative-exact-tier
elite4:elite4:芙蓉,gen9,elite4:丰缘地区:芙蓉:2,芙蓉,1,2,drifblim,Drifblim,5,5,tier4,representative-exact-tier
elite4:elite4:芙蓉,gen9,elite4:丰缘地区:芙蓉:2,芙蓉,1,3,dusknoir,Dusknoir,6,6,tier4,representative-exact-tier
elite4:elite4:芙蓉,gen9,elite4:丰缘地区:芙蓉:2,芙蓉,2,1,mismagius,Mismagius,5,5,tier3,representative-exact-tier
elite4:elite4:芙蓉,gen9,elite4:丰缘地区:芙蓉:2,芙蓉,2,2,drifblim,Drifblim,5,5,tier4,representative-exact-tier
elite4:elite4:芙蓉,gen9,elite4:丰缘地区:芙蓉:2,芙蓉,2,3,dusknoir,Dusknoir,6,6,tier4,representative-exact-tier
elite4:elite4:芙蓉,gen9,elite4:丰缘地区:芙蓉:2,芙蓉,3,1,mismagius,Mismagius,5,5,tier3,representative-exact-tier
elite4:elite4:芙蓉,gen9,elite4:丰缘地区:芙蓉:2,芙蓉,3,2,drifblim,Drifblim,5,5,tier4,representative-exact-tier
elite4:elite4:芙蓉,gen9,elite4:丰缘地区:芙蓉:2,芙蓉,3,3,dusknoir,Dusknoir,6,6,tier4,representative-exact-tier
elite4:elite4:芙蓉,gen9,elite4:丰缘地区:芙蓉:2,芙蓉,4,1,mismagius,Mismagius,5,5,tier3,representative-exact-tier
elite4:elite4:芙蓉,gen9,elite4:丰缘地区:芙蓉:2,芙蓉,4,2,drifblim,Drifblim,5,5,tier4,representative-exact-tier
elite4:elite4:芙蓉,gen9,elite4:丰缘地区:芙蓉:2,芙蓉,4,3,dusknoir,Dusknoir,6,6,tier4,representative-exact-tier
elite4:elite4:波妮,none,elite4:丰缘地区:波妮:3,波妮,1,1,froslass,Froslass,5,5,tier3,representative-exact-tier
elite4:elite4:波妮,none,elite4:丰缘地区:波妮:3,波妮,1,2,abomasnow,Abomasnow,5,5,tier4,representative-exact-tier
elite4:elite4:波妮,none,elite4:丰缘地区:波妮:3,波妮,1,3,walrein,Walrein,6,6,tier4,representative-exact-tier
elite4:elite4:波妮,none,elite4:丰缘地区:波妮:3,波妮,2,1,froslass,Froslass,5,5,tier3,representative-exact-tier
elite4:elite4:波妮,none,elite4:丰缘地区:波妮:3,波妮,2,2,abomasnow,Abomasnow,5,5,tier4,representative-exact-tier
elite4:elite4:波妮,none,elite4:丰缘地区:波妮:3,波妮,2,3,walrein,Walrein,6,6,tier4,representative-exact-tier
elite4:elite4:波妮,none,elite4:丰缘地区:波妮:3,波妮,3,1,froslass,Froslass,5,5,tier3,representative-exact-tier
elite4:elite4:波妮,none,elite4:丰缘地区:波妮:3,波妮,3,2,abomasnow,Abomasnow,5,5,tier4,representative-exact-tier
elite4:elite4:波妮,none,elite4:丰缘地区:波妮:3,波妮,3,3,walrein,Walrein,6,6,tier4,representative-exact-tier
elite4:elite4:波妮,none,elite4:丰缘地区:波妮:3,波妮,4,1,froslass,Froslass,5,5,tier3,representative-exact-tier
elite4:elite4:波妮,none,elite4:丰缘地区:波妮:3,波妮,4,2,abomasnow,Abomasnow,5,5,tier4,representative-exact-tier
elite4:elite4:波妮,none,elite4:丰缘地区:波妮:3,波妮,4,3,walrein,Walrein,6,6,tier4,representative-exact-tier
elite4:elite4:波妮,gen7,elite4:丰缘地区:波妮:3,波妮,1,1,froslass,Froslass,5,5,tier3,representative-exact-tier
elite4:elite4:波妮,gen7,elite4:丰缘地区:波妮:3,波妮,1,2,abomasnow,Abomasnow,5,5,tier4,representative-exact-tier
elite4:elite4:波妮,gen7,elite4:丰缘地区:波妮:3,波妮,1,3,walrein,Walrein,6,6,tier4,representative-exact-tier
elite4:elite4:波妮,gen7,elite4:丰缘地区:波妮:3,波妮,2,1,froslass,Froslass,5,5,tier3,representative-exact-tier
elite4:elite4:波妮,gen7,elite4:丰缘地区:波妮:3,波妮,2,2,abomasnow,Abomasnow,5,5,tier4,representative-exact-tier
elite4:elite4:波妮,gen7,elite4:丰缘地区:波妮:3,波妮,2,3,walrein,Walrein,6,6,tier4,representative-exact-tier
elite4:elite4:波妮,gen7,elite4:丰缘地区:波妮:3,波妮,3,1,froslass,Froslass,5,5,tier3,representative-exact-tier
elite4:elite4:波妮,gen7,elite4:丰缘地区:波妮:3,波妮,3,2,abomasnow,Abomasnow,5,5,tier4,representative-exact-tier
elite4:elite4:波妮,gen7,elite4:丰缘地区:波妮:3,波妮,3,3,walrein,Walrein,6,6,tier4,representative-exact-tier
elite4:elite4:波妮,gen7,elite4:丰缘地区:波妮:3,波妮,4,1,froslass,Froslass,5,5,tier3,representative-exact-tier
elite4:elite4:波妮,gen7,elite4:丰缘地区:波妮:3,波妮,4,2,abomasnow,Abomasnow,5,5,tier4,representative-exact-tier
elite4:elite4:波妮,gen7,elite4:丰缘地区:波妮:3,波妮,4,3,walrein,Walrein,6,6,tier4,representative-exact-tier
elite4:elite4:波妮,gen8,elite4:丰缘地区:波妮:3,波妮,1,1,froslass,Froslass,5,5,tier3,representative-exact-tier
elite4:elite4:波妮,gen8,elite4:丰缘地区:波妮:3,波妮,1,2,abomasnow,Abomasnow,5,5,tier4,representative-exact-tier
elite4:elite4:波妮,gen8,elite4:丰缘地区:波妮:3,波妮,1,3,blastoise,Blastoise,6,6,tier4,gmax-system-fill-theme
elite4:elite4:波妮,gen8,elite4:丰缘地区:波妮:3,波妮,2,1,froslass,Froslass,5,5,tier3,representative-exact-tier
elite4:elite4:波妮,gen8,elite4:丰缘地区:波妮:3,波妮,2,2,abomasnow,Abomasnow,5,5,tier4,representative-exact-tier
elite4:elite4:波妮,gen8,elite4:丰缘地区:波妮:3,波妮,2,3,blastoise,Blastoise,6,6,tier4,gmax-system-fill-theme
elite4:elite4:波妮,gen8,elite4:丰缘地区:波妮:3,波妮,3,1,froslass,Froslass,5,5,tier3,representative-exact-tier
elite4:elite4:波妮,gen8,elite4:丰缘地区:波妮:3,波妮,3,2,abomasnow,Abomasnow,5,5,tier4,representative-exact-tier
elite4:elite4:波妮,gen8,elite4:丰缘地区:波妮:3,波妮,3,3,blastoise,Blastoise,6,6,tier4,gmax-system-fill-theme
elite4:elite4:波妮,gen8,elite4:丰缘地区:波妮:3,波妮,4,1,froslass,Froslass,5,5,tier3,representative-exact-tier
elite4:elite4:波妮,gen8,elite4:丰缘地区:波妮:3,波妮,4,2,abomasnow,Abomasnow,5,5,tier4,representative-exact-tier
elite4:elite4:波妮,gen8,elite4:丰缘地区:波妮:3,波妮,4,3,blastoise,Blastoise,6,6,tier4,gmax-system-fill-theme
elite4:elite4:波妮,gen9,elite4:丰缘地区:波妮:3,波妮,1,1,froslass,Froslass,5,5,tier3,representative-exact-tier
elite4:elite4:波妮,gen9,elite4:丰缘地区:波妮:3,波妮,1,2,abomasnow,Abomasnow,5,5,tier4,representative-exact-tier
elite4:elite4:波妮,gen9,elite4:丰缘地区:波妮:3,波妮,1,3,walrein,Walrein,6,6,tier4,representative-exact-tier
elite4:elite4:波妮,gen9,elite4:丰缘地区:波妮:3,波妮,2,1,froslass,Froslass,5,5,tier3,representative-exact-tier
elite4:elite4:波妮,gen9,elite4:丰缘地区:波妮:3,波妮,2,2,abomasnow,Abomasnow,5,5,tier4,representative-exact-tier
elite4:elite4:波妮,gen9,elite4:丰缘地区:波妮:3,波妮,2,3,walrein,Walrein,6,6,tier4,representative-exact-tier
elite4:elite4:波妮,gen9,elite4:丰缘地区:波妮:3,波妮,3,1,froslass,Froslass,5,5,tier3,representative-exact-tier
elite4:elite4:波妮,gen9,elite4:丰缘地区:波妮:3,波妮,3,2,abomasnow,Abomasnow,5,5,tier4,representative-exact-tier
elite4:elite4:波妮,gen9,elite4:丰缘地区:波妮:3,波妮,3,3,walrein,Walrein,6,6,tier4,representative-exact-tier
elite4:elite4:波妮,gen9,elite4:丰缘地区:波妮:3,波妮,4,1,froslass,Froslass,5,5,tier3,representative-exact-tier
elite4:elite4:波妮,gen9,elite4:丰缘地区:波妮:3,波妮,4,2,abomasnow,Abomasnow,5,5,tier4,representative-exact-tier
elite4:elite4:波妮,gen9,elite4:丰缘地区:波妮:3,波妮,4,3,walrein,Walrein,6,6,tier4,representative-exact-tier
elite4:elite4:源治,none,elite4:丰缘地区:源治:4,源治,1,1,altaria,Altaria,5,5,tier3,representative-exact-tier
elite4:elite4:源治,none,elite4:丰缘地区:源治:4,源治,1,2,dragalge,Dragalge,5,5,tier4,representative-exact-tier
elite4:elite4:源治,none,elite4:丰缘地区:源治:4,源治,1,3,flygon,Flygon,6,6,tier4,representative-exact-tier
elite4:elite4:源治,none,elite4:丰缘地区:源治:4,源治,2,1,altaria,Altaria,5,5,tier3,representative-exact-tier
elite4:elite4:源治,none,elite4:丰缘地区:源治:4,源治,2,2,dragalge,Dragalge,5,5,tier4,representative-exact-tier
elite4:elite4:源治,none,elite4:丰缘地区:源治:4,源治,2,3,flygon,Flygon,6,6,tier4,representative-exact-tier
elite4:elite4:源治,none,elite4:丰缘地区:源治:4,源治,3,1,altaria,Altaria,5,5,tier3,representative-exact-tier
elite4:elite4:源治,none,elite4:丰缘地区:源治:4,源治,3,2,dragalge,Dragalge,5,5,tier4,representative-exact-tier
elite4:elite4:源治,none,elite4:丰缘地区:源治:4,源治,3,3,flygon,Flygon,6,6,tier4,representative-exact-tier
elite4:elite4:源治,none,elite4:丰缘地区:源治:4,源治,4,1,altaria,Altaria,5,5,tier3,representative-exact-tier
elite4:elite4:源治,none,elite4:丰缘地区:源治:4,源治,4,2,dragalge,Dragalge,5,5,tier4,representative-exact-tier
elite4:elite4:源治,none,elite4:丰缘地区:源治:4,源治,4,3,flygon,Flygon,6,6,tier4,representative-exact-tier
elite4:elite4:源治,gen7,elite4:丰缘地区:源治:4,源治,1,1,altaria,Altaria,5,5,tier3,representative-exact-tier
elite4:elite4:源治,gen7,elite4:丰缘地区:源治:4,源治,1,2,dragalge,Dragalge,5,5,tier4,representative-exact-tier
elite4:elite4:源治,gen7,elite4:丰缘地区:源治:4,源治,1,3,flygon,Flygon,6,6,tier4,representative-exact-tier
elite4:elite4:源治,gen7,elite4:丰缘地区:源治:4,源治,2,1,altaria,Altaria,5,5,tier3,representative-exact-tier
elite4:elite4:源治,gen7,elite4:丰缘地区:源治:4,源治,2,2,dragalge,Dragalge,5,5,tier4,representative-exact-tier
elite4:elite4:源治,gen7,elite4:丰缘地区:源治:4,源治,2,3,flygon,Flygon,6,6,tier4,representative-exact-tier
elite4:elite4:源治,gen7,elite4:丰缘地区:源治:4,源治,3,1,altaria,Altaria,5,5,tier3,representative-exact-tier
elite4:elite4:源治,gen7,elite4:丰缘地区:源治:4,源治,3,2,dragalge,Dragalge,5,5,tier4,representative-exact-tier
elite4:elite4:源治,gen7,elite4:丰缘地区:源治:4,源治,3,3,flygon,Flygon,6,6,tier4,representative-exact-tier
elite4:elite4:源治,gen7,elite4:丰缘地区:源治:4,源治,4,1,altaria,Altaria,5,5,tier3,representative-exact-tier
elite4:elite4:源治,gen7,elite4:丰缘地区:源治:4,源治,4,2,dragalge,Dragalge,5,5,tier4,representative-exact-tier
elite4:elite4:源治,gen7,elite4:丰缘地区:源治:4,源治,4,3,flygon,Flygon,6,6,tier4,representative-exact-tier
elite4:elite4:源治,gen8,elite4:丰缘地区:源治:4,源治,1,1,altaria,Altaria,5,5,tier3,representative-exact-tier
elite4:elite4:源治,gen8,elite4:丰缘地区:源治:4,源治,1,2,dragalge,Dragalge,5,5,tier4,representative-exact-tier
elite4:elite4:源治,gen8,elite4:丰缘地区:源治:4,源治,1,3,blastoise,Blastoise,6,6,tier4,gmax-system-fill-theme
elite4:elite4:源治,gen8,elite4:丰缘地区:源治:4,源治,2,1,altaria,Altaria,5,5,tier3,representative-exact-tier
elite4:elite4:源治,gen8,elite4:丰缘地区:源治:4,源治,2,2,dragalge,Dragalge,5,5,tier4,representative-exact-tier
elite4:elite4:源治,gen8,elite4:丰缘地区:源治:4,源治,2,3,blastoise,Blastoise,6,6,tier4,gmax-system-fill-theme
elite4:elite4:源治,gen8,elite4:丰缘地区:源治:4,源治,3,1,altaria,Altaria,5,5,tier3,representative-exact-tier
elite4:elite4:源治,gen8,elite4:丰缘地区:源治:4,源治,3,2,dragalge,Dragalge,5,5,tier4,representative-exact-tier
elite4:elite4:源治,gen8,elite4:丰缘地区:源治:4,源治,3,3,blastoise,Blastoise,6,6,tier4,gmax-system-fill-theme
elite4:elite4:源治,gen8,elite4:丰缘地区:源治:4,源治,4,1,altaria,Altaria,5,5,tier3,representative-exact-tier
elite4:elite4:源治,gen8,elite4:丰缘地区:源治:4,源治,4,2,dragalge,Dragalge,5,5,tier4,representative-exact-tier
elite4:elite4:源治,gen8,elite4:丰缘地区:源治:4,源治,4,3,blastoise,Blastoise,6,6,tier4,gmax-system-fill-theme
elite4:elite4:源治,gen9,elite4:丰缘地区:源治:4,源治,1,1,altaria,Altaria,5,5,tier3,representative-exact-tier
elite4:elite4:源治,gen9,elite4:丰缘地区:源治:4,源治,1,2,dragalge,Dragalge,5,5,tier4,representative-exact-tier
elite4:elite4:源治,gen9,elite4:丰缘地区:源治:4,源治,1,3,flygon,Flygon,6,6,tier4,representative-exact-tier
elite4:elite4:源治,gen9,elite4:丰缘地区:源治:4,源治,2,1,altaria,Altaria,5,5,tier3,representative-exact-tier
elite4:elite4:源治,gen9,elite4:丰缘地区:源治:4,源治,2,2,dragalge,Dragalge,5,5,tier4,representative-exact-tier
elite4:elite4:源治,gen9,elite4:丰缘地区:源治:4,源治,2,3,flygon,Flygon,6,6,tier4,representative-exact-tier
elite4:elite4:源治,gen9,elite4:丰缘地区:源治:4,源治,3,1,altaria,Altaria,5,5,tier3,representative-exact-tier
elite4:elite4:源治,gen9,elite4:丰缘地区:源治:4,源治,3,2,dragalge,Dragalge,5,5,tier4,representative-exact-tier
elite4:elite4:源治,gen9,elite4:丰缘地区:源治:4,源治,3,3,flygon,Flygon,6,6,tier4,representative-exact-tier
elite4:elite4:源治,gen9,elite4:丰缘地区:源治:4,源治,4,1,altaria,Altaria,5,5,tier3,representative-exact-tier
elite4:elite4:源治,gen9,elite4:丰缘地区:源治:4,源治,4,2,dragalge,Dragalge,5,5,tier4,representative-exact-tier
elite4:elite4:源治,gen9,elite4:丰缘地区:源治:4,源治,4,3,flygon,Flygon,6,6,tier4,representative-exact-tier
champion:champion:大吾,none,champion:丰缘地区:大吾:1,大吾,1,1,skarmory,Skarmory,5,5,champion,representative-exact-tier
champion:champion:大吾,none,champion:丰缘地区:大吾:1,大吾,1,2,metagross,Metagross,6,6,champion,representative-exact-tier
champion:champion:大吾,none,champion:丰缘地区:大吾:1,大吾,1,3,aggron,Aggron,6,6,champion,representative-exact-tier
champion:champion:大吾,none,champion:丰缘地区:大吾:1,大吾,2,1,skarmory,Skarmory,5,5,champion,representative-exact-tier
champion:champion:大吾,none,champion:丰缘地区:大吾:1,大吾,2,2,metagross,Metagross,6,6,champion,representative-exact-tier
champion:champion:大吾,none,champion:丰缘地区:大吾:1,大吾,2,3,aggron,Aggron,6,6,champion,representative-exact-tier
champion:champion:大吾,none,champion:丰缘地区:大吾:1,大吾,3,1,skarmory,Skarmory,5,5,champion,representative-exact-tier
champion:champion:大吾,none,champion:丰缘地区:大吾:1,大吾,3,2,metagross,Metagross,6,6,champion,representative-exact-tier
champion:champion:大吾,none,champion:丰缘地区:大吾:1,大吾,3,3,aggron,Aggron,6,6,champion,representative-exact-tier
champion:champion:大吾,none,champion:丰缘地区:大吾:1,大吾,4,1,skarmory,Skarmory,5,5,champion,representative-exact-tier
champion:champion:大吾,none,champion:丰缘地区:大吾:1,大吾,4,2,metagross,Metagross,6,6,champion,representative-exact-tier
champion:champion:大吾,none,champion:丰缘地区:大吾:1,大吾,4,3,aggron,Aggron,6,6,champion,representative-exact-tier
champion:champion:大吾,gen7,champion:丰缘地区:大吾:1,大吾,1,1,skarmory,Skarmory,5,5,champion,representative-exact-tier
champion:champion:大吾,gen7,champion:丰缘地区:大吾:1,大吾,1,2,metagross,Metagross,6,6,champion,representative-exact-tier
champion:champion:大吾,gen7,champion:丰缘地区:大吾:1,大吾,1,3,aggron,Aggron,6,6,champion,representative-exact-tier
champion:champion:大吾,gen7,champion:丰缘地区:大吾:1,大吾,2,1,skarmory,Skarmory,5,5,champion,representative-exact-tier
champion:champion:大吾,gen7,champion:丰缘地区:大吾:1,大吾,2,2,metagross,Metagross,6,6,champion,representative-exact-tier
champion:champion:大吾,gen7,champion:丰缘地区:大吾:1,大吾,2,3,aggron,Aggron,6,6,champion,representative-exact-tier
champion:champion:大吾,gen7,champion:丰缘地区:大吾:1,大吾,3,1,skarmory,Skarmory,5,5,champion,representative-exact-tier
champion:champion:大吾,gen7,champion:丰缘地区:大吾:1,大吾,3,2,metagross,Metagross,6,6,champion,representative-exact-tier
champion:champion:大吾,gen7,champion:丰缘地区:大吾:1,大吾,3,3,aggron,Aggron,6,6,champion,representative-exact-tier
champion:champion:大吾,gen7,champion:丰缘地区:大吾:1,大吾,4,1,skarmory,Skarmory,5,5,champion,representative-exact-tier
champion:champion:大吾,gen7,champion:丰缘地区:大吾:1,大吾,4,2,metagross,Metagross,6,6,champion,representative-exact-tier
champion:champion:大吾,gen7,champion:丰缘地区:大吾:1,大吾,4,3,aggron,Aggron,6,6,champion,representative-exact-tier
champion:champion:大吾,gen8,champion:丰缘地区:大吾:1,大吾,1,1,skarmory,Skarmory,5,5,champion,representative-exact-tier
champion:champion:大吾,gen8,champion:丰缘地区:大吾:1,大吾,1,2,metagross,Metagross,6,6,champion,representative-exact-tier
champion:champion:大吾,gen8,champion:丰缘地区:大吾:1,大吾,1,3,charizard,Charizard,6,6,champion,gmax-system-fill-theme
champion:champion:大吾,gen8,champion:丰缘地区:大吾:1,大吾,2,1,skarmory,Skarmory,5,5,champion,representative-exact-tier
champion:champion:大吾,gen8,champion:丰缘地区:大吾:1,大吾,2,2,metagross,Metagross,6,6,champion,representative-exact-tier
champion:champion:大吾,gen8,champion:丰缘地区:大吾:1,大吾,2,3,charizard,Charizard,6,6,champion,gmax-system-fill-theme
champion:champion:大吾,gen8,champion:丰缘地区:大吾:1,大吾,3,1,skarmory,Skarmory,5,5,champion,representative-exact-tier
champion:champion:大吾,gen8,champion:丰缘地区:大吾:1,大吾,3,2,metagross,Metagross,6,6,champion,representative-exact-tier
champion:champion:大吾,gen8,champion:丰缘地区:大吾:1,大吾,3,3,charizard,Charizard,6,6,champion,gmax-system-fill-theme
champion:champion:大吾,gen8,champion:丰缘地区:大吾:1,大吾,4,1,skarmory,Skarmory,5,5,champion,representative-exact-tier
champion:champion:大吾,gen8,champion:丰缘地区:大吾:1,大吾,4,2,metagross,Metagross,6,6,champion,representative-exact-tier
champion:champion:大吾,gen8,champion:丰缘地区:大吾:1,大吾,4,3,charizard,Charizard,6,6,champion,gmax-system-fill-theme
champion:champion:大吾,gen9,champion:丰缘地区:大吾:1,大吾,1,1,skarmory,Skarmory,5,5,champion,representative-exact-tier
champion:champion:大吾,gen9,champion:丰缘地区:大吾:1,大吾,1,2,metagross,Metagross,6,6,champion,representative-exact-tier
champion:champion:大吾,gen9,champion:丰缘地区:大吾:1,大吾,1,3,aggron,Aggron,6,6,champion,representative-exact-tier
champion:champion:大吾,gen9,champion:丰缘地区:大吾:1,大吾,2,1,skarmory,Skarmory,5,5,champion,representative-exact-tier
champion:champion:大吾,gen9,champion:丰缘地区:大吾:1,大吾,2,2,metagross,Metagross,6,6,champion,representative-exact-tier
champion:champion:大吾,gen9,champion:丰缘地区:大吾:1,大吾,2,3,aggron,Aggron,6,6,champion,representative-exact-tier
champion:champion:大吾,gen9,champion:丰缘地区:大吾:1,大吾,3,1,skarmory,Skarmory,5,5,champion,representative-exact-tier
champion:champion:大吾,gen9,champion:丰缘地区:大吾:1,大吾,3,2,metagross,Metagross,6,6,champion,representative-exact-tier
champion:champion:大吾,gen9,champion:丰缘地区:大吾:1,大吾,3,3,aggron,Aggron,6,6,champion,representative-exact-tier
champion:champion:大吾,gen9,champion:丰缘地区:大吾:1,大吾,4,1,skarmory,Skarmory,5,5,champion,representative-exact-tier
champion:champion:大吾,gen9,champion:丰缘地区:大吾:1,大吾,4,2,metagross,Metagross,6,6,champion,representative-exact-tier
champion:champion:大吾,gen9,champion:丰缘地区:大吾:1,大吾,4,3,aggron,Aggron,6,6,champion,representative-exact-tier
champion:champion:米可利,none,champion:丰缘地区:米可利:2,米可利,1,1,ludicolo,Ludicolo,5,5,champion,representative-exact-tier
champion:champion:米可利,none,champion:丰缘地区:米可利:2,米可利,1,2,milotic,Milotic,6,6,champion,representative-exact-tier
champion:champion:米可利,none,champion:丰缘地区:米可利:2,米可利,1,3,gyarados,Gyarados,6,6,champion,representative-exact-tier
champion:champion:米可利,none,champion:丰缘地区:米可利:2,米可利,2,1,ludicolo,Ludicolo,5,5,champion,representative-exact-tier
champion:champion:米可利,none,champion:丰缘地区:米可利:2,米可利,2,2,milotic,Milotic,6,6,champion,representative-exact-tier
champion:champion:米可利,none,champion:丰缘地区:米可利:2,米可利,2,3,gyarados,Gyarados,6,6,champion,representative-exact-tier
champion:champion:米可利,none,champion:丰缘地区:米可利:2,米可利,3,1,ludicolo,Ludicolo,5,5,champion,representative-exact-tier
champion:champion:米可利,none,champion:丰缘地区:米可利:2,米可利,3,2,milotic,Milotic,6,6,champion,representative-exact-tier
champion:champion:米可利,none,champion:丰缘地区:米可利:2,米可利,3,3,gyarados,Gyarados,6,6,champion,representative-exact-tier
champion:champion:米可利,none,champion:丰缘地区:米可利:2,米可利,4,1,ludicolo,Ludicolo,5,5,champion,representative-exact-tier
champion:champion:米可利,none,champion:丰缘地区:米可利:2,米可利,4,2,milotic,Milotic,6,6,champion,representative-exact-tier
champion:champion:米可利,none,champion:丰缘地区:米可利:2,米可利,4,3,gyarados,Gyarados,6,6,champion,representative-exact-tier
champion:champion:米可利,gen7,champion:丰缘地区:米可利:2,米可利,1,1,ludicolo,Ludicolo,5,5,champion,representative-exact-tier
champion:champion:米可利,gen7,champion:丰缘地区:米可利:2,米可利,1,2,milotic,Milotic,6,6,champion,representative-exact-tier
champion:champion:米可利,gen7,champion:丰缘地区:米可利:2,米可利,1,3,gyarados,Gyarados,6,6,champion,representative-exact-tier
champion:champion:米可利,gen7,champion:丰缘地区:米可利:2,米可利,2,1,ludicolo,Ludicolo,5,5,champion,representative-exact-tier
champion:champion:米可利,gen7,champion:丰缘地区:米可利:2,米可利,2,2,milotic,Milotic,6,6,champion,representative-exact-tier
champion:champion:米可利,gen7,champion:丰缘地区:米可利:2,米可利,2,3,gyarados,Gyarados,6,6,champion,representative-exact-tier
champion:champion:米可利,gen7,champion:丰缘地区:米可利:2,米可利,3,1,ludicolo,Ludicolo,5,5,champion,representative-exact-tier
champion:champion:米可利,gen7,champion:丰缘地区:米可利:2,米可利,3,2,milotic,Milotic,6,6,champion,representative-exact-tier
champion:champion:米可利,gen7,champion:丰缘地区:米可利:2,米可利,3,3,gyarados,Gyarados,6,6,champion,representative-exact-tier
champion:champion:米可利,gen7,champion:丰缘地区:米可利:2,米可利,4,1,ludicolo,Ludicolo,5,5,champion,representative-exact-tier
champion:champion:米可利,gen7,champion:丰缘地区:米可利:2,米可利,4,2,milotic,Milotic,6,6,champion,representative-exact-tier
champion:champion:米可利,gen7,champion:丰缘地区:米可利:2,米可利,4,3,gyarados,Gyarados,6,6,champion,representative-exact-tier
champion:champion:米可利,gen8,champion:丰缘地区:米可利:2,米可利,1,1,ludicolo,Ludicolo,5,5,champion,representative-exact-tier
champion:champion:米可利,gen8,champion:丰缘地区:米可利:2,米可利,1,2,milotic,Milotic,6,6,champion,representative-exact-tier
champion:champion:米可利,gen8,champion:丰缘地区:米可利:2,米可利,1,3,blastoise,Blastoise,6,6,champion,gmax-system-fill-theme
champion:champion:米可利,gen8,champion:丰缘地区:米可利:2,米可利,2,1,ludicolo,Ludicolo,5,5,champion,representative-exact-tier
champion:champion:米可利,gen8,champion:丰缘地区:米可利:2,米可利,2,2,milotic,Milotic,6,6,champion,representative-exact-tier
champion:champion:米可利,gen8,champion:丰缘地区:米可利:2,米可利,2,3,blastoise,Blastoise,6,6,champion,gmax-system-fill-theme
champion:champion:米可利,gen8,champion:丰缘地区:米可利:2,米可利,3,1,ludicolo,Ludicolo,5,5,champion,representative-exact-tier
champion:champion:米可利,gen8,champion:丰缘地区:米可利:2,米可利,3,2,milotic,Milotic,6,6,champion,representative-exact-tier
champion:champion:米可利,gen8,champion:丰缘地区:米可利:2,米可利,3,3,blastoise,Blastoise,6,6,champion,gmax-system-fill-theme
champion:champion:米可利,gen8,champion:丰缘地区:米可利:2,米可利,4,1,ludicolo,Ludicolo,5,5,champion,representative-exact-tier
champion:champion:米可利,gen8,champion:丰缘地区:米可利:2,米可利,4,2,milotic,Milotic,6,6,champion,representative-exact-tier
champion:champion:米可利,gen8,champion:丰缘地区:米可利:2,米可利,4,3,blastoise,Blastoise,6,6,champion,gmax-system-fill-theme
champion:champion:米可利,gen9,champion:丰缘地区:米可利:2,米可利,1,1,ludicolo,Ludicolo,5,5,champion,representative-exact-tier
champion:champion:米可利,gen9,champion:丰缘地区:米可利:2,米可利,1,2,milotic,Milotic,6,6,champion,representative-exact-tier
champion:champion:米可利,gen9,champion:丰缘地区:米可利:2,米可利,1,3,gyarados,Gyarados,6,6,champion,representative-exact-tier
champion:champion:米可利,gen9,champion:丰缘地区:米可利:2,米可利,2,1,ludicolo,Ludicolo,5,5,champion,representative-exact-tier
champion:champion:米可利,gen9,champion:丰缘地区:米可利:2,米可利,2,2,milotic,Milotic,6,6,champion,representative-exact-tier
champion:champion:米可利,gen9,champion:丰缘地区:米可利:2,米可利,2,3,gyarados,Gyarados,6,6,champion,representative-exact-tier
champion:champion:米可利,gen9,champion:丰缘地区:米可利:2,米可利,3,1,ludicolo,Ludicolo,5,5,champion,representative-exact-tier
champion:champion:米可利,gen9,champion:丰缘地区:米可利:2,米可利,3,2,milotic,Milotic,6,6,champion,representative-exact-tier
champion:champion:米可利,gen9,champion:丰缘地区:米可利:2,米可利,3,3,gyarados,Gyarados,6,6,champion,representative-exact-tier
champion:champion:米可利,gen9,champion:丰缘地区:米可利:2,米可利,4,1,ludicolo,Ludicolo,5,5,champion,representative-exact-tier
champion:champion:米可利,gen9,champion:丰缘地区:米可利:2,米可利,4,2,milotic,Milotic,6,6,champion,representative-exact-tier
champion:champion:米可利,gen9,champion:丰缘地区:米可利:2,米可利,4,3,gyarados,Gyarados,6,6,champion,representative-exact-tier
gym:tier1:瓢太,none,gym:神奥地区:瓢太:1,瓢太,1,1,lunatone,Lunatone,4,4,tier1,representative-exact-tier
gym:tier1:瓢太,none,gym:神奥地区:瓢太:1,瓢太,1,2,rampardos,Rampardos,5,4,tier2,representative-near-tier
gym:tier1:瓢太,none,gym:神奥地区:瓢太:1,瓢太,1,3,golem,Golem,5,5,tier2,representative-exact-tier
gym:tier1:瓢太,none,gym:神奥地区:瓢太:1,瓢太,2,1,lunatone,Lunatone,4,4,tier1,representative-exact-tier
gym:tier1:瓢太,none,gym:神奥地区:瓢太:1,瓢太,2,2,rampardos,Rampardos,5,4,tier2,representative-near-tier
gym:tier1:瓢太,none,gym:神奥地区:瓢太:1,瓢太,2,3,golem,Golem,5,5,tier2,representative-exact-tier
gym:tier1:瓢太,none,gym:神奥地区:瓢太:1,瓢太,3,1,lunatone,Lunatone,4,4,tier1,representative-exact-tier
gym:tier1:瓢太,none,gym:神奥地区:瓢太:1,瓢太,3,2,rampardos,Rampardos,5,4,tier2,representative-near-tier
gym:tier1:瓢太,none,gym:神奥地区:瓢太:1,瓢太,3,3,golem,Golem,5,5,tier2,representative-exact-tier
gym:tier1:瓢太,none,gym:神奥地区:瓢太:1,瓢太,4,1,lunatone,Lunatone,4,4,tier1,representative-exact-tier
gym:tier1:瓢太,none,gym:神奥地区:瓢太:1,瓢太,4,2,rampardos,Rampardos,5,4,tier2,representative-near-tier
gym:tier1:瓢太,none,gym:神奥地区:瓢太:1,瓢太,4,3,golem,Golem,5,5,tier2,representative-exact-tier
gym:tier1:瓢太,gen7,gym:神奥地区:瓢太:1,瓢太,1,1,lunatone,Lunatone,4,4,tier1,representative-exact-tier
gym:tier1:瓢太,gen7,gym:神奥地区:瓢太:1,瓢太,1,2,rampardos,Rampardos,5,4,tier2,representative-near-tier
gym:tier1:瓢太,gen7,gym:神奥地区:瓢太:1,瓢太,1,3,altaria,Altaria,5,5,tier2,mega-system-fill-theme
gym:tier1:瓢太,gen7,gym:神奥地区:瓢太:1,瓢太,2,1,lunatone,Lunatone,4,4,tier1,representative-exact-tier
gym:tier1:瓢太,gen7,gym:神奥地区:瓢太:1,瓢太,2,2,rampardos,Rampardos,5,4,tier2,representative-near-tier
gym:tier1:瓢太,gen7,gym:神奥地区:瓢太:1,瓢太,2,3,altaria,Altaria,5,5,tier2,mega-system-fill-theme
gym:tier1:瓢太,gen7,gym:神奥地区:瓢太:1,瓢太,3,1,lunatone,Lunatone,4,4,tier1,representative-exact-tier
gym:tier1:瓢太,gen7,gym:神奥地区:瓢太:1,瓢太,3,2,rampardos,Rampardos,5,4,tier2,representative-near-tier
gym:tier1:瓢太,gen7,gym:神奥地区:瓢太:1,瓢太,3,3,altaria,Altaria,5,5,tier2,mega-system-fill-theme
gym:tier1:瓢太,gen7,gym:神奥地区:瓢太:1,瓢太,4,1,lunatone,Lunatone,4,4,tier1,representative-exact-tier
gym:tier1:瓢太,gen7,gym:神奥地区:瓢太:1,瓢太,4,2,rampardos,Rampardos,5,4,tier2,representative-near-tier
gym:tier1:瓢太,gen7,gym:神奥地区:瓢太:1,瓢太,4,3,altaria,Altaria,5,5,tier2,mega-system-fill-theme
gym:tier1:瓢太,gen8,gym:神奥地区:瓢太:1,瓢太,1,1,lunatone,Lunatone,4,4,tier1,representative-exact-tier
gym:tier1:瓢太,gen8,gym:神奥地区:瓢太:1,瓢太,1,2,rampardos,Rampardos,5,4,tier2,representative-near-tier
gym:tier1:瓢太,gen8,gym:神奥地区:瓢太:1,瓢太,1,3,centiskorch,Centiskorch,5,5,tier2,gmax-system-fill-theme
gym:tier1:瓢太,gen8,gym:神奥地区:瓢太:1,瓢太,2,1,lunatone,Lunatone,4,4,tier1,representative-exact-tier
gym:tier1:瓢太,gen8,gym:神奥地区:瓢太:1,瓢太,2,2,rampardos,Rampardos,5,4,tier2,representative-near-tier
gym:tier1:瓢太,gen8,gym:神奥地区:瓢太:1,瓢太,2,3,centiskorch,Centiskorch,5,5,tier2,gmax-system-fill-theme
gym:tier1:瓢太,gen8,gym:神奥地区:瓢太:1,瓢太,3,1,lunatone,Lunatone,4,4,tier1,representative-exact-tier
gym:tier1:瓢太,gen8,gym:神奥地区:瓢太:1,瓢太,3,2,rampardos,Rampardos,5,4,tier2,representative-near-tier
gym:tier1:瓢太,gen8,gym:神奥地区:瓢太:1,瓢太,3,3,centiskorch,Centiskorch,5,5,tier2,gmax-system-fill-theme
gym:tier1:瓢太,gen8,gym:神奥地区:瓢太:1,瓢太,4,1,lunatone,Lunatone,4,4,tier1,representative-exact-tier
gym:tier1:瓢太,gen8,gym:神奥地区:瓢太:1,瓢太,4,2,rampardos,Rampardos,5,4,tier2,representative-near-tier
gym:tier1:瓢太,gen8,gym:神奥地区:瓢太:1,瓢太,4,3,centiskorch,Centiskorch,5,5,tier2,gmax-system-fill-theme
gym:tier1:瓢太,gen9,gym:神奥地区:瓢太:1,瓢太,1,1,lunatone,Lunatone,4,4,tier1,representative-exact-tier
gym:tier1:瓢太,gen9,gym:神奥地区:瓢太:1,瓢太,1,2,rampardos,Rampardos,5,4,tier2,representative-near-tier
gym:tier1:瓢太,gen9,gym:神奥地区:瓢太:1,瓢太,1,3,golem,Golem,5,5,tier2,representative-exact-tier
gym:tier1:瓢太,gen9,gym:神奥地区:瓢太:1,瓢太,2,1,lunatone,Lunatone,4,4,tier1,representative-exact-tier
gym:tier1:瓢太,gen9,gym:神奥地区:瓢太:1,瓢太,2,2,rampardos,Rampardos,5,4,tier2,representative-near-tier
gym:tier1:瓢太,gen9,gym:神奥地区:瓢太:1,瓢太,2,3,golem,Golem,5,5,tier2,representative-exact-tier
gym:tier1:瓢太,gen9,gym:神奥地区:瓢太:1,瓢太,3,1,lunatone,Lunatone,4,4,tier1,representative-exact-tier
gym:tier1:瓢太,gen9,gym:神奥地区:瓢太:1,瓢太,3,2,rampardos,Rampardos,5,4,tier2,representative-near-tier
gym:tier1:瓢太,gen9,gym:神奥地区:瓢太:1,瓢太,3,3,golem,Golem,5,5,tier2,representative-exact-tier
gym:tier1:瓢太,gen9,gym:神奥地区:瓢太:1,瓢太,4,1,lunatone,Lunatone,4,4,tier1,representative-exact-tier
gym:tier1:瓢太,gen9,gym:神奥地区:瓢太:1,瓢太,4,2,rampardos,Rampardos,5,4,tier2,representative-near-tier
gym:tier1:瓢太,gen9,gym:神奥地区:瓢太:1,瓢太,4,3,golem,Golem,5,5,tier2,representative-exact-tier
gym:tier1:菜种,none,gym:神奥地区:菜种:2,菜种,1,1,cherrim,Cherrim,4,4,tier1,representative-exact-tier
gym:tier1:菜种,none,gym:神奥地区:菜种:2,菜种,1,2,jumpluff,Jumpluff,4,4,tier2,representative-exact-tier
gym:tier1:菜种,none,gym:神奥地区:菜种:2,菜种,1,3,breloom,Breloom,5,5,tier2,representative-exact-tier
gym:tier1:菜种,none,gym:神奥地区:菜种:2,菜种,2,1,cherrim,Cherrim,4,4,tier1,representative-exact-tier
gym:tier1:菜种,none,gym:神奥地区:菜种:2,菜种,2,2,jumpluff,Jumpluff,4,4,tier2,representative-exact-tier
gym:tier1:菜种,none,gym:神奥地区:菜种:2,菜种,2,3,breloom,Breloom,5,5,tier2,representative-exact-tier
gym:tier1:菜种,none,gym:神奥地区:菜种:2,菜种,3,1,cherrim,Cherrim,4,4,tier1,representative-exact-tier
gym:tier1:菜种,none,gym:神奥地区:菜种:2,菜种,3,2,jumpluff,Jumpluff,4,4,tier2,representative-exact-tier
gym:tier1:菜种,none,gym:神奥地区:菜种:2,菜种,3,3,breloom,Breloom,5,5,tier2,representative-exact-tier
gym:tier1:菜种,none,gym:神奥地区:菜种:2,菜种,4,1,cherrim,Cherrim,4,4,tier1,representative-exact-tier
gym:tier1:菜种,none,gym:神奥地区:菜种:2,菜种,4,2,jumpluff,Jumpluff,4,4,tier2,representative-exact-tier
gym:tier1:菜种,none,gym:神奥地区:菜种:2,菜种,4,3,breloom,Breloom,5,5,tier2,representative-exact-tier
gym:tier1:菜种,gen7,gym:神奥地区:菜种:2,菜种,1,1,cherrim,Cherrim,4,4,tier1,representative-exact-tier
gym:tier1:菜种,gen7,gym:神奥地区:菜种:2,菜种,1,2,jumpluff,Jumpluff,4,4,tier2,representative-exact-tier
gym:tier1:菜种,gen7,gym:神奥地区:菜种:2,菜种,1,3,abomasnow,Abomasnow,5,5,tier2,mega-system-fill-theme
gym:tier1:菜种,gen7,gym:神奥地区:菜种:2,菜种,2,1,cherrim,Cherrim,4,4,tier1,representative-exact-tier
gym:tier1:菜种,gen7,gym:神奥地区:菜种:2,菜种,2,2,jumpluff,Jumpluff,4,4,tier2,representative-exact-tier
gym:tier1:菜种,gen7,gym:神奥地区:菜种:2,菜种,2,3,abomasnow,Abomasnow,5,5,tier2,mega-system-fill-theme
gym:tier1:菜种,gen7,gym:神奥地区:菜种:2,菜种,3,1,cherrim,Cherrim,4,4,tier1,representative-exact-tier
gym:tier1:菜种,gen7,gym:神奥地区:菜种:2,菜种,3,2,jumpluff,Jumpluff,4,4,tier2,representative-exact-tier
gym:tier1:菜种,gen7,gym:神奥地区:菜种:2,菜种,3,3,abomasnow,Abomasnow,5,5,tier2,mega-system-fill-theme
gym:tier1:菜种,gen7,gym:神奥地区:菜种:2,菜种,4,1,cherrim,Cherrim,4,4,tier1,representative-exact-tier
gym:tier1:菜种,gen7,gym:神奥地区:菜种:2,菜种,4,2,jumpluff,Jumpluff,4,4,tier2,representative-exact-tier
gym:tier1:菜种,gen7,gym:神奥地区:菜种:2,菜种,4,3,abomasnow,Abomasnow,5,5,tier2,mega-system-fill-theme
gym:tier1:菜种,gen8,gym:神奥地区:菜种:2,菜种,1,1,cherrim,Cherrim,4,4,tier1,representative-exact-tier
gym:tier1:菜种,gen8,gym:神奥地区:菜种:2,菜种,1,2,jumpluff,Jumpluff,4,4,tier2,representative-exact-tier
gym:tier1:菜种,gen8,gym:神奥地区:菜种:2,菜种,1,3,centiskorch,Centiskorch,5,5,tier2,gmax-system-fill-theme
gym:tier1:菜种,gen8,gym:神奥地区:菜种:2,菜种,2,1,cherrim,Cherrim,4,4,tier1,representative-exact-tier
gym:tier1:菜种,gen8,gym:神奥地区:菜种:2,菜种,2,2,jumpluff,Jumpluff,4,4,tier2,representative-exact-tier
gym:tier1:菜种,gen8,gym:神奥地区:菜种:2,菜种,2,3,centiskorch,Centiskorch,5,5,tier2,gmax-system-fill-theme
gym:tier1:菜种,gen8,gym:神奥地区:菜种:2,菜种,3,1,cherrim,Cherrim,4,4,tier1,representative-exact-tier
gym:tier1:菜种,gen8,gym:神奥地区:菜种:2,菜种,3,2,jumpluff,Jumpluff,4,4,tier2,representative-exact-tier
gym:tier1:菜种,gen8,gym:神奥地区:菜种:2,菜种,3,3,centiskorch,Centiskorch,5,5,tier2,gmax-system-fill-theme
gym:tier1:菜种,gen8,gym:神奥地区:菜种:2,菜种,4,1,cherrim,Cherrim,4,4,tier1,representative-exact-tier
gym:tier1:菜种,gen8,gym:神奥地区:菜种:2,菜种,4,2,jumpluff,Jumpluff,4,4,tier2,representative-exact-tier
gym:tier1:菜种,gen8,gym:神奥地区:菜种:2,菜种,4,3,centiskorch,Centiskorch,5,5,tier2,gmax-system-fill-theme
gym:tier1:菜种,gen9,gym:神奥地区:菜种:2,菜种,1,1,cherrim,Cherrim,4,4,tier1,representative-exact-tier
gym:tier1:菜种,gen9,gym:神奥地区:菜种:2,菜种,1,2,jumpluff,Jumpluff,4,4,tier2,representative-exact-tier
gym:tier1:菜种,gen9,gym:神奥地区:菜种:2,菜种,1,3,breloom,Breloom,5,5,tier2,representative-exact-tier
gym:tier1:菜种,gen9,gym:神奥地区:菜种:2,菜种,2,1,cherrim,Cherrim,4,4,tier1,representative-exact-tier
gym:tier1:菜种,gen9,gym:神奥地区:菜种:2,菜种,2,2,jumpluff,Jumpluff,4,4,tier2,representative-exact-tier
gym:tier1:菜种,gen9,gym:神奥地区:菜种:2,菜种,2,3,breloom,Breloom,5,5,tier2,representative-exact-tier
gym:tier1:菜种,gen9,gym:神奥地区:菜种:2,菜种,3,1,cherrim,Cherrim,4,4,tier1,representative-exact-tier
gym:tier1:菜种,gen9,gym:神奥地区:菜种:2,菜种,3,2,jumpluff,Jumpluff,4,4,tier2,representative-exact-tier
gym:tier1:菜种,gen9,gym:神奥地区:菜种:2,菜种,3,3,breloom,Breloom,5,5,tier2,representative-exact-tier
gym:tier1:菜种,gen9,gym:神奥地区:菜种:2,菜种,4,1,cherrim,Cherrim,4,4,tier1,representative-exact-tier
gym:tier1:菜种,gen9,gym:神奥地区:菜种:2,菜种,4,2,jumpluff,Jumpluff,4,4,tier2,representative-exact-tier
gym:tier1:菜种,gen9,gym:神奥地区:菜种:2,菜种,4,3,breloom,Breloom,5,5,tier2,representative-exact-tier
gym:tier1:阿李,none,gym:神奥地区:阿李:3,阿李,1,1,hitmontop,Hitmontop,4,4,tier1,representative-exact-tier
gym:tier1:阿李,none,gym:神奥地区:阿李:3,阿李,1,2,medicham,Medicham,4,4,tier2,representative-exact-tier
gym:tier1:阿李,none,gym:神奥地区:阿李:3,阿李,1,3,breloom,Breloom,5,5,tier2,representative-exact-tier
gym:tier1:阿李,none,gym:神奥地区:阿李:3,阿李,2,1,hitmontop,Hitmontop,4,4,tier1,representative-exact-tier
gym:tier1:阿李,none,gym:神奥地区:阿李:3,阿李,2,2,medicham,Medicham,4,4,tier2,representative-exact-tier
gym:tier1:阿李,none,gym:神奥地区:阿李:3,阿李,2,3,breloom,Breloom,5,5,tier2,representative-exact-tier
gym:tier1:阿李,none,gym:神奥地区:阿李:3,阿李,3,1,hitmontop,Hitmontop,4,4,tier1,representative-exact-tier
gym:tier1:阿李,none,gym:神奥地区:阿李:3,阿李,3,2,medicham,Medicham,4,4,tier2,representative-exact-tier
gym:tier1:阿李,none,gym:神奥地区:阿李:3,阿李,3,3,breloom,Breloom,5,5,tier2,representative-exact-tier
gym:tier1:阿李,none,gym:神奥地区:阿李:3,阿李,4,1,hitmontop,Hitmontop,4,4,tier1,representative-exact-tier
gym:tier1:阿李,none,gym:神奥地区:阿李:3,阿李,4,2,medicham,Medicham,4,4,tier2,representative-exact-tier
gym:tier1:阿李,none,gym:神奥地区:阿李:3,阿李,4,3,breloom,Breloom,5,5,tier2,representative-exact-tier
gym:tier1:阿李,gen7,gym:神奥地区:阿李:3,阿李,1,1,hitmontop,Hitmontop,4,4,tier1,representative-exact-tier
gym:tier1:阿李,gen7,gym:神奥地区:阿李:3,阿李,1,2,medicham,Medicham,4,4,tier2,representative-exact-tier
gym:tier1:阿李,gen7,gym:神奥地区:阿李:3,阿李,1,3,breloom,Breloom,5,5,tier2,representative-exact-tier
gym:tier1:阿李,gen7,gym:神奥地区:阿李:3,阿李,2,1,hitmontop,Hitmontop,4,4,tier1,representative-exact-tier
gym:tier1:阿李,gen7,gym:神奥地区:阿李:3,阿李,2,2,medicham,Medicham,4,4,tier2,representative-exact-tier
gym:tier1:阿李,gen7,gym:神奥地区:阿李:3,阿李,2,3,breloom,Breloom,5,5,tier2,representative-exact-tier
gym:tier1:阿李,gen7,gym:神奥地区:阿李:3,阿李,3,1,hitmontop,Hitmontop,4,4,tier1,representative-exact-tier
gym:tier1:阿李,gen7,gym:神奥地区:阿李:3,阿李,3,2,medicham,Medicham,4,4,tier2,representative-exact-tier
gym:tier1:阿李,gen7,gym:神奥地区:阿李:3,阿李,3,3,breloom,Breloom,5,5,tier2,representative-exact-tier
gym:tier1:阿李,gen7,gym:神奥地区:阿李:3,阿李,4,1,hitmontop,Hitmontop,4,4,tier1,representative-exact-tier
gym:tier1:阿李,gen7,gym:神奥地区:阿李:3,阿李,4,2,medicham,Medicham,4,4,tier2,representative-exact-tier
gym:tier1:阿李,gen7,gym:神奥地区:阿李:3,阿李,4,3,breloom,Breloom,5,5,tier2,representative-exact-tier
gym:tier1:阿李,gen8,gym:神奥地区:阿李:3,阿李,1,1,hitmontop,Hitmontop,4,4,tier1,representative-exact-tier
gym:tier1:阿李,gen8,gym:神奥地区:阿李:3,阿李,1,2,medicham,Medicham,4,4,tier2,representative-exact-tier
gym:tier1:阿李,gen8,gym:神奥地区:阿李:3,阿李,1,3,centiskorch,Centiskorch,5,5,tier2,gmax-system-fill-theme
gym:tier1:阿李,gen8,gym:神奥地区:阿李:3,阿李,2,1,hitmontop,Hitmontop,4,4,tier1,representative-exact-tier
gym:tier1:阿李,gen8,gym:神奥地区:阿李:3,阿李,2,2,medicham,Medicham,4,4,tier2,representative-exact-tier
gym:tier1:阿李,gen8,gym:神奥地区:阿李:3,阿李,2,3,centiskorch,Centiskorch,5,5,tier2,gmax-system-fill-theme
gym:tier1:阿李,gen8,gym:神奥地区:阿李:3,阿李,3,1,hitmontop,Hitmontop,4,4,tier1,representative-exact-tier
gym:tier1:阿李,gen8,gym:神奥地区:阿李:3,阿李,3,2,medicham,Medicham,4,4,tier2,representative-exact-tier
gym:tier1:阿李,gen8,gym:神奥地区:阿李:3,阿李,3,3,centiskorch,Centiskorch,5,5,tier2,gmax-system-fill-theme
gym:tier1:阿李,gen8,gym:神奥地区:阿李:3,阿李,4,1,hitmontop,Hitmontop,4,4,tier1,representative-exact-tier
gym:tier1:阿李,gen8,gym:神奥地区:阿李:3,阿李,4,2,medicham,Medicham,4,4,tier2,representative-exact-tier
gym:tier1:阿李,gen8,gym:神奥地区:阿李:3,阿李,4,3,centiskorch,Centiskorch,5,5,tier2,gmax-system-fill-theme
gym:tier1:阿李,gen9,gym:神奥地区:阿李:3,阿李,1,1,hitmontop,Hitmontop,4,4,tier1,representative-exact-tier
gym:tier1:阿李,gen9,gym:神奥地区:阿李:3,阿李,1,2,medicham,Medicham,4,4,tier2,representative-exact-tier
gym:tier1:阿李,gen9,gym:神奥地区:阿李:3,阿李,1,3,breloom,Breloom,5,5,tier2,representative-exact-tier
gym:tier1:阿李,gen9,gym:神奥地区:阿李:3,阿李,2,1,hitmontop,Hitmontop,4,4,tier1,representative-exact-tier
gym:tier1:阿李,gen9,gym:神奥地区:阿李:3,阿李,2,2,medicham,Medicham,4,4,tier2,representative-exact-tier
gym:tier1:阿李,gen9,gym:神奥地区:阿李:3,阿李,2,3,breloom,Breloom,5,5,tier2,representative-exact-tier
gym:tier1:阿李,gen9,gym:神奥地区:阿李:3,阿李,3,1,hitmontop,Hitmontop,4,4,tier1,representative-exact-tier
gym:tier1:阿李,gen9,gym:神奥地区:阿李:3,阿李,3,2,medicham,Medicham,4,4,tier2,representative-exact-tier
gym:tier1:阿李,gen9,gym:神奥地区:阿李:3,阿李,3,3,breloom,Breloom,5,5,tier2,representative-exact-tier
gym:tier1:阿李,gen9,gym:神奥地区:阿李:3,阿李,4,1,hitmontop,Hitmontop,4,4,tier1,representative-exact-tier
gym:tier1:阿李,gen9,gym:神奥地区:阿李:3,阿李,4,2,medicham,Medicham,4,4,tier2,representative-exact-tier
gym:tier1:阿李,gen9,gym:神奥地区:阿李:3,阿李,4,3,breloom,Breloom,5,5,tier2,representative-exact-tier
gym:tier2:吉宪,none,gym:神奥地区:吉宪:4,吉宪,1,1,quagsire,Quagsire,4,4,tier2,representative-exact-tier
gym:tier2:吉宪,none,gym:神奥地区:吉宪:4,吉宪,1,2,floatzel,Floatzel,5,5,tier3,representative-exact-tier
gym:tier2:吉宪,none,gym:神奥地区:吉宪:4,吉宪,1,3,ludicolo,Ludicolo,5,5,tier3,representative-exact-tier
gym:tier2:吉宪,none,gym:神奥地区:吉宪:4,吉宪,2,1,quagsire,Quagsire,4,4,tier2,representative-exact-tier
gym:tier2:吉宪,none,gym:神奥地区:吉宪:4,吉宪,2,2,floatzel,Floatzel,5,5,tier3,representative-exact-tier
gym:tier2:吉宪,none,gym:神奥地区:吉宪:4,吉宪,2,3,ludicolo,Ludicolo,5,5,tier3,representative-exact-tier
gym:tier2:吉宪,none,gym:神奥地区:吉宪:4,吉宪,3,1,quagsire,Quagsire,4,4,tier2,representative-exact-tier
gym:tier2:吉宪,none,gym:神奥地区:吉宪:4,吉宪,3,2,floatzel,Floatzel,5,5,tier3,representative-exact-tier
gym:tier2:吉宪,none,gym:神奥地区:吉宪:4,吉宪,3,3,ludicolo,Ludicolo,5,5,tier3,representative-exact-tier
gym:tier2:吉宪,none,gym:神奥地区:吉宪:4,吉宪,4,1,quagsire,Quagsire,4,4,tier2,representative-exact-tier
gym:tier2:吉宪,none,gym:神奥地区:吉宪:4,吉宪,4,2,floatzel,Floatzel,5,5,tier3,representative-exact-tier
gym:tier2:吉宪,none,gym:神奥地区:吉宪:4,吉宪,4,3,ludicolo,Ludicolo,5,5,tier3,representative-exact-tier
gym:tier2:吉宪,gen7,gym:神奥地区:吉宪:4,吉宪,1,1,quagsire,Quagsire,4,4,tier2,representative-exact-tier
gym:tier2:吉宪,gen7,gym:神奥地区:吉宪:4,吉宪,1,2,floatzel,Floatzel,5,5,tier3,representative-exact-tier
gym:tier2:吉宪,gen7,gym:神奥地区:吉宪:4,吉宪,1,3,abomasnow,Abomasnow,5,5,tier3,mega-system-fill-theme
gym:tier2:吉宪,gen7,gym:神奥地区:吉宪:4,吉宪,2,1,quagsire,Quagsire,4,4,tier2,representative-exact-tier
gym:tier2:吉宪,gen7,gym:神奥地区:吉宪:4,吉宪,2,2,floatzel,Floatzel,5,5,tier3,representative-exact-tier
gym:tier2:吉宪,gen7,gym:神奥地区:吉宪:4,吉宪,2,3,abomasnow,Abomasnow,5,5,tier3,mega-system-fill-theme
gym:tier2:吉宪,gen7,gym:神奥地区:吉宪:4,吉宪,3,1,quagsire,Quagsire,4,4,tier2,representative-exact-tier
gym:tier2:吉宪,gen7,gym:神奥地区:吉宪:4,吉宪,3,2,floatzel,Floatzel,5,5,tier3,representative-exact-tier
gym:tier2:吉宪,gen7,gym:神奥地区:吉宪:4,吉宪,3,3,abomasnow,Abomasnow,5,5,tier3,mega-system-fill-theme
gym:tier2:吉宪,gen7,gym:神奥地区:吉宪:4,吉宪,4,1,quagsire,Quagsire,4,4,tier2,representative-exact-tier
gym:tier2:吉宪,gen7,gym:神奥地区:吉宪:4,吉宪,4,2,floatzel,Floatzel,5,5,tier3,representative-exact-tier
gym:tier2:吉宪,gen7,gym:神奥地区:吉宪:4,吉宪,4,3,abomasnow,Abomasnow,5,5,tier3,mega-system-fill-theme
gym:tier2:吉宪,gen8,gym:神奥地区:吉宪:4,吉宪,1,1,quagsire,Quagsire,4,4,tier2,representative-exact-tier
gym:tier2:吉宪,gen8,gym:神奥地区:吉宪:4,吉宪,1,2,floatzel,Floatzel,5,5,tier3,representative-exact-tier
gym:tier2:吉宪,gen8,gym:神奥地区:吉宪:4,吉宪,1,3,centiskorch,Centiskorch,5,5,tier3,gmax-system-fill-theme
gym:tier2:吉宪,gen8,gym:神奥地区:吉宪:4,吉宪,2,1,quagsire,Quagsire,4,4,tier2,representative-exact-tier
gym:tier2:吉宪,gen8,gym:神奥地区:吉宪:4,吉宪,2,2,floatzel,Floatzel,5,5,tier3,representative-exact-tier
gym:tier2:吉宪,gen8,gym:神奥地区:吉宪:4,吉宪,2,3,centiskorch,Centiskorch,5,5,tier3,gmax-system-fill-theme
gym:tier2:吉宪,gen8,gym:神奥地区:吉宪:4,吉宪,3,1,quagsire,Quagsire,4,4,tier2,representative-exact-tier
gym:tier2:吉宪,gen8,gym:神奥地区:吉宪:4,吉宪,3,2,floatzel,Floatzel,5,5,tier3,representative-exact-tier
gym:tier2:吉宪,gen8,gym:神奥地区:吉宪:4,吉宪,3,3,centiskorch,Centiskorch,5,5,tier3,gmax-system-fill-theme
gym:tier2:吉宪,gen8,gym:神奥地区:吉宪:4,吉宪,4,1,quagsire,Quagsire,4,4,tier2,representative-exact-tier
gym:tier2:吉宪,gen8,gym:神奥地区:吉宪:4,吉宪,4,2,floatzel,Floatzel,5,5,tier3,representative-exact-tier
gym:tier2:吉宪,gen8,gym:神奥地区:吉宪:4,吉宪,4,3,centiskorch,Centiskorch,5,5,tier3,gmax-system-fill-theme
gym:tier2:吉宪,gen9,gym:神奥地区:吉宪:4,吉宪,1,1,quagsire,Quagsire,4,4,tier2,representative-exact-tier
gym:tier2:吉宪,gen9,gym:神奥地区:吉宪:4,吉宪,1,2,floatzel,Floatzel,5,5,tier3,representative-exact-tier
gym:tier2:吉宪,gen9,gym:神奥地区:吉宪:4,吉宪,1,3,ludicolo,Ludicolo,5,5,tier3,representative-exact-tier
gym:tier2:吉宪,gen9,gym:神奥地区:吉宪:4,吉宪,2,1,quagsire,Quagsire,4,4,tier2,representative-exact-tier
gym:tier2:吉宪,gen9,gym:神奥地区:吉宪:4,吉宪,2,2,floatzel,Floatzel,5,5,tier3,representative-exact-tier
gym:tier2:吉宪,gen9,gym:神奥地区:吉宪:4,吉宪,2,3,ludicolo,Ludicolo,5,5,tier3,representative-exact-tier
gym:tier2:吉宪,gen9,gym:神奥地区:吉宪:4,吉宪,3,1,quagsire,Quagsire,4,4,tier2,representative-exact-tier
gym:tier2:吉宪,gen9,gym:神奥地区:吉宪:4,吉宪,3,2,floatzel,Floatzel,5,5,tier3,representative-exact-tier
gym:tier2:吉宪,gen9,gym:神奥地区:吉宪:4,吉宪,3,3,ludicolo,Ludicolo,5,5,tier3,representative-exact-tier
gym:tier2:吉宪,gen9,gym:神奥地区:吉宪:4,吉宪,4,1,quagsire,Quagsire,4,4,tier2,representative-exact-tier
gym:tier2:吉宪,gen9,gym:神奥地区:吉宪:4,吉宪,4,2,floatzel,Floatzel,5,5,tier3,representative-exact-tier
gym:tier2:吉宪,gen9,gym:神奥地区:吉宪:4,吉宪,4,3,ludicolo,Ludicolo,5,5,tier3,representative-exact-tier
gym:tier2:梅丽莎,none,gym:神奥地区:梅丽莎:5,梅丽莎,1,1,banette,Banette,4,4,tier2,representative-exact-tier
gym:tier2:梅丽莎,none,gym:神奥地区:梅丽莎:5,梅丽莎,1,2,mismagius,Mismagius,5,5,tier3,representative-exact-tier
gym:tier2:梅丽莎,none,gym:神奥地区:梅丽莎:5,梅丽莎,1,3,drifblim,Drifblim,5,5,tier3,representative-exact-tier
gym:tier2:梅丽莎,none,gym:神奥地区:梅丽莎:5,梅丽莎,2,1,banette,Banette,4,4,tier2,representative-exact-tier
gym:tier2:梅丽莎,none,gym:神奥地区:梅丽莎:5,梅丽莎,2,2,mismagius,Mismagius,5,5,tier3,representative-exact-tier
gym:tier2:梅丽莎,none,gym:神奥地区:梅丽莎:5,梅丽莎,2,3,drifblim,Drifblim,5,5,tier3,representative-exact-tier
gym:tier2:梅丽莎,none,gym:神奥地区:梅丽莎:5,梅丽莎,3,1,banette,Banette,4,4,tier2,representative-exact-tier
gym:tier2:梅丽莎,none,gym:神奥地区:梅丽莎:5,梅丽莎,3,2,mismagius,Mismagius,5,5,tier3,representative-exact-tier
gym:tier2:梅丽莎,none,gym:神奥地区:梅丽莎:5,梅丽莎,3,3,drifblim,Drifblim,5,5,tier3,representative-exact-tier
gym:tier2:梅丽莎,none,gym:神奥地区:梅丽莎:5,梅丽莎,4,1,banette,Banette,4,4,tier2,representative-exact-tier
gym:tier2:梅丽莎,none,gym:神奥地区:梅丽莎:5,梅丽莎,4,2,mismagius,Mismagius,5,5,tier3,representative-exact-tier
gym:tier2:梅丽莎,none,gym:神奥地区:梅丽莎:5,梅丽莎,4,3,drifblim,Drifblim,5,5,tier3,representative-exact-tier
gym:tier2:梅丽莎,gen7,gym:神奥地区:梅丽莎:5,梅丽莎,1,1,banette,Banette,4,4,tier2,representative-exact-tier
gym:tier2:梅丽莎,gen7,gym:神奥地区:梅丽莎:5,梅丽莎,1,2,mismagius,Mismagius,5,5,tier3,representative-exact-tier
gym:tier2:梅丽莎,gen7,gym:神奥地区:梅丽莎:5,梅丽莎,1,3,drifblim,Drifblim,5,5,tier3,representative-exact-tier
gym:tier2:梅丽莎,gen7,gym:神奥地区:梅丽莎:5,梅丽莎,2,1,banette,Banette,4,4,tier2,representative-exact-tier
gym:tier2:梅丽莎,gen7,gym:神奥地区:梅丽莎:5,梅丽莎,2,2,mismagius,Mismagius,5,5,tier3,representative-exact-tier
gym:tier2:梅丽莎,gen7,gym:神奥地区:梅丽莎:5,梅丽莎,2,3,drifblim,Drifblim,5,5,tier3,representative-exact-tier
gym:tier2:梅丽莎,gen7,gym:神奥地区:梅丽莎:5,梅丽莎,3,1,banette,Banette,4,4,tier2,representative-exact-tier
gym:tier2:梅丽莎,gen7,gym:神奥地区:梅丽莎:5,梅丽莎,3,2,mismagius,Mismagius,5,5,tier3,representative-exact-tier
gym:tier2:梅丽莎,gen7,gym:神奥地区:梅丽莎:5,梅丽莎,3,3,drifblim,Drifblim,5,5,tier3,representative-exact-tier
gym:tier2:梅丽莎,gen7,gym:神奥地区:梅丽莎:5,梅丽莎,4,1,banette,Banette,4,4,tier2,representative-exact-tier
gym:tier2:梅丽莎,gen7,gym:神奥地区:梅丽莎:5,梅丽莎,4,2,mismagius,Mismagius,5,5,tier3,representative-exact-tier
gym:tier2:梅丽莎,gen7,gym:神奥地区:梅丽莎:5,梅丽莎,4,3,drifblim,Drifblim,5,5,tier3,representative-exact-tier
gym:tier2:梅丽莎,gen8,gym:神奥地区:梅丽莎:5,梅丽莎,1,1,banette,Banette,4,4,tier2,representative-exact-tier
gym:tier2:梅丽莎,gen8,gym:神奥地区:梅丽莎:5,梅丽莎,1,2,mismagius,Mismagius,5,5,tier3,representative-exact-tier
gym:tier2:梅丽莎,gen8,gym:神奥地区:梅丽莎:5,梅丽莎,1,3,centiskorch,Centiskorch,5,5,tier3,gmax-system-fill-theme
gym:tier2:梅丽莎,gen8,gym:神奥地区:梅丽莎:5,梅丽莎,2,1,banette,Banette,4,4,tier2,representative-exact-tier
gym:tier2:梅丽莎,gen8,gym:神奥地区:梅丽莎:5,梅丽莎,2,2,mismagius,Mismagius,5,5,tier3,representative-exact-tier
gym:tier2:梅丽莎,gen8,gym:神奥地区:梅丽莎:5,梅丽莎,2,3,centiskorch,Centiskorch,5,5,tier3,gmax-system-fill-theme
gym:tier2:梅丽莎,gen8,gym:神奥地区:梅丽莎:5,梅丽莎,3,1,banette,Banette,4,4,tier2,representative-exact-tier
gym:tier2:梅丽莎,gen8,gym:神奥地区:梅丽莎:5,梅丽莎,3,2,mismagius,Mismagius,5,5,tier3,representative-exact-tier
gym:tier2:梅丽莎,gen8,gym:神奥地区:梅丽莎:5,梅丽莎,3,3,centiskorch,Centiskorch,5,5,tier3,gmax-system-fill-theme
gym:tier2:梅丽莎,gen8,gym:神奥地区:梅丽莎:5,梅丽莎,4,1,banette,Banette,4,4,tier2,representative-exact-tier
gym:tier2:梅丽莎,gen8,gym:神奥地区:梅丽莎:5,梅丽莎,4,2,mismagius,Mismagius,5,5,tier3,representative-exact-tier
gym:tier2:梅丽莎,gen8,gym:神奥地区:梅丽莎:5,梅丽莎,4,3,centiskorch,Centiskorch,5,5,tier3,gmax-system-fill-theme
gym:tier2:梅丽莎,gen9,gym:神奥地区:梅丽莎:5,梅丽莎,1,1,banette,Banette,4,4,tier2,representative-exact-tier
gym:tier2:梅丽莎,gen9,gym:神奥地区:梅丽莎:5,梅丽莎,1,2,mismagius,Mismagius,5,5,tier3,representative-exact-tier
gym:tier2:梅丽莎,gen9,gym:神奥地区:梅丽莎:5,梅丽莎,1,3,drifblim,Drifblim,5,5,tier3,representative-exact-tier
gym:tier2:梅丽莎,gen9,gym:神奥地区:梅丽莎:5,梅丽莎,2,1,banette,Banette,4,4,tier2,representative-exact-tier
gym:tier2:梅丽莎,gen9,gym:神奥地区:梅丽莎:5,梅丽莎,2,2,mismagius,Mismagius,5,5,tier3,representative-exact-tier
gym:tier2:梅丽莎,gen9,gym:神奥地区:梅丽莎:5,梅丽莎,2,3,drifblim,Drifblim,5,5,tier3,representative-exact-tier
gym:tier2:梅丽莎,gen9,gym:神奥地区:梅丽莎:5,梅丽莎,3,1,banette,Banette,4,4,tier2,representative-exact-tier
gym:tier2:梅丽莎,gen9,gym:神奥地区:梅丽莎:5,梅丽莎,3,2,mismagius,Mismagius,5,5,tier3,representative-exact-tier
gym:tier2:梅丽莎,gen9,gym:神奥地区:梅丽莎:5,梅丽莎,3,3,drifblim,Drifblim,5,5,tier3,representative-exact-tier
gym:tier2:梅丽莎,gen9,gym:神奥地区:梅丽莎:5,梅丽莎,4,1,banette,Banette,4,4,tier2,representative-exact-tier
gym:tier2:梅丽莎,gen9,gym:神奥地区:梅丽莎:5,梅丽莎,4,2,mismagius,Mismagius,5,5,tier3,representative-exact-tier
gym:tier2:梅丽莎,gen9,gym:神奥地区:梅丽莎:5,梅丽莎,4,3,drifblim,Drifblim,5,5,tier3,representative-exact-tier
gym:tier2:东瓜,none,gym:神奥地区:东瓜:6,东瓜,1,1,pelipper,Pelipper,4,4,tier2,representative-exact-tier
gym:tier2:东瓜,none,gym:神奥地区:东瓜:6,东瓜,1,2,bastiodon,Bastiodon,5,5,tier3,representative-exact-tier
gym:tier2:东瓜,none,gym:神奥地区:东瓜:6,东瓜,1,3,skarmory,Skarmory,5,5,tier3,representative-exact-tier
gym:tier2:东瓜,none,gym:神奥地区:东瓜:6,东瓜,2,1,pelipper,Pelipper,4,4,tier2,representative-exact-tier
gym:tier2:东瓜,none,gym:神奥地区:东瓜:6,东瓜,2,2,bastiodon,Bastiodon,5,5,tier3,representative-exact-tier
gym:tier2:东瓜,none,gym:神奥地区:东瓜:6,东瓜,2,3,skarmory,Skarmory,5,5,tier3,representative-exact-tier
gym:tier2:东瓜,none,gym:神奥地区:东瓜:6,东瓜,3,1,pelipper,Pelipper,4,4,tier2,representative-exact-tier
gym:tier2:东瓜,none,gym:神奥地区:东瓜:6,东瓜,3,2,bastiodon,Bastiodon,5,5,tier3,representative-exact-tier
gym:tier2:东瓜,none,gym:神奥地区:东瓜:6,东瓜,3,3,skarmory,Skarmory,5,5,tier3,representative-exact-tier
gym:tier2:东瓜,none,gym:神奥地区:东瓜:6,东瓜,4,1,pelipper,Pelipper,4,4,tier2,representative-exact-tier
gym:tier2:东瓜,none,gym:神奥地区:东瓜:6,东瓜,4,2,bastiodon,Bastiodon,5,5,tier3,representative-exact-tier
gym:tier2:东瓜,none,gym:神奥地区:东瓜:6,东瓜,4,3,skarmory,Skarmory,5,5,tier3,representative-exact-tier
gym:tier2:东瓜,gen7,gym:神奥地区:东瓜:6,东瓜,1,1,pelipper,Pelipper,4,4,tier2,representative-exact-tier
gym:tier2:东瓜,gen7,gym:神奥地区:东瓜:6,东瓜,1,2,bastiodon,Bastiodon,5,5,tier3,representative-exact-tier
gym:tier2:东瓜,gen7,gym:神奥地区:东瓜:6,东瓜,1,3,altaria,Altaria,5,5,tier3,mega-system-fill-theme
gym:tier2:东瓜,gen7,gym:神奥地区:东瓜:6,东瓜,2,1,pelipper,Pelipper,4,4,tier2,representative-exact-tier
gym:tier2:东瓜,gen7,gym:神奥地区:东瓜:6,东瓜,2,2,bastiodon,Bastiodon,5,5,tier3,representative-exact-tier
gym:tier2:东瓜,gen7,gym:神奥地区:东瓜:6,东瓜,2,3,altaria,Altaria,5,5,tier3,mega-system-fill-theme
gym:tier2:东瓜,gen7,gym:神奥地区:东瓜:6,东瓜,3,1,pelipper,Pelipper,4,4,tier2,representative-exact-tier
gym:tier2:东瓜,gen7,gym:神奥地区:东瓜:6,东瓜,3,2,bastiodon,Bastiodon,5,5,tier3,representative-exact-tier
gym:tier2:东瓜,gen7,gym:神奥地区:东瓜:6,东瓜,3,3,altaria,Altaria,5,5,tier3,mega-system-fill-theme
gym:tier2:东瓜,gen7,gym:神奥地区:东瓜:6,东瓜,4,1,pelipper,Pelipper,4,4,tier2,representative-exact-tier
gym:tier2:东瓜,gen7,gym:神奥地区:东瓜:6,东瓜,4,2,bastiodon,Bastiodon,5,5,tier3,representative-exact-tier
gym:tier2:东瓜,gen7,gym:神奥地区:东瓜:6,东瓜,4,3,altaria,Altaria,5,5,tier3,mega-system-fill-theme
gym:tier2:东瓜,gen8,gym:神奥地区:东瓜:6,东瓜,1,1,pelipper,Pelipper,4,4,tier2,representative-exact-tier
gym:tier2:东瓜,gen8,gym:神奥地区:东瓜:6,东瓜,1,2,bastiodon,Bastiodon,5,5,tier3,representative-exact-tier
gym:tier2:东瓜,gen8,gym:神奥地区:东瓜:6,东瓜,1,3,centiskorch,Centiskorch,5,5,tier3,gmax-system-fill-theme
gym:tier2:东瓜,gen8,gym:神奥地区:东瓜:6,东瓜,2,1,pelipper,Pelipper,4,4,tier2,representative-exact-tier
gym:tier2:东瓜,gen8,gym:神奥地区:东瓜:6,东瓜,2,2,bastiodon,Bastiodon,5,5,tier3,representative-exact-tier
gym:tier2:东瓜,gen8,gym:神奥地区:东瓜:6,东瓜,2,3,centiskorch,Centiskorch,5,5,tier3,gmax-system-fill-theme
gym:tier2:东瓜,gen8,gym:神奥地区:东瓜:6,东瓜,3,1,pelipper,Pelipper,4,4,tier2,representative-exact-tier
gym:tier2:东瓜,gen8,gym:神奥地区:东瓜:6,东瓜,3,2,bastiodon,Bastiodon,5,5,tier3,representative-exact-tier
gym:tier2:东瓜,gen8,gym:神奥地区:东瓜:6,东瓜,3,3,centiskorch,Centiskorch,5,5,tier3,gmax-system-fill-theme
gym:tier2:东瓜,gen8,gym:神奥地区:东瓜:6,东瓜,4,1,pelipper,Pelipper,4,4,tier2,representative-exact-tier
gym:tier2:东瓜,gen8,gym:神奥地区:东瓜:6,东瓜,4,2,bastiodon,Bastiodon,5,5,tier3,representative-exact-tier
gym:tier2:东瓜,gen8,gym:神奥地区:东瓜:6,东瓜,4,3,centiskorch,Centiskorch,5,5,tier3,gmax-system-fill-theme
gym:tier2:东瓜,gen9,gym:神奥地区:东瓜:6,东瓜,1,1,pelipper,Pelipper,4,4,tier2,representative-exact-tier
gym:tier2:东瓜,gen9,gym:神奥地区:东瓜:6,东瓜,1,2,bastiodon,Bastiodon,5,5,tier3,representative-exact-tier
gym:tier2:东瓜,gen9,gym:神奥地区:东瓜:6,东瓜,1,3,skarmory,Skarmory,5,5,tier3,representative-exact-tier
gym:tier2:东瓜,gen9,gym:神奥地区:东瓜:6,东瓜,2,1,pelipper,Pelipper,4,4,tier2,representative-exact-tier
gym:tier2:东瓜,gen9,gym:神奥地区:东瓜:6,东瓜,2,2,bastiodon,Bastiodon,5,5,tier3,representative-exact-tier
gym:tier2:东瓜,gen9,gym:神奥地区:东瓜:6,东瓜,2,3,skarmory,Skarmory,5,5,tier3,representative-exact-tier
gym:tier2:东瓜,gen9,gym:神奥地区:东瓜:6,东瓜,3,1,pelipper,Pelipper,4,4,tier2,representative-exact-tier
gym:tier2:东瓜,gen9,gym:神奥地区:东瓜:6,东瓜,3,2,bastiodon,Bastiodon,5,5,tier3,representative-exact-tier
gym:tier2:东瓜,gen9,gym:神奥地区:东瓜:6,东瓜,3,3,skarmory,Skarmory,5,5,tier3,representative-exact-tier
gym:tier2:东瓜,gen9,gym:神奥地区:东瓜:6,东瓜,4,1,pelipper,Pelipper,4,4,tier2,representative-exact-tier
gym:tier2:东瓜,gen9,gym:神奥地区:东瓜:6,东瓜,4,2,bastiodon,Bastiodon,5,5,tier3,representative-exact-tier
gym:tier2:东瓜,gen9,gym:神奥地区:东瓜:6,东瓜,4,3,skarmory,Skarmory,5,5,tier3,representative-exact-tier
gym:tier3:小菘,none,gym:神奥地区:小菘:7,小菘,1,1,abomasnow,Abomasnow,5,5,tier3,representative-exact-tier
gym:tier3:小菘,none,gym:神奥地区:小菘:7,小菘,1,2,froslass,Froslass,5,5,tier4,representative-exact-tier
gym:tier3:小菘,none,gym:神奥地区:小菘:7,小菘,1,3,mamoswine,Mamoswine,6,6,tier4,representative-exact-tier
gym:tier3:小菘,none,gym:神奥地区:小菘:7,小菘,2,1,abomasnow,Abomasnow,5,5,tier3,representative-exact-tier
gym:tier3:小菘,none,gym:神奥地区:小菘:7,小菘,2,2,froslass,Froslass,5,5,tier4,representative-exact-tier
gym:tier3:小菘,none,gym:神奥地区:小菘:7,小菘,2,3,mamoswine,Mamoswine,6,6,tier4,representative-exact-tier
gym:tier3:小菘,none,gym:神奥地区:小菘:7,小菘,3,1,abomasnow,Abomasnow,5,5,tier3,representative-exact-tier
gym:tier3:小菘,none,gym:神奥地区:小菘:7,小菘,3,2,froslass,Froslass,5,5,tier4,representative-exact-tier
gym:tier3:小菘,none,gym:神奥地区:小菘:7,小菘,3,3,mamoswine,Mamoswine,6,6,tier4,representative-exact-tier
gym:tier3:小菘,none,gym:神奥地区:小菘:7,小菘,4,1,abomasnow,Abomasnow,5,5,tier3,representative-exact-tier
gym:tier3:小菘,none,gym:神奥地区:小菘:7,小菘,4,2,froslass,Froslass,5,5,tier4,representative-exact-tier
gym:tier3:小菘,none,gym:神奥地区:小菘:7,小菘,4,3,mamoswine,Mamoswine,6,6,tier4,representative-exact-tier
gym:tier3:小菘,gen7,gym:神奥地区:小菘:7,小菘,1,1,abomasnow,Abomasnow,5,5,tier3,representative-exact-tier
gym:tier3:小菘,gen7,gym:神奥地区:小菘:7,小菘,1,2,froslass,Froslass,5,5,tier4,representative-exact-tier
gym:tier3:小菘,gen7,gym:神奥地区:小菘:7,小菘,1,3,mamoswine,Mamoswine,6,6,tier4,representative-exact-tier
gym:tier3:小菘,gen7,gym:神奥地区:小菘:7,小菘,2,1,abomasnow,Abomasnow,5,5,tier3,representative-exact-tier
gym:tier3:小菘,gen7,gym:神奥地区:小菘:7,小菘,2,2,froslass,Froslass,5,5,tier4,representative-exact-tier
gym:tier3:小菘,gen7,gym:神奥地区:小菘:7,小菘,2,3,mamoswine,Mamoswine,6,6,tier4,representative-exact-tier
gym:tier3:小菘,gen7,gym:神奥地区:小菘:7,小菘,3,1,abomasnow,Abomasnow,5,5,tier3,representative-exact-tier
gym:tier3:小菘,gen7,gym:神奥地区:小菘:7,小菘,3,2,froslass,Froslass,5,5,tier4,representative-exact-tier
gym:tier3:小菘,gen7,gym:神奥地区:小菘:7,小菘,3,3,mamoswine,Mamoswine,6,6,tier4,representative-exact-tier
gym:tier3:小菘,gen7,gym:神奥地区:小菘:7,小菘,4,1,abomasnow,Abomasnow,5,5,tier3,representative-exact-tier
gym:tier3:小菘,gen7,gym:神奥地区:小菘:7,小菘,4,2,froslass,Froslass,5,5,tier4,representative-exact-tier
gym:tier3:小菘,gen7,gym:神奥地区:小菘:7,小菘,4,3,mamoswine,Mamoswine,6,6,tier4,representative-exact-tier
gym:tier3:小菘,gen8,gym:神奥地区:小菘:7,小菘,1,1,abomasnow,Abomasnow,5,5,tier3,representative-exact-tier
gym:tier3:小菘,gen8,gym:神奥地区:小菘:7,小菘,1,2,froslass,Froslass,5,5,tier4,representative-exact-tier
gym:tier3:小菘,gen8,gym:神奥地区:小菘:7,小菘,1,3,blastoise,Blastoise,6,6,tier4,gmax-system-fill-theme
gym:tier3:小菘,gen8,gym:神奥地区:小菘:7,小菘,2,1,abomasnow,Abomasnow,5,5,tier3,representative-exact-tier
gym:tier3:小菘,gen8,gym:神奥地区:小菘:7,小菘,2,2,froslass,Froslass,5,5,tier4,representative-exact-tier
gym:tier3:小菘,gen8,gym:神奥地区:小菘:7,小菘,2,3,blastoise,Blastoise,6,6,tier4,gmax-system-fill-theme
gym:tier3:小菘,gen8,gym:神奥地区:小菘:7,小菘,3,1,abomasnow,Abomasnow,5,5,tier3,representative-exact-tier
gym:tier3:小菘,gen8,gym:神奥地区:小菘:7,小菘,3,2,froslass,Froslass,5,5,tier4,representative-exact-tier
gym:tier3:小菘,gen8,gym:神奥地区:小菘:7,小菘,3,3,blastoise,Blastoise,6,6,tier4,gmax-system-fill-theme
gym:tier3:小菘,gen8,gym:神奥地区:小菘:7,小菘,4,1,abomasnow,Abomasnow,5,5,tier3,representative-exact-tier
gym:tier3:小菘,gen8,gym:神奥地区:小菘:7,小菘,4,2,froslass,Froslass,5,5,tier4,representative-exact-tier
gym:tier3:小菘,gen8,gym:神奥地区:小菘:7,小菘,4,3,blastoise,Blastoise,6,6,tier4,gmax-system-fill-theme
gym:tier3:小菘,gen9,gym:神奥地区:小菘:7,小菘,1,1,abomasnow,Abomasnow,5,5,tier3,representative-exact-tier
gym:tier3:小菘,gen9,gym:神奥地区:小菘:7,小菘,1,2,froslass,Froslass,5,5,tier4,representative-exact-tier
gym:tier3:小菘,gen9,gym:神奥地区:小菘:7,小菘,1,3,mamoswine,Mamoswine,6,6,tier4,representative-exact-tier
gym:tier3:小菘,gen9,gym:神奥地区:小菘:7,小菘,2,1,abomasnow,Abomasnow,5,5,tier3,representative-exact-tier
gym:tier3:小菘,gen9,gym:神奥地区:小菘:7,小菘,2,2,froslass,Froslass,5,5,tier4,representative-exact-tier
gym:tier3:小菘,gen9,gym:神奥地区:小菘:7,小菘,2,3,mamoswine,Mamoswine,6,6,tier4,representative-exact-tier
gym:tier3:小菘,gen9,gym:神奥地区:小菘:7,小菘,3,1,abomasnow,Abomasnow,5,5,tier3,representative-exact-tier
gym:tier3:小菘,gen9,gym:神奥地区:小菘:7,小菘,3,2,froslass,Froslass,5,5,tier4,representative-exact-tier
gym:tier3:小菘,gen9,gym:神奥地区:小菘:7,小菘,3,3,mamoswine,Mamoswine,6,6,tier4,representative-exact-tier
gym:tier3:小菘,gen9,gym:神奥地区:小菘:7,小菘,4,1,abomasnow,Abomasnow,5,5,tier3,representative-exact-tier
gym:tier3:小菘,gen9,gym:神奥地区:小菘:7,小菘,4,2,froslass,Froslass,5,5,tier4,representative-exact-tier
gym:tier3:小菘,gen9,gym:神奥地区:小菘:7,小菘,4,3,mamoswine,Mamoswine,6,6,tier4,representative-exact-tier
gym:tier3:电次,none,gym:神奥地区:电次:8,电次,1,1,raichu,Raichu,5,5,tier3,representative-exact-tier
gym:tier3:电次,none,gym:神奥地区:电次:8,电次,1,2,ambipom,Ambipom,5,5,tier4,representative-exact-tier
gym:tier3:电次,none,gym:神奥地区:电次:8,电次,1,3,luxray,Luxray,6,6,tier4,representative-exact-tier
gym:tier3:电次,none,gym:神奥地区:电次:8,电次,2,1,raichu,Raichu,5,5,tier3,representative-exact-tier
gym:tier3:电次,none,gym:神奥地区:电次:8,电次,2,2,ambipom,Ambipom,5,5,tier4,representative-exact-tier
gym:tier3:电次,none,gym:神奥地区:电次:8,电次,2,3,luxray,Luxray,6,6,tier4,representative-exact-tier
gym:tier3:电次,none,gym:神奥地区:电次:8,电次,3,1,raichu,Raichu,5,5,tier3,representative-exact-tier
gym:tier3:电次,none,gym:神奥地区:电次:8,电次,3,2,ambipom,Ambipom,5,5,tier4,representative-exact-tier
gym:tier3:电次,none,gym:神奥地区:电次:8,电次,3,3,luxray,Luxray,6,6,tier4,representative-exact-tier
gym:tier3:电次,none,gym:神奥地区:电次:8,电次,4,1,raichu,Raichu,5,5,tier3,representative-exact-tier
gym:tier3:电次,none,gym:神奥地区:电次:8,电次,4,2,ambipom,Ambipom,5,5,tier4,representative-exact-tier
gym:tier3:电次,none,gym:神奥地区:电次:8,电次,4,3,luxray,Luxray,6,6,tier4,representative-exact-tier
gym:tier3:电次,gen7,gym:神奥地区:电次:8,电次,1,1,raichu,Raichu,5,5,tier3,representative-exact-tier
gym:tier3:电次,gen7,gym:神奥地区:电次:8,电次,1,2,ambipom,Ambipom,5,5,tier4,representative-exact-tier
gym:tier3:电次,gen7,gym:神奥地区:电次:8,电次,1,3,aerodactyl,Aerodactyl,6,6,tier4,mega-system-fill-theme
gym:tier3:电次,gen7,gym:神奥地区:电次:8,电次,2,1,raichu,Raichu,5,5,tier3,representative-exact-tier
gym:tier3:电次,gen7,gym:神奥地区:电次:8,电次,2,2,ambipom,Ambipom,5,5,tier4,representative-exact-tier
gym:tier3:电次,gen7,gym:神奥地区:电次:8,电次,2,3,aerodactyl,Aerodactyl,6,6,tier4,mega-system-fill-theme
gym:tier3:电次,gen7,gym:神奥地区:电次:8,电次,3,1,raichu,Raichu,5,5,tier3,representative-exact-tier
gym:tier3:电次,gen7,gym:神奥地区:电次:8,电次,3,2,ambipom,Ambipom,5,5,tier4,representative-exact-tier
gym:tier3:电次,gen7,gym:神奥地区:电次:8,电次,3,3,aerodactyl,Aerodactyl,6,6,tier4,mega-system-fill-theme
gym:tier3:电次,gen7,gym:神奥地区:电次:8,电次,4,1,raichu,Raichu,5,5,tier3,representative-exact-tier
gym:tier3:电次,gen7,gym:神奥地区:电次:8,电次,4,2,ambipom,Ambipom,5,5,tier4,representative-exact-tier
gym:tier3:电次,gen7,gym:神奥地区:电次:8,电次,4,3,aerodactyl,Aerodactyl,6,6,tier4,mega-system-fill-theme
gym:tier3:电次,gen8,gym:神奥地区:电次:8,电次,1,1,raichu,Raichu,5,5,tier3,representative-exact-tier
gym:tier3:电次,gen8,gym:神奥地区:电次:8,电次,1,2,ambipom,Ambipom,5,5,tier4,representative-exact-tier
gym:tier3:电次,gen8,gym:神奥地区:电次:8,电次,1,3,blastoise,Blastoise,6,6,tier4,gmax-system-fill-theme
gym:tier3:电次,gen8,gym:神奥地区:电次:8,电次,2,1,raichu,Raichu,5,5,tier3,representative-exact-tier
gym:tier3:电次,gen8,gym:神奥地区:电次:8,电次,2,2,ambipom,Ambipom,5,5,tier4,representative-exact-tier
gym:tier3:电次,gen8,gym:神奥地区:电次:8,电次,2,3,blastoise,Blastoise,6,6,tier4,gmax-system-fill-theme
gym:tier3:电次,gen8,gym:神奥地区:电次:8,电次,3,1,raichu,Raichu,5,5,tier3,representative-exact-tier
gym:tier3:电次,gen8,gym:神奥地区:电次:8,电次,3,2,ambipom,Ambipom,5,5,tier4,representative-exact-tier
gym:tier3:电次,gen8,gym:神奥地区:电次:8,电次,3,3,blastoise,Blastoise,6,6,tier4,gmax-system-fill-theme
gym:tier3:电次,gen8,gym:神奥地区:电次:8,电次,4,1,raichu,Raichu,5,5,tier3,representative-exact-tier
gym:tier3:电次,gen8,gym:神奥地区:电次:8,电次,4,2,ambipom,Ambipom,5,5,tier4,representative-exact-tier
gym:tier3:电次,gen8,gym:神奥地区:电次:8,电次,4,3,blastoise,Blastoise,6,6,tier4,gmax-system-fill-theme
gym:tier3:电次,gen9,gym:神奥地区:电次:8,电次,1,1,raichu,Raichu,5,5,tier3,representative-exact-tier
gym:tier3:电次,gen9,gym:神奥地区:电次:8,电次,1,2,ambipom,Ambipom,5,5,tier4,representative-exact-tier
gym:tier3:电次,gen9,gym:神奥地区:电次:8,电次,1,3,luxray,Luxray,6,6,tier4,representative-exact-tier
gym:tier3:电次,gen9,gym:神奥地区:电次:8,电次,2,1,raichu,Raichu,5,5,tier3,representative-exact-tier
gym:tier3:电次,gen9,gym:神奥地区:电次:8,电次,2,2,ambipom,Ambipom,5,5,tier4,representative-exact-tier
gym:tier3:电次,gen9,gym:神奥地区:电次:8,电次,2,3,luxray,Luxray,6,6,tier4,representative-exact-tier
gym:tier3:电次,gen9,gym:神奥地区:电次:8,电次,3,1,raichu,Raichu,5,5,tier3,representative-exact-tier
gym:tier3:电次,gen9,gym:神奥地区:电次:8,电次,3,2,ambipom,Ambipom,5,5,tier4,representative-exact-tier
gym:tier3:电次,gen9,gym:神奥地区:电次:8,电次,3,3,luxray,Luxray,6,6,tier4,representative-exact-tier
gym:tier3:电次,gen9,gym:神奥地区:电次:8,电次,4,1,raichu,Raichu,5,5,tier3,representative-exact-tier
gym:tier3:电次,gen9,gym:神奥地区:电次:8,电次,4,2,ambipom,Ambipom,5,5,tier4,representative-exact-tier
gym:tier3:电次,gen9,gym:神奥地区:电次:8,电次,4,3,luxray,Luxray,6,6,tier4,representative-exact-tier
elite4:elite4:阿柳,none,elite4:神奥地区:阿柳:1,阿柳,1,1,heracross,Heracross,6,5,tier3,representative-near-tier
elite4:elite4:阿柳,none,elite4:神奥地区:阿柳:1,阿柳,1,2,drapion,Drapion,6,5,tier4,representative-near-tier
elite4:elite4:阿柳,none,elite4:神奥地区:阿柳:1,阿柳,1,3,scizor,Scizor,6,6,tier4,representative-exact-tier
elite4:elite4:阿柳,none,elite4:神奥地区:阿柳:1,阿柳,2,1,heracross,Heracross,6,5,tier3,representative-near-tier
elite4:elite4:阿柳,none,elite4:神奥地区:阿柳:1,阿柳,2,2,drapion,Drapion,6,5,tier4,representative-near-tier
elite4:elite4:阿柳,none,elite4:神奥地区:阿柳:1,阿柳,2,3,scizor,Scizor,6,6,tier4,representative-exact-tier
elite4:elite4:阿柳,none,elite4:神奥地区:阿柳:1,阿柳,3,1,heracross,Heracross,6,5,tier3,representative-near-tier
elite4:elite4:阿柳,none,elite4:神奥地区:阿柳:1,阿柳,3,2,drapion,Drapion,6,5,tier4,representative-near-tier
elite4:elite4:阿柳,none,elite4:神奥地区:阿柳:1,阿柳,3,3,scizor,Scizor,6,6,tier4,representative-exact-tier
elite4:elite4:阿柳,none,elite4:神奥地区:阿柳:1,阿柳,4,1,heracross,Heracross,6,5,tier3,representative-near-tier
elite4:elite4:阿柳,none,elite4:神奥地区:阿柳:1,阿柳,4,2,drapion,Drapion,6,5,tier4,representative-near-tier
elite4:elite4:阿柳,none,elite4:神奥地区:阿柳:1,阿柳,4,3,scizor,Scizor,6,6,tier4,representative-exact-tier
elite4:elite4:阿柳,gen7,elite4:神奥地区:阿柳:1,阿柳,1,1,heracross,Heracross,6,5,tier3,representative-near-tier
elite4:elite4:阿柳,gen7,elite4:神奥地区:阿柳:1,阿柳,1,2,drapion,Drapion,6,5,tier4,representative-near-tier
elite4:elite4:阿柳,gen7,elite4:神奥地区:阿柳:1,阿柳,1,3,scizor,Scizor,6,6,tier4,representative-exact-tier
elite4:elite4:阿柳,gen7,elite4:神奥地区:阿柳:1,阿柳,2,1,heracross,Heracross,6,5,tier3,representative-near-tier
elite4:elite4:阿柳,gen7,elite4:神奥地区:阿柳:1,阿柳,2,2,drapion,Drapion,6,5,tier4,representative-near-tier
elite4:elite4:阿柳,gen7,elite4:神奥地区:阿柳:1,阿柳,2,3,scizor,Scizor,6,6,tier4,representative-exact-tier
elite4:elite4:阿柳,gen7,elite4:神奥地区:阿柳:1,阿柳,3,1,heracross,Heracross,6,5,tier3,representative-near-tier
elite4:elite4:阿柳,gen7,elite4:神奥地区:阿柳:1,阿柳,3,2,drapion,Drapion,6,5,tier4,representative-near-tier
elite4:elite4:阿柳,gen7,elite4:神奥地区:阿柳:1,阿柳,3,3,scizor,Scizor,6,6,tier4,representative-exact-tier
elite4:elite4:阿柳,gen7,elite4:神奥地区:阿柳:1,阿柳,4,1,heracross,Heracross,6,5,tier3,representative-near-tier
elite4:elite4:阿柳,gen7,elite4:神奥地区:阿柳:1,阿柳,4,2,drapion,Drapion,6,5,tier4,representative-near-tier
elite4:elite4:阿柳,gen7,elite4:神奥地区:阿柳:1,阿柳,4,3,scizor,Scizor,6,6,tier4,representative-exact-tier
elite4:elite4:阿柳,gen8,elite4:神奥地区:阿柳:1,阿柳,1,1,heracross,Heracross,6,5,tier3,representative-near-tier
elite4:elite4:阿柳,gen8,elite4:神奥地区:阿柳:1,阿柳,1,2,drapion,Drapion,6,5,tier4,representative-near-tier
elite4:elite4:阿柳,gen8,elite4:神奥地区:阿柳:1,阿柳,1,3,charizard,Charizard,6,6,tier4,gmax-system-fill-theme
elite4:elite4:阿柳,gen8,elite4:神奥地区:阿柳:1,阿柳,2,1,heracross,Heracross,6,5,tier3,representative-near-tier
elite4:elite4:阿柳,gen8,elite4:神奥地区:阿柳:1,阿柳,2,2,drapion,Drapion,6,5,tier4,representative-near-tier
elite4:elite4:阿柳,gen8,elite4:神奥地区:阿柳:1,阿柳,2,3,charizard,Charizard,6,6,tier4,gmax-system-fill-theme
elite4:elite4:阿柳,gen8,elite4:神奥地区:阿柳:1,阿柳,3,1,heracross,Heracross,6,5,tier3,representative-near-tier
elite4:elite4:阿柳,gen8,elite4:神奥地区:阿柳:1,阿柳,3,2,drapion,Drapion,6,5,tier4,representative-near-tier
elite4:elite4:阿柳,gen8,elite4:神奥地区:阿柳:1,阿柳,3,3,charizard,Charizard,6,6,tier4,gmax-system-fill-theme
elite4:elite4:阿柳,gen8,elite4:神奥地区:阿柳:1,阿柳,4,1,heracross,Heracross,6,5,tier3,representative-near-tier
elite4:elite4:阿柳,gen8,elite4:神奥地区:阿柳:1,阿柳,4,2,drapion,Drapion,6,5,tier4,representative-near-tier
elite4:elite4:阿柳,gen8,elite4:神奥地区:阿柳:1,阿柳,4,3,charizard,Charizard,6,6,tier4,gmax-system-fill-theme
elite4:elite4:阿柳,gen9,elite4:神奥地区:阿柳:1,阿柳,1,1,heracross,Heracross,6,5,tier3,representative-near-tier
elite4:elite4:阿柳,gen9,elite4:神奥地区:阿柳:1,阿柳,1,2,drapion,Drapion,6,5,tier4,representative-near-tier
elite4:elite4:阿柳,gen9,elite4:神奥地区:阿柳:1,阿柳,1,3,scizor,Scizor,6,6,tier4,representative-exact-tier
elite4:elite4:阿柳,gen9,elite4:神奥地区:阿柳:1,阿柳,2,1,heracross,Heracross,6,5,tier3,representative-near-tier
elite4:elite4:阿柳,gen9,elite4:神奥地区:阿柳:1,阿柳,2,2,drapion,Drapion,6,5,tier4,representative-near-tier
elite4:elite4:阿柳,gen9,elite4:神奥地区:阿柳:1,阿柳,2,3,scizor,Scizor,6,6,tier4,representative-exact-tier
elite4:elite4:阿柳,gen9,elite4:神奥地区:阿柳:1,阿柳,3,1,heracross,Heracross,6,5,tier3,representative-near-tier
elite4:elite4:阿柳,gen9,elite4:神奥地区:阿柳:1,阿柳,3,2,drapion,Drapion,6,5,tier4,representative-near-tier
elite4:elite4:阿柳,gen9,elite4:神奥地区:阿柳:1,阿柳,3,3,scizor,Scizor,6,6,tier4,representative-exact-tier
elite4:elite4:阿柳,gen9,elite4:神奥地区:阿柳:1,阿柳,4,1,heracross,Heracross,6,5,tier3,representative-near-tier
elite4:elite4:阿柳,gen9,elite4:神奥地区:阿柳:1,阿柳,4,2,drapion,Drapion,6,5,tier4,representative-near-tier
elite4:elite4:阿柳,gen9,elite4:神奥地区:阿柳:1,阿柳,4,3,scizor,Scizor,6,6,tier4,representative-exact-tier
elite4:elite4:菊野,none,elite4:神奥地区:菊野:2,菊野,1,1,golem,Golem,5,5,tier3,representative-exact-tier
elite4:elite4:菊野,none,elite4:神奥地区:菊野:2,菊野,1,2,hippowdon,Hippowdon,6,5,tier4,representative-near-tier
elite4:elite4:菊野,none,elite4:神奥地区:菊野:2,菊野,1,3,gliscor,Gliscor,6,6,tier4,representative-exact-tier
elite4:elite4:菊野,none,elite4:神奥地区:菊野:2,菊野,2,1,golem,Golem,5,5,tier3,representative-exact-tier
elite4:elite4:菊野,none,elite4:神奥地区:菊野:2,菊野,2,2,hippowdon,Hippowdon,6,5,tier4,representative-near-tier
elite4:elite4:菊野,none,elite4:神奥地区:菊野:2,菊野,2,3,gliscor,Gliscor,6,6,tier4,representative-exact-tier
elite4:elite4:菊野,none,elite4:神奥地区:菊野:2,菊野,3,1,golem,Golem,5,5,tier3,representative-exact-tier
elite4:elite4:菊野,none,elite4:神奥地区:菊野:2,菊野,3,2,hippowdon,Hippowdon,6,5,tier4,representative-near-tier
elite4:elite4:菊野,none,elite4:神奥地区:菊野:2,菊野,3,3,gliscor,Gliscor,6,6,tier4,representative-exact-tier
elite4:elite4:菊野,none,elite4:神奥地区:菊野:2,菊野,4,1,golem,Golem,5,5,tier3,representative-exact-tier
elite4:elite4:菊野,none,elite4:神奥地区:菊野:2,菊野,4,2,hippowdon,Hippowdon,6,5,tier4,representative-near-tier
elite4:elite4:菊野,none,elite4:神奥地区:菊野:2,菊野,4,3,gliscor,Gliscor,6,6,tier4,representative-exact-tier
elite4:elite4:菊野,gen7,elite4:神奥地区:菊野:2,菊野,1,1,golem,Golem,5,5,tier3,representative-exact-tier
elite4:elite4:菊野,gen7,elite4:神奥地区:菊野:2,菊野,1,2,hippowdon,Hippowdon,6,5,tier4,representative-near-tier
elite4:elite4:菊野,gen7,elite4:神奥地区:菊野:2,菊野,1,3,aerodactyl,Aerodactyl,6,6,tier4,mega-system-fill-theme
elite4:elite4:菊野,gen7,elite4:神奥地区:菊野:2,菊野,2,1,golem,Golem,5,5,tier3,representative-exact-tier
elite4:elite4:菊野,gen7,elite4:神奥地区:菊野:2,菊野,2,2,hippowdon,Hippowdon,6,5,tier4,representative-near-tier
elite4:elite4:菊野,gen7,elite4:神奥地区:菊野:2,菊野,2,3,aerodactyl,Aerodactyl,6,6,tier4,mega-system-fill-theme
elite4:elite4:菊野,gen7,elite4:神奥地区:菊野:2,菊野,3,1,golem,Golem,5,5,tier3,representative-exact-tier
elite4:elite4:菊野,gen7,elite4:神奥地区:菊野:2,菊野,3,2,hippowdon,Hippowdon,6,5,tier4,representative-near-tier
elite4:elite4:菊野,gen7,elite4:神奥地区:菊野:2,菊野,3,3,aerodactyl,Aerodactyl,6,6,tier4,mega-system-fill-theme
elite4:elite4:菊野,gen7,elite4:神奥地区:菊野:2,菊野,4,1,golem,Golem,5,5,tier3,representative-exact-tier
elite4:elite4:菊野,gen7,elite4:神奥地区:菊野:2,菊野,4,2,hippowdon,Hippowdon,6,5,tier4,representative-near-tier
elite4:elite4:菊野,gen7,elite4:神奥地区:菊野:2,菊野,4,3,aerodactyl,Aerodactyl,6,6,tier4,mega-system-fill-theme
elite4:elite4:菊野,gen8,elite4:神奥地区:菊野:2,菊野,1,1,golem,Golem,5,5,tier3,representative-exact-tier
elite4:elite4:菊野,gen8,elite4:神奥地区:菊野:2,菊野,1,2,hippowdon,Hippowdon,6,5,tier4,representative-near-tier
elite4:elite4:菊野,gen8,elite4:神奥地区:菊野:2,菊野,1,3,blastoise,Blastoise,6,6,tier4,gmax-system-fill-theme
elite4:elite4:菊野,gen8,elite4:神奥地区:菊野:2,菊野,2,1,golem,Golem,5,5,tier3,representative-exact-tier
elite4:elite4:菊野,gen8,elite4:神奥地区:菊野:2,菊野,2,2,hippowdon,Hippowdon,6,5,tier4,representative-near-tier
elite4:elite4:菊野,gen8,elite4:神奥地区:菊野:2,菊野,2,3,blastoise,Blastoise,6,6,tier4,gmax-system-fill-theme
elite4:elite4:菊野,gen8,elite4:神奥地区:菊野:2,菊野,3,1,golem,Golem,5,5,tier3,representative-exact-tier
elite4:elite4:菊野,gen8,elite4:神奥地区:菊野:2,菊野,3,2,hippowdon,Hippowdon,6,5,tier4,representative-near-tier
elite4:elite4:菊野,gen8,elite4:神奥地区:菊野:2,菊野,3,3,blastoise,Blastoise,6,6,tier4,gmax-system-fill-theme
elite4:elite4:菊野,gen8,elite4:神奥地区:菊野:2,菊野,4,1,golem,Golem,5,5,tier3,representative-exact-tier
elite4:elite4:菊野,gen8,elite4:神奥地区:菊野:2,菊野,4,2,hippowdon,Hippowdon,6,5,tier4,representative-near-tier
elite4:elite4:菊野,gen8,elite4:神奥地区:菊野:2,菊野,4,3,blastoise,Blastoise,6,6,tier4,gmax-system-fill-theme
elite4:elite4:菊野,gen9,elite4:神奥地区:菊野:2,菊野,1,1,golem,Golem,5,5,tier3,representative-exact-tier
elite4:elite4:菊野,gen9,elite4:神奥地区:菊野:2,菊野,1,2,hippowdon,Hippowdon,6,5,tier4,representative-near-tier
elite4:elite4:菊野,gen9,elite4:神奥地区:菊野:2,菊野,1,3,gliscor,Gliscor,6,6,tier4,representative-exact-tier
elite4:elite4:菊野,gen9,elite4:神奥地区:菊野:2,菊野,2,1,golem,Golem,5,5,tier3,representative-exact-tier
elite4:elite4:菊野,gen9,elite4:神奥地区:菊野:2,菊野,2,2,hippowdon,Hippowdon,6,5,tier4,representative-near-tier
elite4:elite4:菊野,gen9,elite4:神奥地区:菊野:2,菊野,2,3,gliscor,Gliscor,6,6,tier4,representative-exact-tier
elite4:elite4:菊野,gen9,elite4:神奥地区:菊野:2,菊野,3,1,golem,Golem,5,5,tier3,representative-exact-tier
elite4:elite4:菊野,gen9,elite4:神奥地区:菊野:2,菊野,3,2,hippowdon,Hippowdon,6,5,tier4,representative-near-tier
elite4:elite4:菊野,gen9,elite4:神奥地区:菊野:2,菊野,3,3,gliscor,Gliscor,6,6,tier4,representative-exact-tier
elite4:elite4:菊野,gen9,elite4:神奥地区:菊野:2,菊野,4,1,golem,Golem,5,5,tier3,representative-exact-tier
elite4:elite4:菊野,gen9,elite4:神奥地区:菊野:2,菊野,4,2,hippowdon,Hippowdon,6,5,tier4,representative-near-tier
elite4:elite4:菊野,gen9,elite4:神奥地区:菊野:2,菊野,4,3,gliscor,Gliscor,6,6,tier4,representative-exact-tier
elite4:elite4:大叶,none,elite4:神奥地区:大叶:3,大叶,1,1,rapidash,Rapidash,5,5,tier3,representative-exact-tier
elite4:elite4:大叶,none,elite4:神奥地区:大叶:3,大叶,1,2,houndoom,Houndoom,5,5,tier4,representative-exact-tier
elite4:elite4:大叶,none,elite4:神奥地区:大叶:3,大叶,1,3,infernape,Infernape,6,6,tier4,representative-exact-tier
elite4:elite4:大叶,none,elite4:神奥地区:大叶:3,大叶,2,1,rapidash,Rapidash,5,5,tier3,representative-exact-tier
elite4:elite4:大叶,none,elite4:神奥地区:大叶:3,大叶,2,2,houndoom,Houndoom,5,5,tier4,representative-exact-tier
elite4:elite4:大叶,none,elite4:神奥地区:大叶:3,大叶,2,3,infernape,Infernape,6,6,tier4,representative-exact-tier
elite4:elite4:大叶,none,elite4:神奥地区:大叶:3,大叶,3,1,rapidash,Rapidash,5,5,tier3,representative-exact-tier
elite4:elite4:大叶,none,elite4:神奥地区:大叶:3,大叶,3,2,houndoom,Houndoom,5,5,tier4,representative-exact-tier
elite4:elite4:大叶,none,elite4:神奥地区:大叶:3,大叶,3,3,infernape,Infernape,6,6,tier4,representative-exact-tier
elite4:elite4:大叶,none,elite4:神奥地区:大叶:3,大叶,4,1,rapidash,Rapidash,5,5,tier3,representative-exact-tier
elite4:elite4:大叶,none,elite4:神奥地区:大叶:3,大叶,4,2,houndoom,Houndoom,5,5,tier4,representative-exact-tier
elite4:elite4:大叶,none,elite4:神奥地区:大叶:3,大叶,4,3,infernape,Infernape,6,6,tier4,representative-exact-tier
elite4:elite4:大叶,gen7,elite4:神奥地区:大叶:3,大叶,1,1,rapidash,Rapidash,5,5,tier3,representative-exact-tier
elite4:elite4:大叶,gen7,elite4:神奥地区:大叶:3,大叶,1,2,houndoom,Houndoom,5,5,tier4,representative-exact-tier
elite4:elite4:大叶,gen7,elite4:神奥地区:大叶:3,大叶,1,3,infernape,Infernape,6,6,tier4,representative-exact-tier
elite4:elite4:大叶,gen7,elite4:神奥地区:大叶:3,大叶,2,1,rapidash,Rapidash,5,5,tier3,representative-exact-tier
elite4:elite4:大叶,gen7,elite4:神奥地区:大叶:3,大叶,2,2,houndoom,Houndoom,5,5,tier4,representative-exact-tier
elite4:elite4:大叶,gen7,elite4:神奥地区:大叶:3,大叶,2,3,infernape,Infernape,6,6,tier4,representative-exact-tier
elite4:elite4:大叶,gen7,elite4:神奥地区:大叶:3,大叶,3,1,rapidash,Rapidash,5,5,tier3,representative-exact-tier
elite4:elite4:大叶,gen7,elite4:神奥地区:大叶:3,大叶,3,2,houndoom,Houndoom,5,5,tier4,representative-exact-tier
elite4:elite4:大叶,gen7,elite4:神奥地区:大叶:3,大叶,3,3,infernape,Infernape,6,6,tier4,representative-exact-tier
elite4:elite4:大叶,gen7,elite4:神奥地区:大叶:3,大叶,4,1,rapidash,Rapidash,5,5,tier3,representative-exact-tier
elite4:elite4:大叶,gen7,elite4:神奥地区:大叶:3,大叶,4,2,houndoom,Houndoom,5,5,tier4,representative-exact-tier
elite4:elite4:大叶,gen7,elite4:神奥地区:大叶:3,大叶,4,3,infernape,Infernape,6,6,tier4,representative-exact-tier
elite4:elite4:大叶,gen8,elite4:神奥地区:大叶:3,大叶,1,1,rapidash,Rapidash,5,5,tier3,representative-exact-tier
elite4:elite4:大叶,gen8,elite4:神奥地区:大叶:3,大叶,1,2,houndoom,Houndoom,5,5,tier4,representative-exact-tier
elite4:elite4:大叶,gen8,elite4:神奥地区:大叶:3,大叶,1,3,charizard,Charizard,6,6,tier4,gmax-system-fill-theme
elite4:elite4:大叶,gen8,elite4:神奥地区:大叶:3,大叶,2,1,rapidash,Rapidash,5,5,tier3,representative-exact-tier
elite4:elite4:大叶,gen8,elite4:神奥地区:大叶:3,大叶,2,2,houndoom,Houndoom,5,5,tier4,representative-exact-tier
elite4:elite4:大叶,gen8,elite4:神奥地区:大叶:3,大叶,2,3,charizard,Charizard,6,6,tier4,gmax-system-fill-theme
elite4:elite4:大叶,gen8,elite4:神奥地区:大叶:3,大叶,3,1,rapidash,Rapidash,5,5,tier3,representative-exact-tier
elite4:elite4:大叶,gen8,elite4:神奥地区:大叶:3,大叶,3,2,houndoom,Houndoom,5,5,tier4,representative-exact-tier
elite4:elite4:大叶,gen8,elite4:神奥地区:大叶:3,大叶,3,3,charizard,Charizard,6,6,tier4,gmax-system-fill-theme
elite4:elite4:大叶,gen8,elite4:神奥地区:大叶:3,大叶,4,1,rapidash,Rapidash,5,5,tier3,representative-exact-tier
elite4:elite4:大叶,gen8,elite4:神奥地区:大叶:3,大叶,4,2,houndoom,Houndoom,5,5,tier4,representative-exact-tier
elite4:elite4:大叶,gen8,elite4:神奥地区:大叶:3,大叶,4,3,charizard,Charizard,6,6,tier4,gmax-system-fill-theme
elite4:elite4:大叶,gen9,elite4:神奥地区:大叶:3,大叶,1,1,rapidash,Rapidash,5,5,tier3,representative-exact-tier
elite4:elite4:大叶,gen9,elite4:神奥地区:大叶:3,大叶,1,2,houndoom,Houndoom,5,5,tier4,representative-exact-tier
elite4:elite4:大叶,gen9,elite4:神奥地区:大叶:3,大叶,1,3,infernape,Infernape,6,6,tier4,representative-exact-tier
elite4:elite4:大叶,gen9,elite4:神奥地区:大叶:3,大叶,2,1,rapidash,Rapidash,5,5,tier3,representative-exact-tier
elite4:elite4:大叶,gen9,elite4:神奥地区:大叶:3,大叶,2,2,houndoom,Houndoom,5,5,tier4,representative-exact-tier
elite4:elite4:大叶,gen9,elite4:神奥地区:大叶:3,大叶,2,3,infernape,Infernape,6,6,tier4,representative-exact-tier
elite4:elite4:大叶,gen9,elite4:神奥地区:大叶:3,大叶,3,1,rapidash,Rapidash,5,5,tier3,representative-exact-tier
elite4:elite4:大叶,gen9,elite4:神奥地区:大叶:3,大叶,3,2,houndoom,Houndoom,5,5,tier4,representative-exact-tier
elite4:elite4:大叶,gen9,elite4:神奥地区:大叶:3,大叶,3,3,infernape,Infernape,6,6,tier4,representative-exact-tier
elite4:elite4:大叶,gen9,elite4:神奥地区:大叶:3,大叶,4,1,rapidash,Rapidash,5,5,tier3,representative-exact-tier
elite4:elite4:大叶,gen9,elite4:神奥地区:大叶:3,大叶,4,2,houndoom,Houndoom,5,5,tier4,representative-exact-tier
elite4:elite4:大叶,gen9,elite4:神奥地区:大叶:3,大叶,4,3,infernape,Infernape,6,6,tier4,representative-exact-tier
elite4:elite4:悟松,none,elite4:神奥地区:悟松:4,悟松,1,1,bronzong,Bronzong,5,5,tier3,representative-exact-tier
elite4:elite4:悟松,none,elite4:神奥地区:悟松:4,悟松,1,2,slowbro,Slowbro,5,5,tier4,representative-exact-tier
elite4:elite4:悟松,none,elite4:神奥地区:悟松:4,悟松,1,3,alakazam,Alakazam,6,6,tier4,representative-exact-tier
elite4:elite4:悟松,none,elite4:神奥地区:悟松:4,悟松,2,1,bronzong,Bronzong,5,5,tier3,representative-exact-tier
elite4:elite4:悟松,none,elite4:神奥地区:悟松:4,悟松,2,2,slowbro,Slowbro,5,5,tier4,representative-exact-tier
elite4:elite4:悟松,none,elite4:神奥地区:悟松:4,悟松,2,3,alakazam,Alakazam,6,6,tier4,representative-exact-tier
elite4:elite4:悟松,none,elite4:神奥地区:悟松:4,悟松,3,1,bronzong,Bronzong,5,5,tier3,representative-exact-tier
elite4:elite4:悟松,none,elite4:神奥地区:悟松:4,悟松,3,2,slowbro,Slowbro,5,5,tier4,representative-exact-tier
elite4:elite4:悟松,none,elite4:神奥地区:悟松:4,悟松,3,3,alakazam,Alakazam,6,6,tier4,representative-exact-tier
elite4:elite4:悟松,none,elite4:神奥地区:悟松:4,悟松,4,1,bronzong,Bronzong,5,5,tier3,representative-exact-tier
elite4:elite4:悟松,none,elite4:神奥地区:悟松:4,悟松,4,2,slowbro,Slowbro,5,5,tier4,representative-exact-tier
elite4:elite4:悟松,none,elite4:神奥地区:悟松:4,悟松,4,3,alakazam,Alakazam,6,6,tier4,representative-exact-tier
elite4:elite4:悟松,gen7,elite4:神奥地区:悟松:4,悟松,1,1,bronzong,Bronzong,5,5,tier3,representative-exact-tier
elite4:elite4:悟松,gen7,elite4:神奥地区:悟松:4,悟松,1,2,slowbro,Slowbro,5,5,tier4,representative-exact-tier
elite4:elite4:悟松,gen7,elite4:神奥地区:悟松:4,悟松,1,3,alakazam,Alakazam,6,6,tier4,representative-exact-tier
elite4:elite4:悟松,gen7,elite4:神奥地区:悟松:4,悟松,2,1,bronzong,Bronzong,5,5,tier3,representative-exact-tier
elite4:elite4:悟松,gen7,elite4:神奥地区:悟松:4,悟松,2,2,slowbro,Slowbro,5,5,tier4,representative-exact-tier
elite4:elite4:悟松,gen7,elite4:神奥地区:悟松:4,悟松,2,3,alakazam,Alakazam,6,6,tier4,representative-exact-tier
elite4:elite4:悟松,gen7,elite4:神奥地区:悟松:4,悟松,3,1,bronzong,Bronzong,5,5,tier3,representative-exact-tier
elite4:elite4:悟松,gen7,elite4:神奥地区:悟松:4,悟松,3,2,slowbro,Slowbro,5,5,tier4,representative-exact-tier
elite4:elite4:悟松,gen7,elite4:神奥地区:悟松:4,悟松,3,3,alakazam,Alakazam,6,6,tier4,representative-exact-tier
elite4:elite4:悟松,gen7,elite4:神奥地区:悟松:4,悟松,4,1,bronzong,Bronzong,5,5,tier3,representative-exact-tier
elite4:elite4:悟松,gen7,elite4:神奥地区:悟松:4,悟松,4,2,slowbro,Slowbro,5,5,tier4,representative-exact-tier
elite4:elite4:悟松,gen7,elite4:神奥地区:悟松:4,悟松,4,3,alakazam,Alakazam,6,6,tier4,representative-exact-tier
elite4:elite4:悟松,gen8,elite4:神奥地区:悟松:4,悟松,1,1,bronzong,Bronzong,5,5,tier3,representative-exact-tier
elite4:elite4:悟松,gen8,elite4:神奥地区:悟松:4,悟松,1,2,slowbro,Slowbro,5,5,tier4,representative-exact-tier
elite4:elite4:悟松,gen8,elite4:神奥地区:悟松:4,悟松,1,3,blastoise,Blastoise,6,6,tier4,gmax-system-fill-theme
elite4:elite4:悟松,gen8,elite4:神奥地区:悟松:4,悟松,2,1,bronzong,Bronzong,5,5,tier3,representative-exact-tier
elite4:elite4:悟松,gen8,elite4:神奥地区:悟松:4,悟松,2,2,slowbro,Slowbro,5,5,tier4,representative-exact-tier
elite4:elite4:悟松,gen8,elite4:神奥地区:悟松:4,悟松,2,3,blastoise,Blastoise,6,6,tier4,gmax-system-fill-theme
elite4:elite4:悟松,gen8,elite4:神奥地区:悟松:4,悟松,3,1,bronzong,Bronzong,5,5,tier3,representative-exact-tier
elite4:elite4:悟松,gen8,elite4:神奥地区:悟松:4,悟松,3,2,slowbro,Slowbro,5,5,tier4,representative-exact-tier
elite4:elite4:悟松,gen8,elite4:神奥地区:悟松:4,悟松,3,3,blastoise,Blastoise,6,6,tier4,gmax-system-fill-theme
elite4:elite4:悟松,gen8,elite4:神奥地区:悟松:4,悟松,4,1,bronzong,Bronzong,5,5,tier3,representative-exact-tier
elite4:elite4:悟松,gen8,elite4:神奥地区:悟松:4,悟松,4,2,slowbro,Slowbro,5,5,tier4,representative-exact-tier
elite4:elite4:悟松,gen8,elite4:神奥地区:悟松:4,悟松,4,3,blastoise,Blastoise,6,6,tier4,gmax-system-fill-theme
elite4:elite4:悟松,gen9,elite4:神奥地区:悟松:4,悟松,1,1,bronzong,Bronzong,5,5,tier3,representative-exact-tier
elite4:elite4:悟松,gen9,elite4:神奥地区:悟松:4,悟松,1,2,slowbro,Slowbro,5,5,tier4,representative-exact-tier
elite4:elite4:悟松,gen9,elite4:神奥地区:悟松:4,悟松,1,3,alakazam,Alakazam,6,6,tier4,representative-exact-tier
elite4:elite4:悟松,gen9,elite4:神奥地区:悟松:4,悟松,2,1,bronzong,Bronzong,5,5,tier3,representative-exact-tier
elite4:elite4:悟松,gen9,elite4:神奥地区:悟松:4,悟松,2,2,slowbro,Slowbro,5,5,tier4,representative-exact-tier
elite4:elite4:悟松,gen9,elite4:神奥地区:悟松:4,悟松,2,3,alakazam,Alakazam,6,6,tier4,representative-exact-tier
elite4:elite4:悟松,gen9,elite4:神奥地区:悟松:4,悟松,3,1,bronzong,Bronzong,5,5,tier3,representative-exact-tier
elite4:elite4:悟松,gen9,elite4:神奥地区:悟松:4,悟松,3,2,slowbro,Slowbro,5,5,tier4,representative-exact-tier
elite4:elite4:悟松,gen9,elite4:神奥地区:悟松:4,悟松,3,3,alakazam,Alakazam,6,6,tier4,representative-exact-tier
elite4:elite4:悟松,gen9,elite4:神奥地区:悟松:4,悟松,4,1,bronzong,Bronzong,5,5,tier3,representative-exact-tier
elite4:elite4:悟松,gen9,elite4:神奥地区:悟松:4,悟松,4,2,slowbro,Slowbro,5,5,tier4,representative-exact-tier
elite4:elite4:悟松,gen9,elite4:神奥地区:悟松:4,悟松,4,3,alakazam,Alakazam,6,6,tier4,representative-exact-tier
champion:champion:竹兰,none,champion:神奥地区:竹兰:1,竹兰,1,1,spiritomb,Spiritomb,5,5,champion,representative-exact-tier
champion:champion:竹兰,none,champion:神奥地区:竹兰:1,竹兰,1,2,garchomp,Garchomp,6,6,champion,representative-exact-tier
champion:champion:竹兰,none,champion:神奥地区:竹兰:1,竹兰,1,3,lucario,Lucario,6,6,champion,representative-exact-tier
champion:champion:竹兰,none,champion:神奥地区:竹兰:1,竹兰,2,1,spiritomb,Spiritomb,5,5,champion,representative-exact-tier
champion:champion:竹兰,none,champion:神奥地区:竹兰:1,竹兰,2,2,garchomp,Garchomp,6,6,champion,representative-exact-tier
champion:champion:竹兰,none,champion:神奥地区:竹兰:1,竹兰,2,3,lucario,Lucario,6,6,champion,representative-exact-tier
champion:champion:竹兰,none,champion:神奥地区:竹兰:1,竹兰,3,1,spiritomb,Spiritomb,5,5,champion,representative-exact-tier
champion:champion:竹兰,none,champion:神奥地区:竹兰:1,竹兰,3,2,garchomp,Garchomp,6,6,champion,representative-exact-tier
champion:champion:竹兰,none,champion:神奥地区:竹兰:1,竹兰,3,3,lucario,Lucario,6,6,champion,representative-exact-tier
champion:champion:竹兰,none,champion:神奥地区:竹兰:1,竹兰,4,1,spiritomb,Spiritomb,5,5,champion,representative-exact-tier
champion:champion:竹兰,none,champion:神奥地区:竹兰:1,竹兰,4,2,garchomp,Garchomp,6,6,champion,representative-exact-tier
champion:champion:竹兰,none,champion:神奥地区:竹兰:1,竹兰,4,3,lucario,Lucario,6,6,champion,representative-exact-tier
champion:champion:竹兰,gen7,champion:神奥地区:竹兰:1,竹兰,1,1,spiritomb,Spiritomb,5,5,champion,representative-exact-tier
champion:champion:竹兰,gen7,champion:神奥地区:竹兰:1,竹兰,1,2,garchomp,Garchomp,6,6,champion,representative-exact-tier
champion:champion:竹兰,gen7,champion:神奥地区:竹兰:1,竹兰,1,3,lucario,Lucario,6,6,champion,representative-exact-tier
champion:champion:竹兰,gen7,champion:神奥地区:竹兰:1,竹兰,2,1,spiritomb,Spiritomb,5,5,champion,representative-exact-tier
champion:champion:竹兰,gen7,champion:神奥地区:竹兰:1,竹兰,2,2,garchomp,Garchomp,6,6,champion,representative-exact-tier
champion:champion:竹兰,gen7,champion:神奥地区:竹兰:1,竹兰,2,3,lucario,Lucario,6,6,champion,representative-exact-tier
champion:champion:竹兰,gen7,champion:神奥地区:竹兰:1,竹兰,3,1,spiritomb,Spiritomb,5,5,champion,representative-exact-tier
champion:champion:竹兰,gen7,champion:神奥地区:竹兰:1,竹兰,3,2,garchomp,Garchomp,6,6,champion,representative-exact-tier
champion:champion:竹兰,gen7,champion:神奥地区:竹兰:1,竹兰,3,3,lucario,Lucario,6,6,champion,representative-exact-tier
champion:champion:竹兰,gen7,champion:神奥地区:竹兰:1,竹兰,4,1,spiritomb,Spiritomb,5,5,champion,representative-exact-tier
champion:champion:竹兰,gen7,champion:神奥地区:竹兰:1,竹兰,4,2,garchomp,Garchomp,6,6,champion,representative-exact-tier
champion:champion:竹兰,gen7,champion:神奥地区:竹兰:1,竹兰,4,3,lucario,Lucario,6,6,champion,representative-exact-tier
champion:champion:竹兰,gen8,champion:神奥地区:竹兰:1,竹兰,1,1,spiritomb,Spiritomb,5,5,champion,representative-exact-tier
champion:champion:竹兰,gen8,champion:神奥地区:竹兰:1,竹兰,1,2,garchomp,Garchomp,6,6,champion,representative-exact-tier
champion:champion:竹兰,gen8,champion:神奥地区:竹兰:1,竹兰,1,3,blastoise,Blastoise,6,6,champion,gmax-system-fill-theme
champion:champion:竹兰,gen8,champion:神奥地区:竹兰:1,竹兰,2,1,spiritomb,Spiritomb,5,5,champion,representative-exact-tier
champion:champion:竹兰,gen8,champion:神奥地区:竹兰:1,竹兰,2,2,garchomp,Garchomp,6,6,champion,representative-exact-tier
champion:champion:竹兰,gen8,champion:神奥地区:竹兰:1,竹兰,2,3,blastoise,Blastoise,6,6,champion,gmax-system-fill-theme
champion:champion:竹兰,gen8,champion:神奥地区:竹兰:1,竹兰,3,1,spiritomb,Spiritomb,5,5,champion,representative-exact-tier
champion:champion:竹兰,gen8,champion:神奥地区:竹兰:1,竹兰,3,2,garchomp,Garchomp,6,6,champion,representative-exact-tier
champion:champion:竹兰,gen8,champion:神奥地区:竹兰:1,竹兰,3,3,blastoise,Blastoise,6,6,champion,gmax-system-fill-theme
champion:champion:竹兰,gen8,champion:神奥地区:竹兰:1,竹兰,4,1,spiritomb,Spiritomb,5,5,champion,representative-exact-tier
champion:champion:竹兰,gen8,champion:神奥地区:竹兰:1,竹兰,4,2,garchomp,Garchomp,6,6,champion,representative-exact-tier
champion:champion:竹兰,gen8,champion:神奥地区:竹兰:1,竹兰,4,3,blastoise,Blastoise,6,6,champion,gmax-system-fill-theme
champion:champion:竹兰,gen9,champion:神奥地区:竹兰:1,竹兰,1,1,spiritomb,Spiritomb,5,5,champion,representative-exact-tier
champion:champion:竹兰,gen9,champion:神奥地区:竹兰:1,竹兰,1,2,garchomp,Garchomp,6,6,champion,representative-exact-tier
champion:champion:竹兰,gen9,champion:神奥地区:竹兰:1,竹兰,1,3,lucario,Lucario,6,6,champion,representative-exact-tier
champion:champion:竹兰,gen9,champion:神奥地区:竹兰:1,竹兰,2,1,spiritomb,Spiritomb,5,5,champion,representative-exact-tier
champion:champion:竹兰,gen9,champion:神奥地区:竹兰:1,竹兰,2,2,garchomp,Garchomp,6,6,champion,representative-exact-tier
champion:champion:竹兰,gen9,champion:神奥地区:竹兰:1,竹兰,2,3,lucario,Lucario,6,6,champion,representative-exact-tier
champion:champion:竹兰,gen9,champion:神奥地区:竹兰:1,竹兰,3,1,spiritomb,Spiritomb,5,5,champion,representative-exact-tier
champion:champion:竹兰,gen9,champion:神奥地区:竹兰:1,竹兰,3,2,garchomp,Garchomp,6,6,champion,representative-exact-tier
champion:champion:竹兰,gen9,champion:神奥地区:竹兰:1,竹兰,3,3,lucario,Lucario,6,6,champion,representative-exact-tier
champion:champion:竹兰,gen9,champion:神奥地区:竹兰:1,竹兰,4,1,spiritomb,Spiritomb,5,5,champion,representative-exact-tier
champion:champion:竹兰,gen9,champion:神奥地区:竹兰:1,竹兰,4,2,garchomp,Garchomp,6,6,champion,representative-exact-tier
champion:champion:竹兰,gen9,champion:神奥地区:竹兰:1,竹兰,4,3,lucario,Lucario,6,6,champion,representative-exact-tier
gym:tier1:天桐,none,gym:合众地区:天桐:1,天桐,1,1,appletun,Appletun,4,4,tier1,theme-fill
gym:tier1:天桐,none,gym:合众地区:天桐:1,天桐,1,2,audino,Audino,4,4,tier2,theme-fill
gym:tier1:天桐,none,gym:合众地区:天桐:1,天桐,1,3,abomasnow,Abomasnow,5,5,tier2,theme-fill
gym:tier1:天桐,none,gym:合众地区:天桐:1,天桐,2,1,appletun,Appletun,4,4,tier1,theme-fill
gym:tier1:天桐,none,gym:合众地区:天桐:1,天桐,2,2,audino,Audino,4,4,tier2,theme-fill
gym:tier1:天桐,none,gym:合众地区:天桐:1,天桐,2,3,abomasnow,Abomasnow,5,5,tier2,theme-fill
gym:tier1:天桐,none,gym:合众地区:天桐:1,天桐,3,1,appletun,Appletun,4,4,tier1,theme-fill
gym:tier1:天桐,none,gym:合众地区:天桐:1,天桐,3,2,audino,Audino,4,4,tier2,theme-fill
gym:tier1:天桐,none,gym:合众地区:天桐:1,天桐,3,3,abomasnow,Abomasnow,5,5,tier2,theme-fill
gym:tier1:天桐,none,gym:合众地区:天桐:1,天桐,4,1,appletun,Appletun,4,4,tier1,theme-fill
gym:tier1:天桐,none,gym:合众地区:天桐:1,天桐,4,2,audino,Audino,4,4,tier2,theme-fill
gym:tier1:天桐,none,gym:合众地区:天桐:1,天桐,4,3,abomasnow,Abomasnow,5,5,tier2,theme-fill
gym:tier1:天桐,gen7,gym:合众地区:天桐:1,天桐,1,1,audino,Audino,4,4,tier1,theme-fill
gym:tier1:天桐,gen7,gym:合众地区:天桐:1,天桐,1,2,bibarel,Bibarel,4,4,tier2,theme-fill
gym:tier1:天桐,gen7,gym:合众地区:天桐:1,天桐,1,3,abomasnow,Abomasnow,5,5,tier2,theme-fill
gym:tier1:天桐,gen7,gym:合众地区:天桐:1,天桐,2,1,audino,Audino,4,4,tier1,theme-fill
gym:tier1:天桐,gen7,gym:合众地区:天桐:1,天桐,2,2,bibarel,Bibarel,4,4,tier2,theme-fill
gym:tier1:天桐,gen7,gym:合众地区:天桐:1,天桐,2,3,abomasnow,Abomasnow,5,5,tier2,theme-fill
gym:tier1:天桐,gen7,gym:合众地区:天桐:1,天桐,3,1,audino,Audino,4,4,tier1,theme-fill
gym:tier1:天桐,gen7,gym:合众地区:天桐:1,天桐,3,2,bibarel,Bibarel,4,4,tier2,theme-fill
gym:tier1:天桐,gen7,gym:合众地区:天桐:1,天桐,3,3,abomasnow,Abomasnow,5,5,tier2,theme-fill
gym:tier1:天桐,gen7,gym:合众地区:天桐:1,天桐,4,1,audino,Audino,4,4,tier1,theme-fill
gym:tier1:天桐,gen7,gym:合众地区:天桐:1,天桐,4,2,bibarel,Bibarel,4,4,tier2,theme-fill
gym:tier1:天桐,gen7,gym:合众地区:天桐:1,天桐,4,3,abomasnow,Abomasnow,5,5,tier2,theme-fill
gym:tier1:天桐,gen8,gym:合众地区:天桐:1,天桐,1,1,appletun,Appletun,4,4,tier1,theme-fill
gym:tier1:天桐,gen8,gym:合众地区:天桐:1,天桐,1,2,audino,Audino,4,4,tier2,theme-fill
gym:tier1:天桐,gen8,gym:合众地区:天桐:1,天桐,1,3,abomasnow,Abomasnow,5,5,tier2,theme-fill
gym:tier1:天桐,gen8,gym:合众地区:天桐:1,天桐,2,1,appletun,Appletun,4,4,tier1,theme-fill
gym:tier1:天桐,gen8,gym:合众地区:天桐:1,天桐,2,2,audino,Audino,4,4,tier2,theme-fill
gym:tier1:天桐,gen8,gym:合众地区:天桐:1,天桐,2,3,abomasnow,Abomasnow,5,5,tier2,theme-fill
gym:tier1:天桐,gen8,gym:合众地区:天桐:1,天桐,3,1,appletun,Appletun,4,4,tier1,theme-fill
gym:tier1:天桐,gen8,gym:合众地区:天桐:1,天桐,3,2,audino,Audino,4,4,tier2,theme-fill
gym:tier1:天桐,gen8,gym:合众地区:天桐:1,天桐,3,3,abomasnow,Abomasnow,5,5,tier2,theme-fill
gym:tier1:天桐,gen8,gym:合众地区:天桐:1,天桐,4,1,appletun,Appletun,4,4,tier1,theme-fill
gym:tier1:天桐,gen8,gym:合众地区:天桐:1,天桐,4,2,audino,Audino,4,4,tier2,theme-fill
gym:tier1:天桐,gen8,gym:合众地区:天桐:1,天桐,4,3,abomasnow,Abomasnow,5,5,tier2,theme-fill
gym:tier1:天桐,gen9,gym:合众地区:天桐:1,天桐,1,1,appletun,Appletun,4,4,tier1,theme-fill
gym:tier1:天桐,gen9,gym:合众地区:天桐:1,天桐,1,2,audino,Audino,4,4,tier2,theme-fill
gym:tier1:天桐,gen9,gym:合众地区:天桐:1,天桐,1,3,abomasnow,Abomasnow,5,5,tier2,theme-fill
gym:tier1:天桐,gen9,gym:合众地区:天桐:1,天桐,2,1,appletun,Appletun,4,4,tier1,theme-fill
gym:tier1:天桐,gen9,gym:合众地区:天桐:1,天桐,2,2,audino,Audino,4,4,tier2,theme-fill
gym:tier1:天桐,gen9,gym:合众地区:天桐:1,天桐,2,3,abomasnow,Abomasnow,5,5,tier2,theme-fill
gym:tier1:天桐,gen9,gym:合众地区:天桐:1,天桐,3,1,appletun,Appletun,4,4,tier1,theme-fill
gym:tier1:天桐,gen9,gym:合众地区:天桐:1,天桐,3,2,audino,Audino,4,4,tier2,theme-fill
gym:tier1:天桐,gen9,gym:合众地区:天桐:1,天桐,3,3,abomasnow,Abomasnow,5,5,tier2,theme-fill
gym:tier1:天桐,gen9,gym:合众地区:天桐:1,天桐,4,1,appletun,Appletun,4,4,tier1,theme-fill
gym:tier1:天桐,gen9,gym:合众地区:天桐:1,天桐,4,2,audino,Audino,4,4,tier2,theme-fill
gym:tier1:天桐,gen9,gym:合众地区:天桐:1,天桐,4,3,abomasnow,Abomasnow,5,5,tier2,theme-fill
gym:tier1:伯特,none,gym:合众地区:伯特:2,伯特,1,1,audino,Audino,4,4,tier1,theme-fill
gym:tier1:伯特,none,gym:合众地区:伯特:2,伯特,1,2,bibarel,Bibarel,4,4,tier2,theme-fill
gym:tier1:伯特,none,gym:合众地区:伯特:2,伯特,1,3,ambipom,Ambipom,5,5,tier2,theme-fill
gym:tier1:伯特,none,gym:合众地区:伯特:2,伯特,2,1,audino,Audino,4,4,tier1,theme-fill
gym:tier1:伯特,none,gym:合众地区:伯特:2,伯特,2,2,bibarel,Bibarel,4,4,tier2,theme-fill
gym:tier1:伯特,none,gym:合众地区:伯特:2,伯特,2,3,ambipom,Ambipom,5,5,tier2,theme-fill
gym:tier1:伯特,none,gym:合众地区:伯特:2,伯特,3,1,audino,Audino,4,4,tier1,theme-fill
gym:tier1:伯特,none,gym:合众地区:伯特:2,伯特,3,2,bibarel,Bibarel,4,4,tier2,theme-fill
gym:tier1:伯特,none,gym:合众地区:伯特:2,伯特,3,3,ambipom,Ambipom,5,5,tier2,theme-fill
gym:tier1:伯特,none,gym:合众地区:伯特:2,伯特,4,1,audino,Audino,4,4,tier1,theme-fill
gym:tier1:伯特,none,gym:合众地区:伯特:2,伯特,4,2,bibarel,Bibarel,4,4,tier2,theme-fill
gym:tier1:伯特,none,gym:合众地区:伯特:2,伯特,4,3,ambipom,Ambipom,5,5,tier2,theme-fill
gym:tier1:伯特,gen7,gym:合众地区:伯特:2,伯特,1,1,audino,Audino,4,4,tier1,theme-fill
gym:tier1:伯特,gen7,gym:合众地区:伯特:2,伯特,1,2,bibarel,Bibarel,4,4,tier2,theme-fill
gym:tier1:伯特,gen7,gym:合众地区:伯特:2,伯特,1,3,ambipom,Ambipom,5,5,tier2,theme-fill
gym:tier1:伯特,gen7,gym:合众地区:伯特:2,伯特,2,1,audino,Audino,4,4,tier1,theme-fill
gym:tier1:伯特,gen7,gym:合众地区:伯特:2,伯特,2,2,bibarel,Bibarel,4,4,tier2,theme-fill
gym:tier1:伯特,gen7,gym:合众地区:伯特:2,伯特,2,3,ambipom,Ambipom,5,5,tier2,theme-fill
gym:tier1:伯特,gen7,gym:合众地区:伯特:2,伯特,3,1,audino,Audino,4,4,tier1,theme-fill
gym:tier1:伯特,gen7,gym:合众地区:伯特:2,伯特,3,2,bibarel,Bibarel,4,4,tier2,theme-fill
gym:tier1:伯特,gen7,gym:合众地区:伯特:2,伯特,3,3,ambipom,Ambipom,5,5,tier2,theme-fill
gym:tier1:伯特,gen7,gym:合众地区:伯特:2,伯特,4,1,audino,Audino,4,4,tier1,theme-fill
gym:tier1:伯特,gen7,gym:合众地区:伯特:2,伯特,4,2,bibarel,Bibarel,4,4,tier2,theme-fill
gym:tier1:伯特,gen7,gym:合众地区:伯特:2,伯特,4,3,ambipom,Ambipom,5,5,tier2,theme-fill
gym:tier1:伯特,gen8,gym:合众地区:伯特:2,伯特,1,1,audino,Audino,4,4,tier1,theme-fill
gym:tier1:伯特,gen8,gym:合众地区:伯特:2,伯特,1,2,bibarel,Bibarel,4,4,tier2,theme-fill
gym:tier1:伯特,gen8,gym:合众地区:伯特:2,伯特,1,3,centiskorch,Centiskorch,5,5,tier2,gmax-system-fill-theme
gym:tier1:伯特,gen8,gym:合众地区:伯特:2,伯特,2,1,audino,Audino,4,4,tier1,theme-fill
gym:tier1:伯特,gen8,gym:合众地区:伯特:2,伯特,2,2,bibarel,Bibarel,4,4,tier2,theme-fill
gym:tier1:伯特,gen8,gym:合众地区:伯特:2,伯特,2,3,centiskorch,Centiskorch,5,5,tier2,gmax-system-fill-theme
gym:tier1:伯特,gen8,gym:合众地区:伯特:2,伯特,3,1,audino,Audino,4,4,tier1,theme-fill
gym:tier1:伯特,gen8,gym:合众地区:伯特:2,伯特,3,2,bibarel,Bibarel,4,4,tier2,theme-fill
gym:tier1:伯特,gen8,gym:合众地区:伯特:2,伯特,3,3,centiskorch,Centiskorch,5,5,tier2,gmax-system-fill-theme
gym:tier1:伯特,gen8,gym:合众地区:伯特:2,伯特,4,1,audino,Audino,4,4,tier1,theme-fill
gym:tier1:伯特,gen8,gym:合众地区:伯特:2,伯特,4,2,bibarel,Bibarel,4,4,tier2,theme-fill
gym:tier1:伯特,gen8,gym:合众地区:伯特:2,伯特,4,3,centiskorch,Centiskorch,5,5,tier2,gmax-system-fill-theme
gym:tier1:伯特,gen9,gym:合众地区:伯特:2,伯特,1,1,audino,Audino,4,4,tier1,theme-fill
gym:tier1:伯特,gen9,gym:合众地区:伯特:2,伯特,1,2,bibarel,Bibarel,4,4,tier2,theme-fill
gym:tier1:伯特,gen9,gym:合众地区:伯特:2,伯特,1,3,ambipom,Ambipom,5,5,tier2,theme-fill
gym:tier1:伯特,gen9,gym:合众地区:伯特:2,伯特,2,1,audino,Audino,4,4,tier1,theme-fill
gym:tier1:伯特,gen9,gym:合众地区:伯特:2,伯特,2,2,bibarel,Bibarel,4,4,tier2,theme-fill
gym:tier1:伯特,gen9,gym:合众地区:伯特:2,伯特,2,3,ambipom,Ambipom,5,5,tier2,theme-fill
gym:tier1:伯特,gen9,gym:合众地区:伯特:2,伯特,3,1,audino,Audino,4,4,tier1,theme-fill
gym:tier1:伯特,gen9,gym:合众地区:伯特:2,伯特,3,2,bibarel,Bibarel,4,4,tier2,theme-fill
gym:tier1:伯特,gen9,gym:合众地区:伯特:2,伯特,3,3,ambipom,Ambipom,5,5,tier2,theme-fill
gym:tier1:伯特,gen9,gym:合众地区:伯特:2,伯特,4,1,audino,Audino,4,4,tier1,theme-fill
gym:tier1:伯特,gen9,gym:合众地区:伯特:2,伯特,4,2,bibarel,Bibarel,4,4,tier2,theme-fill
gym:tier1:伯特,gen9,gym:合众地区:伯特:2,伯特,4,3,ambipom,Ambipom,5,5,tier2,theme-fill
gym:tier1:寇恩,none,gym:合众地区:寇恩:3,寇恩,1,1,araquanidtotem,Araquanid-Totem,4,4,tier1,theme-fill
gym:tier1:寇恩,none,gym:合众地区:寇恩:3,寇恩,1,2,arctovish,Arctovish,4,4,tier2,theme-fill
gym:tier1:寇恩,none,gym:合众地区:寇恩:3,寇恩,1,3,alomomola,Alomomola,5,5,tier2,theme-fill
gym:tier1:寇恩,none,gym:合众地区:寇恩:3,寇恩,2,1,araquanidtotem,Araquanid-Totem,4,4,tier1,theme-fill
gym:tier1:寇恩,none,gym:合众地区:寇恩:3,寇恩,2,2,arctovish,Arctovish,4,4,tier2,theme-fill
gym:tier1:寇恩,none,gym:合众地区:寇恩:3,寇恩,2,3,alomomola,Alomomola,5,5,tier2,theme-fill
gym:tier1:寇恩,none,gym:合众地区:寇恩:3,寇恩,3,1,araquanidtotem,Araquanid-Totem,4,4,tier1,theme-fill
gym:tier1:寇恩,none,gym:合众地区:寇恩:3,寇恩,3,2,arctovish,Arctovish,4,4,tier2,theme-fill
gym:tier1:寇恩,none,gym:合众地区:寇恩:3,寇恩,3,3,alomomola,Alomomola,5,5,tier2,theme-fill
gym:tier1:寇恩,none,gym:合众地区:寇恩:3,寇恩,4,1,araquanidtotem,Araquanid-Totem,4,4,tier1,theme-fill
gym:tier1:寇恩,none,gym:合众地区:寇恩:3,寇恩,4,2,arctovish,Arctovish,4,4,tier2,theme-fill
gym:tier1:寇恩,none,gym:合众地区:寇恩:3,寇恩,4,3,alomomola,Alomomola,5,5,tier2,theme-fill
gym:tier1:寇恩,gen7,gym:合众地区:寇恩:3,寇恩,1,1,araquanidtotem,Araquanid-Totem,4,4,tier1,theme-fill
gym:tier1:寇恩,gen7,gym:合众地区:寇恩:3,寇恩,1,2,audino,Audino,4,4,tier2,theme-fill
gym:tier1:寇恩,gen7,gym:合众地区:寇恩:3,寇恩,1,3,alomomola,Alomomola,5,5,tier2,theme-fill
gym:tier1:寇恩,gen7,gym:合众地区:寇恩:3,寇恩,2,1,araquanidtotem,Araquanid-Totem,4,4,tier1,theme-fill
gym:tier1:寇恩,gen7,gym:合众地区:寇恩:3,寇恩,2,2,audino,Audino,4,4,tier2,theme-fill
gym:tier1:寇恩,gen7,gym:合众地区:寇恩:3,寇恩,2,3,alomomola,Alomomola,5,5,tier2,theme-fill
gym:tier1:寇恩,gen7,gym:合众地区:寇恩:3,寇恩,3,1,araquanidtotem,Araquanid-Totem,4,4,tier1,theme-fill
gym:tier1:寇恩,gen7,gym:合众地区:寇恩:3,寇恩,3,2,audino,Audino,4,4,tier2,theme-fill
gym:tier1:寇恩,gen7,gym:合众地区:寇恩:3,寇恩,3,3,alomomola,Alomomola,5,5,tier2,theme-fill
gym:tier1:寇恩,gen7,gym:合众地区:寇恩:3,寇恩,4,1,araquanidtotem,Araquanid-Totem,4,4,tier1,theme-fill
gym:tier1:寇恩,gen7,gym:合众地区:寇恩:3,寇恩,4,2,audino,Audino,4,4,tier2,theme-fill
gym:tier1:寇恩,gen7,gym:合众地区:寇恩:3,寇恩,4,3,alomomola,Alomomola,5,5,tier2,theme-fill
gym:tier1:寇恩,gen8,gym:合众地区:寇恩:3,寇恩,1,1,araquanidtotem,Araquanid-Totem,4,4,tier1,theme-fill
gym:tier1:寇恩,gen8,gym:合众地区:寇恩:3,寇恩,1,2,arctovish,Arctovish,4,4,tier2,theme-fill
gym:tier1:寇恩,gen8,gym:合众地区:寇恩:3,寇恩,1,3,inteleon,Inteleon,5,5,tier2,gmax-system-fill-theme
gym:tier1:寇恩,gen8,gym:合众地区:寇恩:3,寇恩,2,1,araquanidtotem,Araquanid-Totem,4,4,tier1,theme-fill
gym:tier1:寇恩,gen8,gym:合众地区:寇恩:3,寇恩,2,2,arctovish,Arctovish,4,4,tier2,theme-fill
gym:tier1:寇恩,gen8,gym:合众地区:寇恩:3,寇恩,2,3,inteleon,Inteleon,5,5,tier2,gmax-system-fill-theme
gym:tier1:寇恩,gen8,gym:合众地区:寇恩:3,寇恩,3,1,araquanidtotem,Araquanid-Totem,4,4,tier1,theme-fill
gym:tier1:寇恩,gen8,gym:合众地区:寇恩:3,寇恩,3,2,arctovish,Arctovish,4,4,tier2,theme-fill
gym:tier1:寇恩,gen8,gym:合众地区:寇恩:3,寇恩,3,3,inteleon,Inteleon,5,5,tier2,gmax-system-fill-theme
gym:tier1:寇恩,gen8,gym:合众地区:寇恩:3,寇恩,4,1,araquanidtotem,Araquanid-Totem,4,4,tier1,theme-fill
gym:tier1:寇恩,gen8,gym:合众地区:寇恩:3,寇恩,4,2,arctovish,Arctovish,4,4,tier2,theme-fill
gym:tier1:寇恩,gen8,gym:合众地区:寇恩:3,寇恩,4,3,inteleon,Inteleon,5,5,tier2,gmax-system-fill-theme
gym:tier1:寇恩,gen9,gym:合众地区:寇恩:3,寇恩,1,1,araquanidtotem,Araquanid-Totem,4,4,tier1,theme-fill
gym:tier1:寇恩,gen9,gym:合众地区:寇恩:3,寇恩,1,2,arctovish,Arctovish,4,4,tier2,theme-fill
gym:tier1:寇恩,gen9,gym:合众地区:寇恩:3,寇恩,1,3,alomomola,Alomomola,5,5,tier2,theme-fill
gym:tier1:寇恩,gen9,gym:合众地区:寇恩:3,寇恩,2,1,araquanidtotem,Araquanid-Totem,4,4,tier1,theme-fill
gym:tier1:寇恩,gen9,gym:合众地区:寇恩:3,寇恩,2,2,arctovish,Arctovish,4,4,tier2,theme-fill
gym:tier1:寇恩,gen9,gym:合众地区:寇恩:3,寇恩,2,3,alomomola,Alomomola,5,5,tier2,theme-fill
gym:tier1:寇恩,gen9,gym:合众地区:寇恩:3,寇恩,3,1,araquanidtotem,Araquanid-Totem,4,4,tier1,theme-fill
gym:tier1:寇恩,gen9,gym:合众地区:寇恩:3,寇恩,3,2,arctovish,Arctovish,4,4,tier2,theme-fill
gym:tier1:寇恩,gen9,gym:合众地区:寇恩:3,寇恩,3,3,alomomola,Alomomola,5,5,tier2,theme-fill
gym:tier1:寇恩,gen9,gym:合众地区:寇恩:3,寇恩,4,1,araquanidtotem,Araquanid-Totem,4,4,tier1,theme-fill
gym:tier1:寇恩,gen9,gym:合众地区:寇恩:3,寇恩,4,2,arctovish,Arctovish,4,4,tier2,theme-fill
gym:tier1:寇恩,gen9,gym:合众地区:寇恩:3,寇恩,4,3,alomomola,Alomomola,5,5,tier2,theme-fill
gym:tier1:芦荟,none,gym:合众地区:芦荟:4,芦荟,1,1,audino,Audino,4,4,tier1,theme-fill
gym:tier1:芦荟,none,gym:合众地区:芦荟:4,芦荟,1,2,bibarel,Bibarel,4,4,tier2,theme-fill
gym:tier1:芦荟,none,gym:合众地区:芦荟:4,芦荟,1,3,ambipom,Ambipom,5,5,tier2,theme-fill
gym:tier1:芦荟,none,gym:合众地区:芦荟:4,芦荟,2,1,audino,Audino,4,4,tier1,theme-fill
gym:tier1:芦荟,none,gym:合众地区:芦荟:4,芦荟,2,2,bibarel,Bibarel,4,4,tier2,theme-fill
gym:tier1:芦荟,none,gym:合众地区:芦荟:4,芦荟,2,3,ambipom,Ambipom,5,5,tier2,theme-fill
gym:tier1:芦荟,none,gym:合众地区:芦荟:4,芦荟,3,1,audino,Audino,4,4,tier1,theme-fill
gym:tier1:芦荟,none,gym:合众地区:芦荟:4,芦荟,3,2,bibarel,Bibarel,4,4,tier2,theme-fill
gym:tier1:芦荟,none,gym:合众地区:芦荟:4,芦荟,3,3,ambipom,Ambipom,5,5,tier2,theme-fill
gym:tier1:芦荟,none,gym:合众地区:芦荟:4,芦荟,4,1,audino,Audino,4,4,tier1,theme-fill
gym:tier1:芦荟,none,gym:合众地区:芦荟:4,芦荟,4,2,bibarel,Bibarel,4,4,tier2,theme-fill
gym:tier1:芦荟,none,gym:合众地区:芦荟:4,芦荟,4,3,ambipom,Ambipom,5,5,tier2,theme-fill
gym:tier1:芦荟,gen7,gym:合众地区:芦荟:4,芦荟,1,1,audino,Audino,4,4,tier1,theme-fill
gym:tier1:芦荟,gen7,gym:合众地区:芦荟:4,芦荟,1,2,bibarel,Bibarel,4,4,tier2,theme-fill
gym:tier1:芦荟,gen7,gym:合众地区:芦荟:4,芦荟,1,3,ambipom,Ambipom,5,5,tier2,theme-fill
gym:tier1:芦荟,gen7,gym:合众地区:芦荟:4,芦荟,2,1,audino,Audino,4,4,tier1,theme-fill
gym:tier1:芦荟,gen7,gym:合众地区:芦荟:4,芦荟,2,2,bibarel,Bibarel,4,4,tier2,theme-fill
gym:tier1:芦荟,gen7,gym:合众地区:芦荟:4,芦荟,2,3,ambipom,Ambipom,5,5,tier2,theme-fill
gym:tier1:芦荟,gen7,gym:合众地区:芦荟:4,芦荟,3,1,audino,Audino,4,4,tier1,theme-fill
gym:tier1:芦荟,gen7,gym:合众地区:芦荟:4,芦荟,3,2,bibarel,Bibarel,4,4,tier2,theme-fill
gym:tier1:芦荟,gen7,gym:合众地区:芦荟:4,芦荟,3,3,ambipom,Ambipom,5,5,tier2,theme-fill
gym:tier1:芦荟,gen7,gym:合众地区:芦荟:4,芦荟,4,1,audino,Audino,4,4,tier1,theme-fill
gym:tier1:芦荟,gen7,gym:合众地区:芦荟:4,芦荟,4,2,bibarel,Bibarel,4,4,tier2,theme-fill
gym:tier1:芦荟,gen7,gym:合众地区:芦荟:4,芦荟,4,3,ambipom,Ambipom,5,5,tier2,theme-fill
gym:tier1:芦荟,gen8,gym:合众地区:芦荟:4,芦荟,1,1,audino,Audino,4,4,tier1,theme-fill
gym:tier1:芦荟,gen8,gym:合众地区:芦荟:4,芦荟,1,2,bibarel,Bibarel,4,4,tier2,theme-fill
gym:tier1:芦荟,gen8,gym:合众地区:芦荟:4,芦荟,1,3,grimmsnarl,Grimmsnarl,5,5,tier2,gmax-system-fill
gym:tier1:芦荟,gen8,gym:合众地区:芦荟:4,芦荟,2,1,audino,Audino,4,4,tier1,theme-fill
gym:tier1:芦荟,gen8,gym:合众地区:芦荟:4,芦荟,2,2,bibarel,Bibarel,4,4,tier2,theme-fill
gym:tier1:芦荟,gen8,gym:合众地区:芦荟:4,芦荟,2,3,hatterene,Hatterene,5,5,tier2,gmax-system-fill
gym:tier1:芦荟,gen8,gym:合众地区:芦荟:4,芦荟,3,1,audino,Audino,4,4,tier1,theme-fill
gym:tier1:芦荟,gen8,gym:合众地区:芦荟:4,芦荟,3,2,bibarel,Bibarel,4,4,tier2,theme-fill
gym:tier1:芦荟,gen8,gym:合众地区:芦荟:4,芦荟,3,3,rillaboom,Rillaboom,5,5,tier2,gmax-system-fill
gym:tier1:芦荟,gen8,gym:合众地区:芦荟:4,芦荟,4,1,audino,Audino,4,4,tier1,theme-fill
gym:tier1:芦荟,gen8,gym:合众地区:芦荟:4,芦荟,4,2,bibarel,Bibarel,4,4,tier2,theme-fill
gym:tier1:芦荟,gen8,gym:合众地区:芦荟:4,芦荟,4,3,kingler,Kingler,5,5,tier2,gmax-system-fill
gym:tier1:芦荟,gen9,gym:合众地区:芦荟:4,芦荟,1,1,audino,Audino,4,4,tier1,theme-fill
gym:tier1:芦荟,gen9,gym:合众地区:芦荟:4,芦荟,1,2,bibarel,Bibarel,4,4,tier2,theme-fill
gym:tier1:芦荟,gen9,gym:合众地区:芦荟:4,芦荟,1,3,ambipom,Ambipom,5,5,tier2,theme-fill
gym:tier1:芦荟,gen9,gym:合众地区:芦荟:4,芦荟,2,1,audino,Audino,4,4,tier1,theme-fill
gym:tier1:芦荟,gen9,gym:合众地区:芦荟:4,芦荟,2,2,bibarel,Bibarel,4,4,tier2,theme-fill
gym:tier1:芦荟,gen9,gym:合众地区:芦荟:4,芦荟,2,3,ambipom,Ambipom,5,5,tier2,theme-fill
gym:tier1:芦荟,gen9,gym:合众地区:芦荟:4,芦荟,3,1,audino,Audino,4,4,tier1,theme-fill
gym:tier1:芦荟,gen9,gym:合众地区:芦荟:4,芦荟,3,2,bibarel,Bibarel,4,4,tier2,theme-fill
gym:tier1:芦荟,gen9,gym:合众地区:芦荟:4,芦荟,3,3,ambipom,Ambipom,5,5,tier2,theme-fill
gym:tier1:芦荟,gen9,gym:合众地区:芦荟:4,芦荟,4,1,audino,Audino,4,4,tier1,theme-fill
gym:tier1:芦荟,gen9,gym:合众地区:芦荟:4,芦荟,4,2,bibarel,Bibarel,4,4,tier2,theme-fill
gym:tier1:芦荟,gen9,gym:合众地区:芦荟:4,芦荟,4,3,ambipom,Ambipom,5,5,tier2,theme-fill
gym:tier1:黑连,none,gym:合众地区:黑连:5,黑连,1,1,audino,Audino,4,4,tier1,theme-fill
gym:tier1:黑连,none,gym:合众地区:黑连:5,黑连,1,2,bibarel,Bibarel,4,4,tier2,theme-fill
gym:tier1:黑连,none,gym:合众地区:黑连:5,黑连,1,3,altaria,Altaria,5,5,tier2,theme-fill
gym:tier1:黑连,none,gym:合众地区:黑连:5,黑连,2,1,audino,Audino,4,4,tier1,theme-fill
gym:tier1:黑连,none,gym:合众地区:黑连:5,黑连,2,2,bibarel,Bibarel,4,4,tier2,theme-fill
gym:tier1:黑连,none,gym:合众地区:黑连:5,黑连,2,3,altaria,Altaria,5,5,tier2,theme-fill
gym:tier1:黑连,none,gym:合众地区:黑连:5,黑连,3,1,audino,Audino,4,4,tier1,theme-fill
gym:tier1:黑连,none,gym:合众地区:黑连:5,黑连,3,2,bibarel,Bibarel,4,4,tier2,theme-fill
gym:tier1:黑连,none,gym:合众地区:黑连:5,黑连,3,3,altaria,Altaria,5,5,tier2,theme-fill
gym:tier1:黑连,none,gym:合众地区:黑连:5,黑连,4,1,audino,Audino,4,4,tier1,theme-fill
gym:tier1:黑连,none,gym:合众地区:黑连:5,黑连,4,2,bibarel,Bibarel,4,4,tier2,theme-fill
gym:tier1:黑连,none,gym:合众地区:黑连:5,黑连,4,3,altaria,Altaria,5,5,tier2,theme-fill
gym:tier1:黑连,gen7,gym:合众地区:黑连:5,黑连,1,1,audino,Audino,4,4,tier1,theme-fill
gym:tier1:黑连,gen7,gym:合众地区:黑连:5,黑连,1,2,bibarel,Bibarel,4,4,tier2,theme-fill
gym:tier1:黑连,gen7,gym:合众地区:黑连:5,黑连,1,3,altaria,Altaria,5,5,tier2,theme-fill
gym:tier1:黑连,gen7,gym:合众地区:黑连:5,黑连,2,1,audino,Audino,4,4,tier1,theme-fill
gym:tier1:黑连,gen7,gym:合众地区:黑连:5,黑连,2,2,bibarel,Bibarel,4,4,tier2,theme-fill
gym:tier1:黑连,gen7,gym:合众地区:黑连:5,黑连,2,3,altaria,Altaria,5,5,tier2,theme-fill
gym:tier1:黑连,gen7,gym:合众地区:黑连:5,黑连,3,1,audino,Audino,4,4,tier1,theme-fill
gym:tier1:黑连,gen7,gym:合众地区:黑连:5,黑连,3,2,bibarel,Bibarel,4,4,tier2,theme-fill
gym:tier1:黑连,gen7,gym:合众地区:黑连:5,黑连,3,3,altaria,Altaria,5,5,tier2,theme-fill
gym:tier1:黑连,gen7,gym:合众地区:黑连:5,黑连,4,1,audino,Audino,4,4,tier1,theme-fill
gym:tier1:黑连,gen7,gym:合众地区:黑连:5,黑连,4,2,bibarel,Bibarel,4,4,tier2,theme-fill
gym:tier1:黑连,gen7,gym:合众地区:黑连:5,黑连,4,3,altaria,Altaria,5,5,tier2,theme-fill
gym:tier1:黑连,gen8,gym:合众地区:黑连:5,黑连,1,1,audino,Audino,4,4,tier1,theme-fill
gym:tier1:黑连,gen8,gym:合众地区:黑连:5,黑连,1,2,bibarel,Bibarel,4,4,tier2,theme-fill
gym:tier1:黑连,gen8,gym:合众地区:黑连:5,黑连,1,3,hatterene,Hatterene,5,5,tier2,gmax-system-fill
gym:tier1:黑连,gen8,gym:合众地区:黑连:5,黑连,2,1,audino,Audino,4,4,tier1,theme-fill
gym:tier1:黑连,gen8,gym:合众地区:黑连:5,黑连,2,2,bibarel,Bibarel,4,4,tier2,theme-fill
gym:tier1:黑连,gen8,gym:合众地区:黑连:5,黑连,2,3,coalossal,Coalossal,5,5,tier2,gmax-system-fill
gym:tier1:黑连,gen8,gym:合众地区:黑连:5,黑连,3,1,audino,Audino,4,4,tier1,theme-fill
gym:tier1:黑连,gen8,gym:合众地区:黑连:5,黑连,3,2,bibarel,Bibarel,4,4,tier2,theme-fill
gym:tier1:黑连,gen8,gym:合众地区:黑连:5,黑连,3,3,cinderace,Cinderace,5,5,tier2,gmax-system-fill
gym:tier1:黑连,gen8,gym:合众地区:黑连:5,黑连,4,1,audino,Audino,4,4,tier1,theme-fill
gym:tier1:黑连,gen8,gym:合众地区:黑连:5,黑连,4,2,bibarel,Bibarel,4,4,tier2,theme-fill
gym:tier1:黑连,gen8,gym:合众地区:黑连:5,黑连,4,3,grimmsnarl,Grimmsnarl,5,5,tier2,gmax-system-fill
gym:tier1:黑连,gen9,gym:合众地区:黑连:5,黑连,1,1,audino,Audino,4,4,tier1,theme-fill
gym:tier1:黑连,gen9,gym:合众地区:黑连:5,黑连,1,2,bibarel,Bibarel,4,4,tier2,theme-fill
gym:tier1:黑连,gen9,gym:合众地区:黑连:5,黑连,1,3,altaria,Altaria,5,5,tier2,theme-fill
gym:tier1:黑连,gen9,gym:合众地区:黑连:5,黑连,2,1,audino,Audino,4,4,tier1,theme-fill
gym:tier1:黑连,gen9,gym:合众地区:黑连:5,黑连,2,2,bibarel,Bibarel,4,4,tier2,theme-fill
gym:tier1:黑连,gen9,gym:合众地区:黑连:5,黑连,2,3,altaria,Altaria,5,5,tier2,theme-fill
gym:tier1:黑连,gen9,gym:合众地区:黑连:5,黑连,3,1,audino,Audino,4,4,tier1,theme-fill
gym:tier1:黑连,gen9,gym:合众地区:黑连:5,黑连,3,2,bibarel,Bibarel,4,4,tier2,theme-fill
gym:tier1:黑连,gen9,gym:合众地区:黑连:5,黑连,3,3,altaria,Altaria,5,5,tier2,theme-fill
gym:tier1:黑连,gen9,gym:合众地区:黑连:5,黑连,4,1,audino,Audino,4,4,tier1,theme-fill
gym:tier1:黑连,gen9,gym:合众地区:黑连:5,黑连,4,2,bibarel,Bibarel,4,4,tier2,theme-fill
gym:tier1:黑连,gen9,gym:合众地区:黑连:5,黑连,4,3,altaria,Altaria,5,5,tier2,theme-fill
gym:tier2:霍米加,none,gym:合众地区:霍米加:6,霍米加,1,1,scolipede,Scolipede,6,4,tier2,representative-near-tier
gym:tier2:霍米加,none,gym:合众地区:霍米加:6,霍米加,1,2,garbodor,Garbodor,5,5,tier3,representative-exact-tier
gym:tier2:霍米加,none,gym:合众地区:霍米加:6,霍米加,1,3,accelgor,Accelgor,5,5,tier3,theme-fill
gym:tier2:霍米加,none,gym:合众地区:霍米加:6,霍米加,2,1,scolipede,Scolipede,6,4,tier2,representative-near-tier
gym:tier2:霍米加,none,gym:合众地区:霍米加:6,霍米加,2,2,garbodor,Garbodor,5,5,tier3,representative-exact-tier
gym:tier2:霍米加,none,gym:合众地区:霍米加:6,霍米加,2,3,accelgor,Accelgor,5,5,tier3,theme-fill
gym:tier2:霍米加,none,gym:合众地区:霍米加:6,霍米加,3,1,scolipede,Scolipede,6,4,tier2,representative-near-tier
gym:tier2:霍米加,none,gym:合众地区:霍米加:6,霍米加,3,2,garbodor,Garbodor,5,5,tier3,representative-exact-tier
gym:tier2:霍米加,none,gym:合众地区:霍米加:6,霍米加,3,3,accelgor,Accelgor,5,5,tier3,theme-fill
gym:tier2:霍米加,none,gym:合众地区:霍米加:6,霍米加,4,1,scolipede,Scolipede,6,4,tier2,representative-near-tier
gym:tier2:霍米加,none,gym:合众地区:霍米加:6,霍米加,4,2,garbodor,Garbodor,5,5,tier3,representative-exact-tier
gym:tier2:霍米加,none,gym:合众地区:霍米加:6,霍米加,4,3,accelgor,Accelgor,5,5,tier3,theme-fill
gym:tier2:霍米加,gen7,gym:合众地区:霍米加:6,霍米加,1,1,scolipede,Scolipede,6,4,tier2,representative-near-tier
gym:tier2:霍米加,gen7,gym:合众地区:霍米加:6,霍米加,1,2,garbodor,Garbodor,5,5,tier3,representative-exact-tier
gym:tier2:霍米加,gen7,gym:合众地区:霍米加:6,霍米加,1,3,pinsir,Pinsir,5,5,tier3,mega-system-fill-theme
gym:tier2:霍米加,gen7,gym:合众地区:霍米加:6,霍米加,2,1,scolipede,Scolipede,6,4,tier2,representative-near-tier
gym:tier2:霍米加,gen7,gym:合众地区:霍米加:6,霍米加,2,2,garbodor,Garbodor,5,5,tier3,representative-exact-tier
gym:tier2:霍米加,gen7,gym:合众地区:霍米加:6,霍米加,2,3,pinsir,Pinsir,5,5,tier3,mega-system-fill-theme
gym:tier2:霍米加,gen7,gym:合众地区:霍米加:6,霍米加,3,1,scolipede,Scolipede,6,4,tier2,representative-near-tier
gym:tier2:霍米加,gen7,gym:合众地区:霍米加:6,霍米加,3,2,garbodor,Garbodor,5,5,tier3,representative-exact-tier
gym:tier2:霍米加,gen7,gym:合众地区:霍米加:6,霍米加,3,3,pinsir,Pinsir,5,5,tier3,mega-system-fill-theme
gym:tier2:霍米加,gen7,gym:合众地区:霍米加:6,霍米加,4,1,scolipede,Scolipede,6,4,tier2,representative-near-tier
gym:tier2:霍米加,gen7,gym:合众地区:霍米加:6,霍米加,4,2,garbodor,Garbodor,5,5,tier3,representative-exact-tier
gym:tier2:霍米加,gen7,gym:合众地区:霍米加:6,霍米加,4,3,pinsir,Pinsir,5,5,tier3,mega-system-fill-theme
gym:tier2:霍米加,gen8,gym:合众地区:霍米加:6,霍米加,1,1,scolipede,Scolipede,6,4,tier2,representative-near-tier
gym:tier2:霍米加,gen8,gym:合众地区:霍米加:6,霍米加,1,2,garbodor,Garbodor,5,5,tier3,representative-exact-tier
gym:tier2:霍米加,gen8,gym:合众地区:霍米加:6,霍米加,1,3,accelgor,Accelgor,5,5,tier3,theme-fill
gym:tier2:霍米加,gen8,gym:合众地区:霍米加:6,霍米加,2,1,scolipede,Scolipede,6,4,tier2,representative-near-tier
gym:tier2:霍米加,gen8,gym:合众地区:霍米加:6,霍米加,2,2,garbodor,Garbodor,5,5,tier3,representative-exact-tier
gym:tier2:霍米加,gen8,gym:合众地区:霍米加:6,霍米加,2,3,accelgor,Accelgor,5,5,tier3,theme-fill
gym:tier2:霍米加,gen8,gym:合众地区:霍米加:6,霍米加,3,1,scolipede,Scolipede,6,4,tier2,representative-near-tier
gym:tier2:霍米加,gen8,gym:合众地区:霍米加:6,霍米加,3,2,garbodor,Garbodor,5,5,tier3,representative-exact-tier
gym:tier2:霍米加,gen8,gym:合众地区:霍米加:6,霍米加,3,3,accelgor,Accelgor,5,5,tier3,theme-fill
gym:tier2:霍米加,gen8,gym:合众地区:霍米加:6,霍米加,4,1,scolipede,Scolipede,6,4,tier2,representative-near-tier
gym:tier2:霍米加,gen8,gym:合众地区:霍米加:6,霍米加,4,2,garbodor,Garbodor,5,5,tier3,representative-exact-tier
gym:tier2:霍米加,gen8,gym:合众地区:霍米加:6,霍米加,4,3,accelgor,Accelgor,5,5,tier3,theme-fill
gym:tier2:霍米加,gen9,gym:合众地区:霍米加:6,霍米加,1,1,scolipede,Scolipede,6,4,tier2,representative-near-tier
gym:tier2:霍米加,gen9,gym:合众地区:霍米加:6,霍米加,1,2,garbodor,Garbodor,5,5,tier3,representative-exact-tier
gym:tier2:霍米加,gen9,gym:合众地区:霍米加:6,霍米加,1,3,accelgor,Accelgor,5,5,tier3,theme-fill
gym:tier2:霍米加,gen9,gym:合众地区:霍米加:6,霍米加,2,1,scolipede,Scolipede,6,4,tier2,representative-near-tier
gym:tier2:霍米加,gen9,gym:合众地区:霍米加:6,霍米加,2,2,garbodor,Garbodor,5,5,tier3,representative-exact-tier
gym:tier2:霍米加,gen9,gym:合众地区:霍米加:6,霍米加,2,3,accelgor,Accelgor,5,5,tier3,theme-fill
gym:tier2:霍米加,gen9,gym:合众地区:霍米加:6,霍米加,3,1,scolipede,Scolipede,6,4,tier2,representative-near-tier
gym:tier2:霍米加,gen9,gym:合众地区:霍米加:6,霍米加,3,2,garbodor,Garbodor,5,5,tier3,representative-exact-tier
gym:tier2:霍米加,gen9,gym:合众地区:霍米加:6,霍米加,3,3,accelgor,Accelgor,5,5,tier3,theme-fill
gym:tier2:霍米加,gen9,gym:合众地区:霍米加:6,霍米加,4,1,scolipede,Scolipede,6,4,tier2,representative-near-tier
gym:tier2:霍米加,gen9,gym:合众地区:霍米加:6,霍米加,4,2,garbodor,Garbodor,5,5,tier3,representative-exact-tier
gym:tier2:霍米加,gen9,gym:合众地区:霍米加:6,霍米加,4,3,accelgor,Accelgor,5,5,tier3,theme-fill
gym:tier2:亚堤,none,gym:合众地区:亚堤:7,亚堤,1,1,leavanny,Leavanny,5,4,tier2,representative-near-tier
gym:tier2:亚堤,none,gym:合众地区:亚堤:7,亚堤,1,2,abomasnow,Abomasnow,5,5,tier3,theme-fill
gym:tier2:亚堤,none,gym:合众地区:亚堤:7,亚堤,1,3,accelgor,Accelgor,5,5,tier3,theme-fill
gym:tier2:亚堤,none,gym:合众地区:亚堤:7,亚堤,2,1,leavanny,Leavanny,5,4,tier2,representative-near-tier
gym:tier2:亚堤,none,gym:合众地区:亚堤:7,亚堤,2,2,abomasnow,Abomasnow,5,5,tier3,theme-fill
gym:tier2:亚堤,none,gym:合众地区:亚堤:7,亚堤,2,3,accelgor,Accelgor,5,5,tier3,theme-fill
gym:tier2:亚堤,none,gym:合众地区:亚堤:7,亚堤,3,1,leavanny,Leavanny,5,4,tier2,representative-near-tier
gym:tier2:亚堤,none,gym:合众地区:亚堤:7,亚堤,3,2,abomasnow,Abomasnow,5,5,tier3,theme-fill
gym:tier2:亚堤,none,gym:合众地区:亚堤:7,亚堤,3,3,accelgor,Accelgor,5,5,tier3,theme-fill
gym:tier2:亚堤,none,gym:合众地区:亚堤:7,亚堤,4,1,leavanny,Leavanny,5,4,tier2,representative-near-tier
gym:tier2:亚堤,none,gym:合众地区:亚堤:7,亚堤,4,2,abomasnow,Abomasnow,5,5,tier3,theme-fill
gym:tier2:亚堤,none,gym:合众地区:亚堤:7,亚堤,4,3,accelgor,Accelgor,5,5,tier3,theme-fill
gym:tier2:亚堤,gen7,gym:合众地区:亚堤:7,亚堤,1,1,leavanny,Leavanny,5,4,tier2,representative-near-tier
gym:tier2:亚堤,gen7,gym:合众地区:亚堤:7,亚堤,1,2,abomasnow,Abomasnow,5,5,tier3,theme-fill
gym:tier2:亚堤,gen7,gym:合众地区:亚堤:7,亚堤,1,3,accelgor,Accelgor,5,5,tier3,theme-fill
gym:tier2:亚堤,gen7,gym:合众地区:亚堤:7,亚堤,2,1,leavanny,Leavanny,5,4,tier2,representative-near-tier
gym:tier2:亚堤,gen7,gym:合众地区:亚堤:7,亚堤,2,2,abomasnow,Abomasnow,5,5,tier3,theme-fill
gym:tier2:亚堤,gen7,gym:合众地区:亚堤:7,亚堤,2,3,accelgor,Accelgor,5,5,tier3,theme-fill
gym:tier2:亚堤,gen7,gym:合众地区:亚堤:7,亚堤,3,1,leavanny,Leavanny,5,4,tier2,representative-near-tier
gym:tier2:亚堤,gen7,gym:合众地区:亚堤:7,亚堤,3,2,abomasnow,Abomasnow,5,5,tier3,theme-fill
gym:tier2:亚堤,gen7,gym:合众地区:亚堤:7,亚堤,3,3,accelgor,Accelgor,5,5,tier3,theme-fill
gym:tier2:亚堤,gen7,gym:合众地区:亚堤:7,亚堤,4,1,leavanny,Leavanny,5,4,tier2,representative-near-tier
gym:tier2:亚堤,gen7,gym:合众地区:亚堤:7,亚堤,4,2,abomasnow,Abomasnow,5,5,tier3,theme-fill
gym:tier2:亚堤,gen7,gym:合众地区:亚堤:7,亚堤,4,3,accelgor,Accelgor,5,5,tier3,theme-fill
gym:tier2:亚堤,gen8,gym:合众地区:亚堤:7,亚堤,1,1,leavanny,Leavanny,5,4,tier2,representative-near-tier
gym:tier2:亚堤,gen8,gym:合众地区:亚堤:7,亚堤,1,2,abomasnow,Abomasnow,5,5,tier3,theme-fill
gym:tier2:亚堤,gen8,gym:合众地区:亚堤:7,亚堤,1,3,centiskorch,Centiskorch,5,5,tier3,gmax-system-fill-theme
gym:tier2:亚堤,gen8,gym:合众地区:亚堤:7,亚堤,2,1,leavanny,Leavanny,5,4,tier2,representative-near-tier
gym:tier2:亚堤,gen8,gym:合众地区:亚堤:7,亚堤,2,2,abomasnow,Abomasnow,5,5,tier3,theme-fill
gym:tier2:亚堤,gen8,gym:合众地区:亚堤:7,亚堤,2,3,centiskorch,Centiskorch,5,5,tier3,gmax-system-fill-theme
gym:tier2:亚堤,gen8,gym:合众地区:亚堤:7,亚堤,3,1,leavanny,Leavanny,5,4,tier2,representative-near-tier
gym:tier2:亚堤,gen8,gym:合众地区:亚堤:7,亚堤,3,2,abomasnow,Abomasnow,5,5,tier3,theme-fill
gym:tier2:亚堤,gen8,gym:合众地区:亚堤:7,亚堤,3,3,centiskorch,Centiskorch,5,5,tier3,gmax-system-fill-theme
gym:tier2:亚堤,gen8,gym:合众地区:亚堤:7,亚堤,4,1,leavanny,Leavanny,5,4,tier2,representative-near-tier
gym:tier2:亚堤,gen8,gym:合众地区:亚堤:7,亚堤,4,2,abomasnow,Abomasnow,5,5,tier3,theme-fill
gym:tier2:亚堤,gen8,gym:合众地区:亚堤:7,亚堤,4,3,centiskorch,Centiskorch,5,5,tier3,gmax-system-fill-theme
gym:tier2:亚堤,gen9,gym:合众地区:亚堤:7,亚堤,1,1,leavanny,Leavanny,5,4,tier2,representative-near-tier
gym:tier2:亚堤,gen9,gym:合众地区:亚堤:7,亚堤,1,2,abomasnow,Abomasnow,5,5,tier3,theme-fill
gym:tier2:亚堤,gen9,gym:合众地区:亚堤:7,亚堤,1,3,accelgor,Accelgor,5,5,tier3,theme-fill
gym:tier2:亚堤,gen9,gym:合众地区:亚堤:7,亚堤,2,1,leavanny,Leavanny,5,4,tier2,representative-near-tier
gym:tier2:亚堤,gen9,gym:合众地区:亚堤:7,亚堤,2,2,abomasnow,Abomasnow,5,5,tier3,theme-fill
gym:tier2:亚堤,gen9,gym:合众地区:亚堤:7,亚堤,2,3,accelgor,Accelgor,5,5,tier3,theme-fill
gym:tier2:亚堤,gen9,gym:合众地区:亚堤:7,亚堤,3,1,leavanny,Leavanny,5,4,tier2,representative-near-tier
gym:tier2:亚堤,gen9,gym:合众地区:亚堤:7,亚堤,3,2,abomasnow,Abomasnow,5,5,tier3,theme-fill
gym:tier2:亚堤,gen9,gym:合众地区:亚堤:7,亚堤,3,3,accelgor,Accelgor,5,5,tier3,theme-fill
gym:tier2:亚堤,gen9,gym:合众地区:亚堤:7,亚堤,4,1,leavanny,Leavanny,5,4,tier2,representative-near-tier
gym:tier2:亚堤,gen9,gym:合众地区:亚堤:7,亚堤,4,2,abomasnow,Abomasnow,5,5,tier3,theme-fill
gym:tier2:亚堤,gen9,gym:合众地区:亚堤:7,亚堤,4,3,accelgor,Accelgor,5,5,tier3,theme-fill
gym:tier2:小菊儿,none,gym:合众地区:小菊儿:8,小菊儿,1,1,emolga,Emolga,4,4,tier2,representative-exact-tier
gym:tier2:小菊儿,none,gym:合众地区:小菊儿:8,小菊儿,1,2,zebstrika,Zebstrika,5,5,tier3,representative-exact-tier
gym:tier2:小菊儿,none,gym:合众地区:小菊儿:8,小菊儿,1,3,accelgor,Accelgor,5,5,tier3,theme-fill
gym:tier2:小菊儿,none,gym:合众地区:小菊儿:8,小菊儿,2,1,emolga,Emolga,4,4,tier2,representative-exact-tier
gym:tier2:小菊儿,none,gym:合众地区:小菊儿:8,小菊儿,2,2,zebstrika,Zebstrika,5,5,tier3,representative-exact-tier
gym:tier2:小菊儿,none,gym:合众地区:小菊儿:8,小菊儿,2,3,accelgor,Accelgor,5,5,tier3,theme-fill
gym:tier2:小菊儿,none,gym:合众地区:小菊儿:8,小菊儿,3,1,emolga,Emolga,4,4,tier2,representative-exact-tier
gym:tier2:小菊儿,none,gym:合众地区:小菊儿:8,小菊儿,3,2,zebstrika,Zebstrika,5,5,tier3,representative-exact-tier
gym:tier2:小菊儿,none,gym:合众地区:小菊儿:8,小菊儿,3,3,accelgor,Accelgor,5,5,tier3,theme-fill
gym:tier2:小菊儿,none,gym:合众地区:小菊儿:8,小菊儿,4,1,emolga,Emolga,4,4,tier2,representative-exact-tier
gym:tier2:小菊儿,none,gym:合众地区:小菊儿:8,小菊儿,4,2,zebstrika,Zebstrika,5,5,tier3,representative-exact-tier
gym:tier2:小菊儿,none,gym:合众地区:小菊儿:8,小菊儿,4,3,accelgor,Accelgor,5,5,tier3,theme-fill
gym:tier2:小菊儿,gen7,gym:合众地区:小菊儿:8,小菊儿,1,1,emolga,Emolga,4,4,tier2,representative-exact-tier
gym:tier2:小菊儿,gen7,gym:合众地区:小菊儿:8,小菊儿,1,2,zebstrika,Zebstrika,5,5,tier3,representative-exact-tier
gym:tier2:小菊儿,gen7,gym:合众地区:小菊儿:8,小菊儿,1,3,altaria,Altaria,5,5,tier3,mega-system-fill-theme
gym:tier2:小菊儿,gen7,gym:合众地区:小菊儿:8,小菊儿,2,1,emolga,Emolga,4,4,tier2,representative-exact-tier
gym:tier2:小菊儿,gen7,gym:合众地区:小菊儿:8,小菊儿,2,2,zebstrika,Zebstrika,5,5,tier3,representative-exact-tier
gym:tier2:小菊儿,gen7,gym:合众地区:小菊儿:8,小菊儿,2,3,altaria,Altaria,5,5,tier3,mega-system-fill-theme
gym:tier2:小菊儿,gen7,gym:合众地区:小菊儿:8,小菊儿,3,1,emolga,Emolga,4,4,tier2,representative-exact-tier
gym:tier2:小菊儿,gen7,gym:合众地区:小菊儿:8,小菊儿,3,2,zebstrika,Zebstrika,5,5,tier3,representative-exact-tier
gym:tier2:小菊儿,gen7,gym:合众地区:小菊儿:8,小菊儿,3,3,altaria,Altaria,5,5,tier3,mega-system-fill-theme
gym:tier2:小菊儿,gen7,gym:合众地区:小菊儿:8,小菊儿,4,1,emolga,Emolga,4,4,tier2,representative-exact-tier
gym:tier2:小菊儿,gen7,gym:合众地区:小菊儿:8,小菊儿,4,2,zebstrika,Zebstrika,5,5,tier3,representative-exact-tier
gym:tier2:小菊儿,gen7,gym:合众地区:小菊儿:8,小菊儿,4,3,altaria,Altaria,5,5,tier3,mega-system-fill-theme
gym:tier2:小菊儿,gen8,gym:合众地区:小菊儿:8,小菊儿,1,1,emolga,Emolga,4,4,tier2,representative-exact-tier
gym:tier2:小菊儿,gen8,gym:合众地区:小菊儿:8,小菊儿,1,2,zebstrika,Zebstrika,5,5,tier3,representative-exact-tier
gym:tier2:小菊儿,gen8,gym:合众地区:小菊儿:8,小菊儿,1,3,centiskorch,Centiskorch,5,5,tier3,gmax-system-fill-theme
gym:tier2:小菊儿,gen8,gym:合众地区:小菊儿:8,小菊儿,2,1,emolga,Emolga,4,4,tier2,representative-exact-tier
gym:tier2:小菊儿,gen8,gym:合众地区:小菊儿:8,小菊儿,2,2,zebstrika,Zebstrika,5,5,tier3,representative-exact-tier
gym:tier2:小菊儿,gen8,gym:合众地区:小菊儿:8,小菊儿,2,3,centiskorch,Centiskorch,5,5,tier3,gmax-system-fill-theme
gym:tier2:小菊儿,gen8,gym:合众地区:小菊儿:8,小菊儿,3,1,emolga,Emolga,4,4,tier2,representative-exact-tier
gym:tier2:小菊儿,gen8,gym:合众地区:小菊儿:8,小菊儿,3,2,zebstrika,Zebstrika,5,5,tier3,representative-exact-tier
gym:tier2:小菊儿,gen8,gym:合众地区:小菊儿:8,小菊儿,3,3,centiskorch,Centiskorch,5,5,tier3,gmax-system-fill-theme
gym:tier2:小菊儿,gen8,gym:合众地区:小菊儿:8,小菊儿,4,1,emolga,Emolga,4,4,tier2,representative-exact-tier
gym:tier2:小菊儿,gen8,gym:合众地区:小菊儿:8,小菊儿,4,2,zebstrika,Zebstrika,5,5,tier3,representative-exact-tier
gym:tier2:小菊儿,gen8,gym:合众地区:小菊儿:8,小菊儿,4,3,centiskorch,Centiskorch,5,5,tier3,gmax-system-fill-theme
gym:tier2:小菊儿,gen9,gym:合众地区:小菊儿:8,小菊儿,1,1,emolga,Emolga,4,4,tier2,representative-exact-tier
gym:tier2:小菊儿,gen9,gym:合众地区:小菊儿:8,小菊儿,1,2,zebstrika,Zebstrika,5,5,tier3,representative-exact-tier
gym:tier2:小菊儿,gen9,gym:合众地区:小菊儿:8,小菊儿,1,3,accelgor,Accelgor,5,5,tier3,theme-fill
gym:tier2:小菊儿,gen9,gym:合众地区:小菊儿:8,小菊儿,2,1,emolga,Emolga,4,4,tier2,representative-exact-tier
gym:tier2:小菊儿,gen9,gym:合众地区:小菊儿:8,小菊儿,2,2,zebstrika,Zebstrika,5,5,tier3,representative-exact-tier
gym:tier2:小菊儿,gen9,gym:合众地区:小菊儿:8,小菊儿,2,3,accelgor,Accelgor,5,5,tier3,theme-fill
gym:tier2:小菊儿,gen9,gym:合众地区:小菊儿:8,小菊儿,3,1,emolga,Emolga,4,4,tier2,representative-exact-tier
gym:tier2:小菊儿,gen9,gym:合众地区:小菊儿:8,小菊儿,3,2,zebstrika,Zebstrika,5,5,tier3,representative-exact-tier
gym:tier2:小菊儿,gen9,gym:合众地区:小菊儿:8,小菊儿,3,3,accelgor,Accelgor,5,5,tier3,theme-fill
gym:tier2:小菊儿,gen9,gym:合众地区:小菊儿:8,小菊儿,4,1,emolga,Emolga,4,4,tier2,representative-exact-tier
gym:tier2:小菊儿,gen9,gym:合众地区:小菊儿:8,小菊儿,4,2,zebstrika,Zebstrika,5,5,tier3,representative-exact-tier
gym:tier2:小菊儿,gen9,gym:合众地区:小菊儿:8,小菊儿,4,3,accelgor,Accelgor,5,5,tier3,theme-fill
gym:tier2:菊老大,none,gym:合众地区:菊老大:9,菊老大,1,1,sandslash,Sandslash,4,4,tier2,representative-exact-tier
gym:tier2:菊老大,none,gym:合众地区:菊老大:9,菊老大,1,2,excadrill,Excadrill,6,5,tier3,representative-near-tier
gym:tier2:菊老大,none,gym:合众地区:菊老大:9,菊老大,1,3,alomomola,Alomomola,5,5,tier3,theme-fill
gym:tier2:菊老大,none,gym:合众地区:菊老大:9,菊老大,2,1,sandslash,Sandslash,4,4,tier2,representative-exact-tier
gym:tier2:菊老大,none,gym:合众地区:菊老大:9,菊老大,2,2,excadrill,Excadrill,6,5,tier3,representative-near-tier
gym:tier2:菊老大,none,gym:合众地区:菊老大:9,菊老大,2,3,alomomola,Alomomola,5,5,tier3,theme-fill
gym:tier2:菊老大,none,gym:合众地区:菊老大:9,菊老大,3,1,sandslash,Sandslash,4,4,tier2,representative-exact-tier
gym:tier2:菊老大,none,gym:合众地区:菊老大:9,菊老大,3,2,excadrill,Excadrill,6,5,tier3,representative-near-tier
gym:tier2:菊老大,none,gym:合众地区:菊老大:9,菊老大,3,3,alomomola,Alomomola,5,5,tier3,theme-fill
gym:tier2:菊老大,none,gym:合众地区:菊老大:9,菊老大,4,1,sandslash,Sandslash,4,4,tier2,representative-exact-tier
gym:tier2:菊老大,none,gym:合众地区:菊老大:9,菊老大,4,2,excadrill,Excadrill,6,5,tier3,representative-near-tier
gym:tier2:菊老大,none,gym:合众地区:菊老大:9,菊老大,4,3,alomomola,Alomomola,5,5,tier3,theme-fill
gym:tier2:菊老大,gen7,gym:合众地区:菊老大:9,菊老大,1,1,sandslash,Sandslash,4,4,tier2,representative-exact-tier
gym:tier2:菊老大,gen7,gym:合众地区:菊老大:9,菊老大,1,2,excadrill,Excadrill,6,5,tier3,representative-near-tier
gym:tier2:菊老大,gen7,gym:合众地区:菊老大:9,菊老大,1,3,houndoom,Houndoom,5,5,tier3,mega-system-fill-theme
gym:tier2:菊老大,gen7,gym:合众地区:菊老大:9,菊老大,2,1,sandslash,Sandslash,4,4,tier2,representative-exact-tier
gym:tier2:菊老大,gen7,gym:合众地区:菊老大:9,菊老大,2,2,excadrill,Excadrill,6,5,tier3,representative-near-tier
gym:tier2:菊老大,gen7,gym:合众地区:菊老大:9,菊老大,2,3,houndoom,Houndoom,5,5,tier3,mega-system-fill-theme
gym:tier2:菊老大,gen7,gym:合众地区:菊老大:9,菊老大,3,1,sandslash,Sandslash,4,4,tier2,representative-exact-tier
gym:tier2:菊老大,gen7,gym:合众地区:菊老大:9,菊老大,3,2,excadrill,Excadrill,6,5,tier3,representative-near-tier
gym:tier2:菊老大,gen7,gym:合众地区:菊老大:9,菊老大,3,3,houndoom,Houndoom,5,5,tier3,mega-system-fill-theme
gym:tier2:菊老大,gen7,gym:合众地区:菊老大:9,菊老大,4,1,sandslash,Sandslash,4,4,tier2,representative-exact-tier
gym:tier2:菊老大,gen7,gym:合众地区:菊老大:9,菊老大,4,2,excadrill,Excadrill,6,5,tier3,representative-near-tier
gym:tier2:菊老大,gen7,gym:合众地区:菊老大:9,菊老大,4,3,houndoom,Houndoom,5,5,tier3,mega-system-fill-theme
gym:tier2:菊老大,gen8,gym:合众地区:菊老大:9,菊老大,1,1,sandslash,Sandslash,4,4,tier2,representative-exact-tier
gym:tier2:菊老大,gen8,gym:合众地区:菊老大:9,菊老大,1,2,excadrill,Excadrill,6,5,tier3,representative-near-tier
gym:tier2:菊老大,gen8,gym:合众地区:菊老大:9,菊老大,1,3,coalossal,Coalossal,5,5,tier3,gmax-system-fill-theme
gym:tier2:菊老大,gen8,gym:合众地区:菊老大:9,菊老大,2,1,sandslash,Sandslash,4,4,tier2,representative-exact-tier
gym:tier2:菊老大,gen8,gym:合众地区:菊老大:9,菊老大,2,2,excadrill,Excadrill,6,5,tier3,representative-near-tier
gym:tier2:菊老大,gen8,gym:合众地区:菊老大:9,菊老大,2,3,coalossal,Coalossal,5,5,tier3,gmax-system-fill-theme
gym:tier2:菊老大,gen8,gym:合众地区:菊老大:9,菊老大,3,1,sandslash,Sandslash,4,4,tier2,representative-exact-tier
gym:tier2:菊老大,gen8,gym:合众地区:菊老大:9,菊老大,3,2,excadrill,Excadrill,6,5,tier3,representative-near-tier
gym:tier2:菊老大,gen8,gym:合众地区:菊老大:9,菊老大,3,3,coalossal,Coalossal,5,5,tier3,gmax-system-fill-theme
gym:tier2:菊老大,gen8,gym:合众地区:菊老大:9,菊老大,4,1,sandslash,Sandslash,4,4,tier2,representative-exact-tier
gym:tier2:菊老大,gen8,gym:合众地区:菊老大:9,菊老大,4,2,excadrill,Excadrill,6,5,tier3,representative-near-tier
gym:tier2:菊老大,gen8,gym:合众地区:菊老大:9,菊老大,4,3,coalossal,Coalossal,5,5,tier3,gmax-system-fill-theme
gym:tier2:菊老大,gen9,gym:合众地区:菊老大:9,菊老大,1,1,sandslash,Sandslash,4,4,tier2,representative-exact-tier
gym:tier2:菊老大,gen9,gym:合众地区:菊老大:9,菊老大,1,2,excadrill,Excadrill,6,5,tier3,representative-near-tier
gym:tier2:菊老大,gen9,gym:合众地区:菊老大:9,菊老大,1,3,alomomola,Alomomola,5,5,tier3,theme-fill
gym:tier2:菊老大,gen9,gym:合众地区:菊老大:9,菊老大,2,1,sandslash,Sandslash,4,4,tier2,representative-exact-tier
gym:tier2:菊老大,gen9,gym:合众地区:菊老大:9,菊老大,2,2,excadrill,Excadrill,6,5,tier3,representative-near-tier
gym:tier2:菊老大,gen9,gym:合众地区:菊老大:9,菊老大,2,3,alomomola,Alomomola,5,5,tier3,theme-fill
gym:tier2:菊老大,gen9,gym:合众地区:菊老大:9,菊老大,3,1,sandslash,Sandslash,4,4,tier2,representative-exact-tier
gym:tier2:菊老大,gen9,gym:合众地区:菊老大:9,菊老大,3,2,excadrill,Excadrill,6,5,tier3,representative-near-tier
gym:tier2:菊老大,gen9,gym:合众地区:菊老大:9,菊老大,3,3,alomomola,Alomomola,5,5,tier3,theme-fill
gym:tier2:菊老大,gen9,gym:合众地区:菊老大:9,菊老大,4,1,sandslash,Sandslash,4,4,tier2,representative-exact-tier
gym:tier2:菊老大,gen9,gym:合众地区:菊老大:9,菊老大,4,2,excadrill,Excadrill,6,5,tier3,representative-near-tier
gym:tier2:菊老大,gen9,gym:合众地区:菊老大:9,菊老大,4,3,alomomola,Alomomola,5,5,tier3,theme-fill
gym:tier2:风露,none,gym:合众地区:风露:10,风露,1,1,swoobat,Swoobat,4,4,tier2,representative-exact-tier
gym:tier2:风露,none,gym:合众地区:风露:10,风露,1,2,swanna,Swanna,5,5,tier3,representative-exact-tier
gym:tier2:风露,none,gym:合众地区:风露:10,风露,1,3,unfezant,Unfezant,5,5,tier3,representative-exact-tier
gym:tier2:风露,none,gym:合众地区:风露:10,风露,2,1,swoobat,Swoobat,4,4,tier2,representative-exact-tier
gym:tier2:风露,none,gym:合众地区:风露:10,风露,2,2,swanna,Swanna,5,5,tier3,representative-exact-tier
gym:tier2:风露,none,gym:合众地区:风露:10,风露,2,3,unfezant,Unfezant,5,5,tier3,representative-exact-tier
gym:tier2:风露,none,gym:合众地区:风露:10,风露,3,1,swoobat,Swoobat,4,4,tier2,representative-exact-tier
gym:tier2:风露,none,gym:合众地区:风露:10,风露,3,2,swanna,Swanna,5,5,tier3,representative-exact-tier
gym:tier2:风露,none,gym:合众地区:风露:10,风露,3,3,unfezant,Unfezant,5,5,tier3,representative-exact-tier
gym:tier2:风露,none,gym:合众地区:风露:10,风露,4,1,swoobat,Swoobat,4,4,tier2,representative-exact-tier
gym:tier2:风露,none,gym:合众地区:风露:10,风露,4,2,swanna,Swanna,5,5,tier3,representative-exact-tier
gym:tier2:风露,none,gym:合众地区:风露:10,风露,4,3,unfezant,Unfezant,5,5,tier3,representative-exact-tier
gym:tier2:风露,gen7,gym:合众地区:风露:10,风露,1,1,swoobat,Swoobat,4,4,tier2,representative-exact-tier
gym:tier2:风露,gen7,gym:合众地区:风露:10,风露,1,2,swanna,Swanna,5,5,tier3,representative-exact-tier
gym:tier2:风露,gen7,gym:合众地区:风露:10,风露,1,3,altaria,Altaria,5,5,tier3,mega-system-fill-theme
gym:tier2:风露,gen7,gym:合众地区:风露:10,风露,2,1,swoobat,Swoobat,4,4,tier2,representative-exact-tier
gym:tier2:风露,gen7,gym:合众地区:风露:10,风露,2,2,swanna,Swanna,5,5,tier3,representative-exact-tier
gym:tier2:风露,gen7,gym:合众地区:风露:10,风露,2,3,altaria,Altaria,5,5,tier3,mega-system-fill-theme
gym:tier2:风露,gen7,gym:合众地区:风露:10,风露,3,1,swoobat,Swoobat,4,4,tier2,representative-exact-tier
gym:tier2:风露,gen7,gym:合众地区:风露:10,风露,3,2,swanna,Swanna,5,5,tier3,representative-exact-tier
gym:tier2:风露,gen7,gym:合众地区:风露:10,风露,3,3,altaria,Altaria,5,5,tier3,mega-system-fill-theme
gym:tier2:风露,gen7,gym:合众地区:风露:10,风露,4,1,swoobat,Swoobat,4,4,tier2,representative-exact-tier
gym:tier2:风露,gen7,gym:合众地区:风露:10,风露,4,2,swanna,Swanna,5,5,tier3,representative-exact-tier
gym:tier2:风露,gen7,gym:合众地区:风露:10,风露,4,3,altaria,Altaria,5,5,tier3,mega-system-fill-theme
gym:tier2:风露,gen8,gym:合众地区:风露:10,风露,1,1,swoobat,Swoobat,4,4,tier2,representative-exact-tier
gym:tier2:风露,gen8,gym:合众地区:风露:10,风露,1,2,swanna,Swanna,5,5,tier3,representative-exact-tier
gym:tier2:风露,gen8,gym:合众地区:风露:10,风露,1,3,hatterene,Hatterene,5,5,tier3,gmax-system-fill-theme
gym:tier2:风露,gen8,gym:合众地区:风露:10,风露,2,1,swoobat,Swoobat,4,4,tier2,representative-exact-tier
gym:tier2:风露,gen8,gym:合众地区:风露:10,风露,2,2,swanna,Swanna,5,5,tier3,representative-exact-tier
gym:tier2:风露,gen8,gym:合众地区:风露:10,风露,2,3,hatterene,Hatterene,5,5,tier3,gmax-system-fill-theme
gym:tier2:风露,gen8,gym:合众地区:风露:10,风露,3,1,swoobat,Swoobat,4,4,tier2,representative-exact-tier
gym:tier2:风露,gen8,gym:合众地区:风露:10,风露,3,2,swanna,Swanna,5,5,tier3,representative-exact-tier
gym:tier2:风露,gen8,gym:合众地区:风露:10,风露,3,3,hatterene,Hatterene,5,5,tier3,gmax-system-fill-theme
gym:tier2:风露,gen8,gym:合众地区:风露:10,风露,4,1,swoobat,Swoobat,4,4,tier2,representative-exact-tier
gym:tier2:风露,gen8,gym:合众地区:风露:10,风露,4,2,swanna,Swanna,5,5,tier3,representative-exact-tier
gym:tier2:风露,gen8,gym:合众地区:风露:10,风露,4,3,hatterene,Hatterene,5,5,tier3,gmax-system-fill-theme
gym:tier2:风露,gen9,gym:合众地区:风露:10,风露,1,1,swoobat,Swoobat,4,4,tier2,representative-exact-tier
gym:tier2:风露,gen9,gym:合众地区:风露:10,风露,1,2,swanna,Swanna,5,5,tier3,representative-exact-tier
gym:tier2:风露,gen9,gym:合众地区:风露:10,风露,1,3,unfezant,Unfezant,5,5,tier3,representative-exact-tier
gym:tier2:风露,gen9,gym:合众地区:风露:10,风露,2,1,swoobat,Swoobat,4,4,tier2,representative-exact-tier
gym:tier2:风露,gen9,gym:合众地区:风露:10,风露,2,2,swanna,Swanna,5,5,tier3,representative-exact-tier
gym:tier2:风露,gen9,gym:合众地区:风露:10,风露,2,3,unfezant,Unfezant,5,5,tier3,representative-exact-tier
gym:tier2:风露,gen9,gym:合众地区:风露:10,风露,3,1,swoobat,Swoobat,4,4,tier2,representative-exact-tier
gym:tier2:风露,gen9,gym:合众地区:风露:10,风露,3,2,swanna,Swanna,5,5,tier3,representative-exact-tier
gym:tier2:风露,gen9,gym:合众地区:风露:10,风露,3,3,unfezant,Unfezant,5,5,tier3,representative-exact-tier
gym:tier2:风露,gen9,gym:合众地区:风露:10,风露,4,1,swoobat,Swoobat,4,4,tier2,representative-exact-tier
gym:tier2:风露,gen9,gym:合众地区:风露:10,风露,4,2,swanna,Swanna,5,5,tier3,representative-exact-tier
gym:tier2:风露,gen9,gym:合众地区:风露:10,风露,4,3,unfezant,Unfezant,5,5,tier3,representative-exact-tier
gym:tier3:哈奇库,none,gym:合众地区:哈奇库:11,哈奇库,1,1,beartic,Beartic,5,5,tier3,representative-exact-tier
gym:tier3:哈奇库,none,gym:合众地区:哈奇库:11,哈奇库,1,2,cryogonal,Cryogonal,6,5,tier4,representative-near-tier
gym:tier3:哈奇库,none,gym:合众地区:哈奇库:11,哈奇库,1,3,aurorus,Aurorus,6,6,tier4,theme-fill
gym:tier3:哈奇库,none,gym:合众地区:哈奇库:11,哈奇库,2,1,beartic,Beartic,5,5,tier3,representative-exact-tier
gym:tier3:哈奇库,none,gym:合众地区:哈奇库:11,哈奇库,2,2,cryogonal,Cryogonal,6,5,tier4,representative-near-tier
gym:tier3:哈奇库,none,gym:合众地区:哈奇库:11,哈奇库,2,3,aurorus,Aurorus,6,6,tier4,theme-fill
gym:tier3:哈奇库,none,gym:合众地区:哈奇库:11,哈奇库,3,1,beartic,Beartic,5,5,tier3,representative-exact-tier
gym:tier3:哈奇库,none,gym:合众地区:哈奇库:11,哈奇库,3,2,cryogonal,Cryogonal,6,5,tier4,representative-near-tier
gym:tier3:哈奇库,none,gym:合众地区:哈奇库:11,哈奇库,3,3,aurorus,Aurorus,6,6,tier4,theme-fill
gym:tier3:哈奇库,none,gym:合众地区:哈奇库:11,哈奇库,4,1,beartic,Beartic,5,5,tier3,representative-exact-tier
gym:tier3:哈奇库,none,gym:合众地区:哈奇库:11,哈奇库,4,2,cryogonal,Cryogonal,6,5,tier4,representative-near-tier
gym:tier3:哈奇库,none,gym:合众地区:哈奇库:11,哈奇库,4,3,aurorus,Aurorus,6,6,tier4,theme-fill
gym:tier3:哈奇库,gen7,gym:合众地区:哈奇库:11,哈奇库,1,1,beartic,Beartic,5,5,tier3,representative-exact-tier
gym:tier3:哈奇库,gen7,gym:合众地区:哈奇库:11,哈奇库,1,2,cryogonal,Cryogonal,6,5,tier4,representative-near-tier
gym:tier3:哈奇库,gen7,gym:合众地区:哈奇库:11,哈奇库,1,3,steelix,Steelix,6,6,tier4,mega-system-fill
gym:tier3:哈奇库,gen7,gym:合众地区:哈奇库:11,哈奇库,2,1,beartic,Beartic,5,5,tier3,representative-exact-tier
gym:tier3:哈奇库,gen7,gym:合众地区:哈奇库:11,哈奇库,2,2,cryogonal,Cryogonal,6,5,tier4,representative-near-tier
gym:tier3:哈奇库,gen7,gym:合众地区:哈奇库:11,哈奇库,2,3,aggron,Aggron,6,6,tier4,mega-system-fill
gym:tier3:哈奇库,gen7,gym:合众地区:哈奇库:11,哈奇库,3,1,beartic,Beartic,5,5,tier3,representative-exact-tier
gym:tier3:哈奇库,gen7,gym:合众地区:哈奇库:11,哈奇库,3,2,cryogonal,Cryogonal,6,5,tier4,representative-near-tier
gym:tier3:哈奇库,gen7,gym:合众地区:哈奇库:11,哈奇库,3,3,tyranitar,Tyranitar,6,6,tier4,mega-system-fill
gym:tier3:哈奇库,gen7,gym:合众地区:哈奇库:11,哈奇库,4,1,beartic,Beartic,5,5,tier3,representative-exact-tier
gym:tier3:哈奇库,gen7,gym:合众地区:哈奇库:11,哈奇库,4,2,cryogonal,Cryogonal,6,5,tier4,representative-near-tier
gym:tier3:哈奇库,gen7,gym:合众地区:哈奇库:11,哈奇库,4,3,aggron,Aggron,6,6,tier4,mega-system-fill
gym:tier3:哈奇库,gen8,gym:合众地区:哈奇库:11,哈奇库,1,1,beartic,Beartic,5,5,tier3,representative-exact-tier
gym:tier3:哈奇库,gen8,gym:合众地区:哈奇库:11,哈奇库,1,2,cryogonal,Cryogonal,6,5,tier4,representative-near-tier
gym:tier3:哈奇库,gen8,gym:合众地区:哈奇库:11,哈奇库,1,3,lapras,Lapras,6,6,tier4,gmax-system-fill-theme
gym:tier3:哈奇库,gen8,gym:合众地区:哈奇库:11,哈奇库,2,1,beartic,Beartic,5,5,tier3,representative-exact-tier
gym:tier3:哈奇库,gen8,gym:合众地区:哈奇库:11,哈奇库,2,2,cryogonal,Cryogonal,6,5,tier4,representative-near-tier
gym:tier3:哈奇库,gen8,gym:合众地区:哈奇库:11,哈奇库,2,3,lapras,Lapras,6,6,tier4,gmax-system-fill-theme
gym:tier3:哈奇库,gen8,gym:合众地区:哈奇库:11,哈奇库,3,1,beartic,Beartic,5,5,tier3,representative-exact-tier
gym:tier3:哈奇库,gen8,gym:合众地区:哈奇库:11,哈奇库,3,2,cryogonal,Cryogonal,6,5,tier4,representative-near-tier
gym:tier3:哈奇库,gen8,gym:合众地区:哈奇库:11,哈奇库,3,3,lapras,Lapras,6,6,tier4,gmax-system-fill-theme
gym:tier3:哈奇库,gen8,gym:合众地区:哈奇库:11,哈奇库,4,1,beartic,Beartic,5,5,tier3,representative-exact-tier
gym:tier3:哈奇库,gen8,gym:合众地区:哈奇库:11,哈奇库,4,2,cryogonal,Cryogonal,6,5,tier4,representative-near-tier
gym:tier3:哈奇库,gen8,gym:合众地区:哈奇库:11,哈奇库,4,3,lapras,Lapras,6,6,tier4,gmax-system-fill-theme
gym:tier3:哈奇库,gen9,gym:合众地区:哈奇库:11,哈奇库,1,1,beartic,Beartic,5,5,tier3,representative-exact-tier
gym:tier3:哈奇库,gen9,gym:合众地区:哈奇库:11,哈奇库,1,2,cryogonal,Cryogonal,6,5,tier4,representative-near-tier
gym:tier3:哈奇库,gen9,gym:合众地区:哈奇库:11,哈奇库,1,3,aurorus,Aurorus,6,6,tier4,theme-fill
gym:tier3:哈奇库,gen9,gym:合众地区:哈奇库:11,哈奇库,2,1,beartic,Beartic,5,5,tier3,representative-exact-tier
gym:tier3:哈奇库,gen9,gym:合众地区:哈奇库:11,哈奇库,2,2,cryogonal,Cryogonal,6,5,tier4,representative-near-tier
gym:tier3:哈奇库,gen9,gym:合众地区:哈奇库:11,哈奇库,2,3,aurorus,Aurorus,6,6,tier4,theme-fill
gym:tier3:哈奇库,gen9,gym:合众地区:哈奇库:11,哈奇库,3,1,beartic,Beartic,5,5,tier3,representative-exact-tier
gym:tier3:哈奇库,gen9,gym:合众地区:哈奇库:11,哈奇库,3,2,cryogonal,Cryogonal,6,5,tier4,representative-near-tier
gym:tier3:哈奇库,gen9,gym:合众地区:哈奇库:11,哈奇库,3,3,aurorus,Aurorus,6,6,tier4,theme-fill
gym:tier3:哈奇库,gen9,gym:合众地区:哈奇库:11,哈奇库,4,1,beartic,Beartic,5,5,tier3,representative-exact-tier
gym:tier3:哈奇库,gen9,gym:合众地区:哈奇库:11,哈奇库,4,2,cryogonal,Cryogonal,6,5,tier4,representative-near-tier
gym:tier3:哈奇库,gen9,gym:合众地区:哈奇库:11,哈奇库,4,3,aurorus,Aurorus,6,6,tier4,theme-fill
gym:tier3:夏卡,none,gym:合众地区:夏卡:12,夏卡,1,1,druddigon,Druddigon,5,5,tier3,representative-exact-tier
gym:tier3:夏卡,none,gym:合众地区:夏卡:12,夏卡,1,2,altaria,Altaria,5,5,tier4,representative-exact-tier
gym:tier3:夏卡,none,gym:合众地区:夏卡:12,夏卡,1,3,haxorus,Haxorus,6,6,tier4,representative-exact-tier
gym:tier3:夏卡,none,gym:合众地区:夏卡:12,夏卡,2,1,druddigon,Druddigon,5,5,tier3,representative-exact-tier
gym:tier3:夏卡,none,gym:合众地区:夏卡:12,夏卡,2,2,altaria,Altaria,5,5,tier4,representative-exact-tier
gym:tier3:夏卡,none,gym:合众地区:夏卡:12,夏卡,2,3,haxorus,Haxorus,6,6,tier4,representative-exact-tier
gym:tier3:夏卡,none,gym:合众地区:夏卡:12,夏卡,3,1,druddigon,Druddigon,5,5,tier3,representative-exact-tier
gym:tier3:夏卡,none,gym:合众地区:夏卡:12,夏卡,3,2,altaria,Altaria,5,5,tier4,representative-exact-tier
gym:tier3:夏卡,none,gym:合众地区:夏卡:12,夏卡,3,3,haxorus,Haxorus,6,6,tier4,representative-exact-tier
gym:tier3:夏卡,none,gym:合众地区:夏卡:12,夏卡,4,1,druddigon,Druddigon,5,5,tier3,representative-exact-tier
gym:tier3:夏卡,none,gym:合众地区:夏卡:12,夏卡,4,2,altaria,Altaria,5,5,tier4,representative-exact-tier
gym:tier3:夏卡,none,gym:合众地区:夏卡:12,夏卡,4,3,haxorus,Haxorus,6,6,tier4,representative-exact-tier
gym:tier3:夏卡,gen7,gym:合众地区:夏卡:12,夏卡,1,1,druddigon,Druddigon,5,5,tier3,representative-exact-tier
gym:tier3:夏卡,gen7,gym:合众地区:夏卡:12,夏卡,1,2,altaria,Altaria,5,5,tier4,representative-exact-tier
gym:tier3:夏卡,gen7,gym:合众地区:夏卡:12,夏卡,1,3,haxorus,Haxorus,6,6,tier4,representative-exact-tier
gym:tier3:夏卡,gen7,gym:合众地区:夏卡:12,夏卡,2,1,druddigon,Druddigon,5,5,tier3,representative-exact-tier
gym:tier3:夏卡,gen7,gym:合众地区:夏卡:12,夏卡,2,2,altaria,Altaria,5,5,tier4,representative-exact-tier
gym:tier3:夏卡,gen7,gym:合众地区:夏卡:12,夏卡,2,3,haxorus,Haxorus,6,6,tier4,representative-exact-tier
gym:tier3:夏卡,gen7,gym:合众地区:夏卡:12,夏卡,3,1,druddigon,Druddigon,5,5,tier3,representative-exact-tier
gym:tier3:夏卡,gen7,gym:合众地区:夏卡:12,夏卡,3,2,altaria,Altaria,5,5,tier4,representative-exact-tier
gym:tier3:夏卡,gen7,gym:合众地区:夏卡:12,夏卡,3,3,haxorus,Haxorus,6,6,tier4,representative-exact-tier
gym:tier3:夏卡,gen7,gym:合众地区:夏卡:12,夏卡,4,1,druddigon,Druddigon,5,5,tier3,representative-exact-tier
gym:tier3:夏卡,gen7,gym:合众地区:夏卡:12,夏卡,4,2,altaria,Altaria,5,5,tier4,representative-exact-tier
gym:tier3:夏卡,gen7,gym:合众地区:夏卡:12,夏卡,4,3,haxorus,Haxorus,6,6,tier4,representative-exact-tier
gym:tier3:夏卡,gen8,gym:合众地区:夏卡:12,夏卡,1,1,druddigon,Druddigon,5,5,tier3,representative-exact-tier
gym:tier3:夏卡,gen8,gym:合众地区:夏卡:12,夏卡,1,2,altaria,Altaria,5,5,tier4,representative-exact-tier
gym:tier3:夏卡,gen8,gym:合众地区:夏卡:12,夏卡,1,3,charizard,Charizard,6,6,tier4,gmax-system-fill-theme
gym:tier3:夏卡,gen8,gym:合众地区:夏卡:12,夏卡,2,1,druddigon,Druddigon,5,5,tier3,representative-exact-tier
gym:tier3:夏卡,gen8,gym:合众地区:夏卡:12,夏卡,2,2,altaria,Altaria,5,5,tier4,representative-exact-tier
gym:tier3:夏卡,gen8,gym:合众地区:夏卡:12,夏卡,2,3,charizard,Charizard,6,6,tier4,gmax-system-fill-theme
gym:tier3:夏卡,gen8,gym:合众地区:夏卡:12,夏卡,3,1,druddigon,Druddigon,5,5,tier3,representative-exact-tier
gym:tier3:夏卡,gen8,gym:合众地区:夏卡:12,夏卡,3,2,altaria,Altaria,5,5,tier4,representative-exact-tier
gym:tier3:夏卡,gen8,gym:合众地区:夏卡:12,夏卡,3,3,charizard,Charizard,6,6,tier4,gmax-system-fill-theme
gym:tier3:夏卡,gen8,gym:合众地区:夏卡:12,夏卡,4,1,druddigon,Druddigon,5,5,tier3,representative-exact-tier
gym:tier3:夏卡,gen8,gym:合众地区:夏卡:12,夏卡,4,2,altaria,Altaria,5,5,tier4,representative-exact-tier
gym:tier3:夏卡,gen8,gym:合众地区:夏卡:12,夏卡,4,3,charizard,Charizard,6,6,tier4,gmax-system-fill-theme
gym:tier3:夏卡,gen9,gym:合众地区:夏卡:12,夏卡,1,1,druddigon,Druddigon,5,5,tier3,representative-exact-tier
gym:tier3:夏卡,gen9,gym:合众地区:夏卡:12,夏卡,1,2,altaria,Altaria,5,5,tier4,representative-exact-tier
gym:tier3:夏卡,gen9,gym:合众地区:夏卡:12,夏卡,1,3,haxorus,Haxorus,6,6,tier4,representative-exact-tier
gym:tier3:夏卡,gen9,gym:合众地区:夏卡:12,夏卡,2,1,druddigon,Druddigon,5,5,tier3,representative-exact-tier
gym:tier3:夏卡,gen9,gym:合众地区:夏卡:12,夏卡,2,2,altaria,Altaria,5,5,tier4,representative-exact-tier
gym:tier3:夏卡,gen9,gym:合众地区:夏卡:12,夏卡,2,3,haxorus,Haxorus,6,6,tier4,representative-exact-tier
gym:tier3:夏卡,gen9,gym:合众地区:夏卡:12,夏卡,3,1,druddigon,Druddigon,5,5,tier3,representative-exact-tier
gym:tier3:夏卡,gen9,gym:合众地区:夏卡:12,夏卡,3,2,altaria,Altaria,5,5,tier4,representative-exact-tier
gym:tier3:夏卡,gen9,gym:合众地区:夏卡:12,夏卡,3,3,haxorus,Haxorus,6,6,tier4,representative-exact-tier
gym:tier3:夏卡,gen9,gym:合众地区:夏卡:12,夏卡,4,1,druddigon,Druddigon,5,5,tier3,representative-exact-tier
gym:tier3:夏卡,gen9,gym:合众地区:夏卡:12,夏卡,4,2,altaria,Altaria,5,5,tier4,representative-exact-tier
gym:tier3:夏卡,gen9,gym:合众地区:夏卡:12,夏卡,4,3,haxorus,Haxorus,6,6,tier4,representative-exact-tier
gym:tier3:艾莉丝,none,gym:合众地区:艾莉丝:13,艾莉丝,1,1,druddigon,Druddigon,5,5,tier3,representative-exact-tier
gym:tier3:艾莉丝,none,gym:合众地区:艾莉丝:13,艾莉丝,1,2,haxorus,Haxorus,6,5,tier4,representative-near-tier
gym:tier3:艾莉丝,none,gym:合众地区:艾莉丝:13,艾莉丝,1,3,hydreigon,Hydreigon,6,6,tier4,representative-exact-tier
gym:tier3:艾莉丝,none,gym:合众地区:艾莉丝:13,艾莉丝,2,1,druddigon,Druddigon,5,5,tier3,representative-exact-tier
gym:tier3:艾莉丝,none,gym:合众地区:艾莉丝:13,艾莉丝,2,2,haxorus,Haxorus,6,5,tier4,representative-near-tier
gym:tier3:艾莉丝,none,gym:合众地区:艾莉丝:13,艾莉丝,2,3,hydreigon,Hydreigon,6,6,tier4,representative-exact-tier
gym:tier3:艾莉丝,none,gym:合众地区:艾莉丝:13,艾莉丝,3,1,druddigon,Druddigon,5,5,tier3,representative-exact-tier
gym:tier3:艾莉丝,none,gym:合众地区:艾莉丝:13,艾莉丝,3,2,haxorus,Haxorus,6,5,tier4,representative-near-tier
gym:tier3:艾莉丝,none,gym:合众地区:艾莉丝:13,艾莉丝,3,3,hydreigon,Hydreigon,6,6,tier4,representative-exact-tier
gym:tier3:艾莉丝,none,gym:合众地区:艾莉丝:13,艾莉丝,4,1,druddigon,Druddigon,5,5,tier3,representative-exact-tier
gym:tier3:艾莉丝,none,gym:合众地区:艾莉丝:13,艾莉丝,4,2,haxorus,Haxorus,6,5,tier4,representative-near-tier
gym:tier3:艾莉丝,none,gym:合众地区:艾莉丝:13,艾莉丝,4,3,hydreigon,Hydreigon,6,6,tier4,representative-exact-tier
gym:tier3:艾莉丝,gen7,gym:合众地区:艾莉丝:13,艾莉丝,1,1,druddigon,Druddigon,5,5,tier3,representative-exact-tier
gym:tier3:艾莉丝,gen7,gym:合众地区:艾莉丝:13,艾莉丝,1,2,haxorus,Haxorus,6,5,tier4,representative-near-tier
gym:tier3:艾莉丝,gen7,gym:合众地区:艾莉丝:13,艾莉丝,1,3,aerodactyl,Aerodactyl,6,6,tier4,mega-system-fill-theme
gym:tier3:艾莉丝,gen7,gym:合众地区:艾莉丝:13,艾莉丝,2,1,druddigon,Druddigon,5,5,tier3,representative-exact-tier
gym:tier3:艾莉丝,gen7,gym:合众地区:艾莉丝:13,艾莉丝,2,2,haxorus,Haxorus,6,5,tier4,representative-near-tier
gym:tier3:艾莉丝,gen7,gym:合众地区:艾莉丝:13,艾莉丝,2,3,aerodactyl,Aerodactyl,6,6,tier4,mega-system-fill-theme
gym:tier3:艾莉丝,gen7,gym:合众地区:艾莉丝:13,艾莉丝,3,1,druddigon,Druddigon,5,5,tier3,representative-exact-tier
gym:tier3:艾莉丝,gen7,gym:合众地区:艾莉丝:13,艾莉丝,3,2,haxorus,Haxorus,6,5,tier4,representative-near-tier
gym:tier3:艾莉丝,gen7,gym:合众地区:艾莉丝:13,艾莉丝,3,3,aerodactyl,Aerodactyl,6,6,tier4,mega-system-fill-theme
gym:tier3:艾莉丝,gen7,gym:合众地区:艾莉丝:13,艾莉丝,4,1,druddigon,Druddigon,5,5,tier3,representative-exact-tier
gym:tier3:艾莉丝,gen7,gym:合众地区:艾莉丝:13,艾莉丝,4,2,haxorus,Haxorus,6,5,tier4,representative-near-tier
gym:tier3:艾莉丝,gen7,gym:合众地区:艾莉丝:13,艾莉丝,4,3,aerodactyl,Aerodactyl,6,6,tier4,mega-system-fill-theme
gym:tier3:艾莉丝,gen8,gym:合众地区:艾莉丝:13,艾莉丝,1,1,druddigon,Druddigon,5,5,tier3,representative-exact-tier
gym:tier3:艾莉丝,gen8,gym:合众地区:艾莉丝:13,艾莉丝,1,2,haxorus,Haxorus,6,5,tier4,representative-near-tier
gym:tier3:艾莉丝,gen8,gym:合众地区:艾莉丝:13,艾莉丝,1,3,blastoise,Blastoise,6,6,tier4,gmax-system-fill-theme
gym:tier3:艾莉丝,gen8,gym:合众地区:艾莉丝:13,艾莉丝,2,1,druddigon,Druddigon,5,5,tier3,representative-exact-tier
gym:tier3:艾莉丝,gen8,gym:合众地区:艾莉丝:13,艾莉丝,2,2,haxorus,Haxorus,6,5,tier4,representative-near-tier
gym:tier3:艾莉丝,gen8,gym:合众地区:艾莉丝:13,艾莉丝,2,3,blastoise,Blastoise,6,6,tier4,gmax-system-fill-theme
gym:tier3:艾莉丝,gen8,gym:合众地区:艾莉丝:13,艾莉丝,3,1,druddigon,Druddigon,5,5,tier3,representative-exact-tier
gym:tier3:艾莉丝,gen8,gym:合众地区:艾莉丝:13,艾莉丝,3,2,haxorus,Haxorus,6,5,tier4,representative-near-tier
gym:tier3:艾莉丝,gen8,gym:合众地区:艾莉丝:13,艾莉丝,3,3,blastoise,Blastoise,6,6,tier4,gmax-system-fill-theme
gym:tier3:艾莉丝,gen8,gym:合众地区:艾莉丝:13,艾莉丝,4,1,druddigon,Druddigon,5,5,tier3,representative-exact-tier
gym:tier3:艾莉丝,gen8,gym:合众地区:艾莉丝:13,艾莉丝,4,2,haxorus,Haxorus,6,5,tier4,representative-near-tier
gym:tier3:艾莉丝,gen8,gym:合众地区:艾莉丝:13,艾莉丝,4,3,blastoise,Blastoise,6,6,tier4,gmax-system-fill-theme
gym:tier3:艾莉丝,gen9,gym:合众地区:艾莉丝:13,艾莉丝,1,1,druddigon,Druddigon,5,5,tier3,representative-exact-tier
gym:tier3:艾莉丝,gen9,gym:合众地区:艾莉丝:13,艾莉丝,1,2,haxorus,Haxorus,6,5,tier4,representative-near-tier
gym:tier3:艾莉丝,gen9,gym:合众地区:艾莉丝:13,艾莉丝,1,3,hydreigon,Hydreigon,6,6,tier4,representative-exact-tier
gym:tier3:艾莉丝,gen9,gym:合众地区:艾莉丝:13,艾莉丝,2,1,druddigon,Druddigon,5,5,tier3,representative-exact-tier
gym:tier3:艾莉丝,gen9,gym:合众地区:艾莉丝:13,艾莉丝,2,2,haxorus,Haxorus,6,5,tier4,representative-near-tier
gym:tier3:艾莉丝,gen9,gym:合众地区:艾莉丝:13,艾莉丝,2,3,hydreigon,Hydreigon,6,6,tier4,representative-exact-tier
gym:tier3:艾莉丝,gen9,gym:合众地区:艾莉丝:13,艾莉丝,3,1,druddigon,Druddigon,5,5,tier3,representative-exact-tier
gym:tier3:艾莉丝,gen9,gym:合众地区:艾莉丝:13,艾莉丝,3,2,haxorus,Haxorus,6,5,tier4,representative-near-tier
gym:tier3:艾莉丝,gen9,gym:合众地区:艾莉丝:13,艾莉丝,3,3,hydreigon,Hydreigon,6,6,tier4,representative-exact-tier
gym:tier3:艾莉丝,gen9,gym:合众地区:艾莉丝:13,艾莉丝,4,1,druddigon,Druddigon,5,5,tier3,representative-exact-tier
gym:tier3:艾莉丝,gen9,gym:合众地区:艾莉丝:13,艾莉丝,4,2,haxorus,Haxorus,6,5,tier4,representative-near-tier
gym:tier3:艾莉丝,gen9,gym:合众地区:艾莉丝:13,艾莉丝,4,3,hydreigon,Hydreigon,6,6,tier4,representative-exact-tier
gym:tier3:西子伊,none,gym:合众地区:西子伊:14,西子伊,1,1,wailord,Wailord,5,5,tier3,representative-exact-tier
gym:tier3:西子伊,none,gym:合众地区:西子伊:14,西子伊,1,2,jellicent,Jellicent,5,5,tier4,representative-exact-tier
gym:tier3:西子伊,none,gym:合众地区:西子伊:14,西子伊,1,3,aegislash,Aegislash,6,6,tier4,theme-fill
gym:tier3:西子伊,none,gym:合众地区:西子伊:14,西子伊,2,1,wailord,Wailord,5,5,tier3,representative-exact-tier
gym:tier3:西子伊,none,gym:合众地区:西子伊:14,西子伊,2,2,jellicent,Jellicent,5,5,tier4,representative-exact-tier
gym:tier3:西子伊,none,gym:合众地区:西子伊:14,西子伊,2,3,aegislash,Aegislash,6,6,tier4,theme-fill
gym:tier3:西子伊,none,gym:合众地区:西子伊:14,西子伊,3,1,wailord,Wailord,5,5,tier3,representative-exact-tier
gym:tier3:西子伊,none,gym:合众地区:西子伊:14,西子伊,3,2,jellicent,Jellicent,5,5,tier4,representative-exact-tier
gym:tier3:西子伊,none,gym:合众地区:西子伊:14,西子伊,3,3,aegislash,Aegislash,6,6,tier4,theme-fill
gym:tier3:西子伊,none,gym:合众地区:西子伊:14,西子伊,4,1,wailord,Wailord,5,5,tier3,representative-exact-tier
gym:tier3:西子伊,none,gym:合众地区:西子伊:14,西子伊,4,2,jellicent,Jellicent,5,5,tier4,representative-exact-tier
gym:tier3:西子伊,none,gym:合众地区:西子伊:14,西子伊,4,3,aegislash,Aegislash,6,6,tier4,theme-fill
gym:tier3:西子伊,gen7,gym:合众地区:西子伊:14,西子伊,1,1,wailord,Wailord,5,5,tier3,representative-exact-tier
gym:tier3:西子伊,gen7,gym:合众地区:西子伊:14,西子伊,1,2,jellicent,Jellicent,5,5,tier4,representative-exact-tier
gym:tier3:西子伊,gen7,gym:合众地区:西子伊:14,西子伊,1,3,aerodactyl,Aerodactyl,6,6,tier4,mega-system-fill-theme
gym:tier3:西子伊,gen7,gym:合众地区:西子伊:14,西子伊,2,1,wailord,Wailord,5,5,tier3,representative-exact-tier
gym:tier3:西子伊,gen7,gym:合众地区:西子伊:14,西子伊,2,2,jellicent,Jellicent,5,5,tier4,representative-exact-tier
gym:tier3:西子伊,gen7,gym:合众地区:西子伊:14,西子伊,2,3,aerodactyl,Aerodactyl,6,6,tier4,mega-system-fill-theme
gym:tier3:西子伊,gen7,gym:合众地区:西子伊:14,西子伊,3,1,wailord,Wailord,5,5,tier3,representative-exact-tier
gym:tier3:西子伊,gen7,gym:合众地区:西子伊:14,西子伊,3,2,jellicent,Jellicent,5,5,tier4,representative-exact-tier
gym:tier3:西子伊,gen7,gym:合众地区:西子伊:14,西子伊,3,3,aerodactyl,Aerodactyl,6,6,tier4,mega-system-fill-theme
gym:tier3:西子伊,gen7,gym:合众地区:西子伊:14,西子伊,4,1,wailord,Wailord,5,5,tier3,representative-exact-tier
gym:tier3:西子伊,gen7,gym:合众地区:西子伊:14,西子伊,4,2,jellicent,Jellicent,5,5,tier4,representative-exact-tier
gym:tier3:西子伊,gen7,gym:合众地区:西子伊:14,西子伊,4,3,aerodactyl,Aerodactyl,6,6,tier4,mega-system-fill-theme
gym:tier3:西子伊,gen8,gym:合众地区:西子伊:14,西子伊,1,1,wailord,Wailord,5,5,tier3,representative-exact-tier
gym:tier3:西子伊,gen8,gym:合众地区:西子伊:14,西子伊,1,2,jellicent,Jellicent,5,5,tier4,representative-exact-tier
gym:tier3:西子伊,gen8,gym:合众地区:西子伊:14,西子伊,1,3,blastoise,Blastoise,6,6,tier4,gmax-system-fill-theme
gym:tier3:西子伊,gen8,gym:合众地区:西子伊:14,西子伊,2,1,wailord,Wailord,5,5,tier3,representative-exact-tier
gym:tier3:西子伊,gen8,gym:合众地区:西子伊:14,西子伊,2,2,jellicent,Jellicent,5,5,tier4,representative-exact-tier
gym:tier3:西子伊,gen8,gym:合众地区:西子伊:14,西子伊,2,3,blastoise,Blastoise,6,6,tier4,gmax-system-fill-theme
gym:tier3:西子伊,gen8,gym:合众地区:西子伊:14,西子伊,3,1,wailord,Wailord,5,5,tier3,representative-exact-tier
gym:tier3:西子伊,gen8,gym:合众地区:西子伊:14,西子伊,3,2,jellicent,Jellicent,5,5,tier4,representative-exact-tier
gym:tier3:西子伊,gen8,gym:合众地区:西子伊:14,西子伊,3,3,blastoise,Blastoise,6,6,tier4,gmax-system-fill-theme
gym:tier3:西子伊,gen8,gym:合众地区:西子伊:14,西子伊,4,1,wailord,Wailord,5,5,tier3,representative-exact-tier
gym:tier3:西子伊,gen8,gym:合众地区:西子伊:14,西子伊,4,2,jellicent,Jellicent,5,5,tier4,representative-exact-tier
gym:tier3:西子伊,gen8,gym:合众地区:西子伊:14,西子伊,4,3,blastoise,Blastoise,6,6,tier4,gmax-system-fill-theme
gym:tier3:西子伊,gen9,gym:合众地区:西子伊:14,西子伊,1,1,wailord,Wailord,5,5,tier3,representative-exact-tier
gym:tier3:西子伊,gen9,gym:合众地区:西子伊:14,西子伊,1,2,jellicent,Jellicent,5,5,tier4,representative-exact-tier
gym:tier3:西子伊,gen9,gym:合众地区:西子伊:14,西子伊,1,3,aegislash,Aegislash,6,6,tier4,theme-fill
gym:tier3:西子伊,gen9,gym:合众地区:西子伊:14,西子伊,2,1,wailord,Wailord,5,5,tier3,representative-exact-tier
gym:tier3:西子伊,gen9,gym:合众地区:西子伊:14,西子伊,2,2,jellicent,Jellicent,5,5,tier4,representative-exact-tier
gym:tier3:西子伊,gen9,gym:合众地区:西子伊:14,西子伊,2,3,aegislash,Aegislash,6,6,tier4,theme-fill
gym:tier3:西子伊,gen9,gym:合众地区:西子伊:14,西子伊,3,1,wailord,Wailord,5,5,tier3,representative-exact-tier
gym:tier3:西子伊,gen9,gym:合众地区:西子伊:14,西子伊,3,2,jellicent,Jellicent,5,5,tier4,representative-exact-tier
gym:tier3:西子伊,gen9,gym:合众地区:西子伊:14,西子伊,3,3,aegislash,Aegislash,6,6,tier4,theme-fill
gym:tier3:西子伊,gen9,gym:合众地区:西子伊:14,西子伊,4,1,wailord,Wailord,5,5,tier3,representative-exact-tier
gym:tier3:西子伊,gen9,gym:合众地区:西子伊:14,西子伊,4,2,jellicent,Jellicent,5,5,tier4,representative-exact-tier
gym:tier3:西子伊,gen9,gym:合众地区:西子伊:14,西子伊,4,3,aegislash,Aegislash,6,6,tier4,theme-fill
elite4:elite4:越橘,none,elite4:合众地区:越橘:1,越橘,1,1,scrafty,Scrafty,5,5,tier3,representative-exact-tier
elite4:elite4:越橘,none,elite4:合众地区:越橘:1,越橘,1,2,houndoom,Houndoom,5,5,tier4,representative-exact-tier
elite4:elite4:越橘,none,elite4:合众地区:越橘:1,越橘,1,3,krookodile,Krookodile,6,6,tier4,representative-exact-tier
elite4:elite4:越橘,none,elite4:合众地区:越橘:1,越橘,2,1,scrafty,Scrafty,5,5,tier3,representative-exact-tier
elite4:elite4:越橘,none,elite4:合众地区:越橘:1,越橘,2,2,houndoom,Houndoom,5,5,tier4,representative-exact-tier
elite4:elite4:越橘,none,elite4:合众地区:越橘:1,越橘,2,3,krookodile,Krookodile,6,6,tier4,representative-exact-tier
elite4:elite4:越橘,none,elite4:合众地区:越橘:1,越橘,3,1,scrafty,Scrafty,5,5,tier3,representative-exact-tier
elite4:elite4:越橘,none,elite4:合众地区:越橘:1,越橘,3,2,houndoom,Houndoom,5,5,tier4,representative-exact-tier
elite4:elite4:越橘,none,elite4:合众地区:越橘:1,越橘,3,3,krookodile,Krookodile,6,6,tier4,representative-exact-tier
elite4:elite4:越橘,none,elite4:合众地区:越橘:1,越橘,4,1,scrafty,Scrafty,5,5,tier3,representative-exact-tier
elite4:elite4:越橘,none,elite4:合众地区:越橘:1,越橘,4,2,houndoom,Houndoom,5,5,tier4,representative-exact-tier
elite4:elite4:越橘,none,elite4:合众地区:越橘:1,越橘,4,3,krookodile,Krookodile,6,6,tier4,representative-exact-tier
elite4:elite4:越橘,gen7,elite4:合众地区:越橘:1,越橘,1,1,scrafty,Scrafty,5,5,tier3,representative-exact-tier
elite4:elite4:越橘,gen7,elite4:合众地区:越橘:1,越橘,1,2,houndoom,Houndoom,5,5,tier4,representative-exact-tier
elite4:elite4:越橘,gen7,elite4:合众地区:越橘:1,越橘,1,3,krookodile,Krookodile,6,6,tier4,representative-exact-tier
elite4:elite4:越橘,gen7,elite4:合众地区:越橘:1,越橘,2,1,scrafty,Scrafty,5,5,tier3,representative-exact-tier
elite4:elite4:越橘,gen7,elite4:合众地区:越橘:1,越橘,2,2,houndoom,Houndoom,5,5,tier4,representative-exact-tier
elite4:elite4:越橘,gen7,elite4:合众地区:越橘:1,越橘,2,3,krookodile,Krookodile,6,6,tier4,representative-exact-tier
elite4:elite4:越橘,gen7,elite4:合众地区:越橘:1,越橘,3,1,scrafty,Scrafty,5,5,tier3,representative-exact-tier
elite4:elite4:越橘,gen7,elite4:合众地区:越橘:1,越橘,3,2,houndoom,Houndoom,5,5,tier4,representative-exact-tier
elite4:elite4:越橘,gen7,elite4:合众地区:越橘:1,越橘,3,3,krookodile,Krookodile,6,6,tier4,representative-exact-tier
elite4:elite4:越橘,gen7,elite4:合众地区:越橘:1,越橘,4,1,scrafty,Scrafty,5,5,tier3,representative-exact-tier
elite4:elite4:越橘,gen7,elite4:合众地区:越橘:1,越橘,4,2,houndoom,Houndoom,5,5,tier4,representative-exact-tier
elite4:elite4:越橘,gen7,elite4:合众地区:越橘:1,越橘,4,3,krookodile,Krookodile,6,6,tier4,representative-exact-tier
elite4:elite4:越橘,gen8,elite4:合众地区:越橘:1,越橘,1,1,scrafty,Scrafty,5,5,tier3,representative-exact-tier
elite4:elite4:越橘,gen8,elite4:合众地区:越橘:1,越橘,1,2,houndoom,Houndoom,5,5,tier4,representative-exact-tier
elite4:elite4:越橘,gen8,elite4:合众地区:越橘:1,越橘,1,3,blastoise,Blastoise,6,6,tier4,gmax-system-fill-theme
elite4:elite4:越橘,gen8,elite4:合众地区:越橘:1,越橘,2,1,scrafty,Scrafty,5,5,tier3,representative-exact-tier
elite4:elite4:越橘,gen8,elite4:合众地区:越橘:1,越橘,2,2,houndoom,Houndoom,5,5,tier4,representative-exact-tier
elite4:elite4:越橘,gen8,elite4:合众地区:越橘:1,越橘,2,3,blastoise,Blastoise,6,6,tier4,gmax-system-fill-theme
elite4:elite4:越橘,gen8,elite4:合众地区:越橘:1,越橘,3,1,scrafty,Scrafty,5,5,tier3,representative-exact-tier
elite4:elite4:越橘,gen8,elite4:合众地区:越橘:1,越橘,3,2,houndoom,Houndoom,5,5,tier4,representative-exact-tier
elite4:elite4:越橘,gen8,elite4:合众地区:越橘:1,越橘,3,3,blastoise,Blastoise,6,6,tier4,gmax-system-fill-theme
elite4:elite4:越橘,gen8,elite4:合众地区:越橘:1,越橘,4,1,scrafty,Scrafty,5,5,tier3,representative-exact-tier
elite4:elite4:越橘,gen8,elite4:合众地区:越橘:1,越橘,4,2,houndoom,Houndoom,5,5,tier4,representative-exact-tier
elite4:elite4:越橘,gen8,elite4:合众地区:越橘:1,越橘,4,3,blastoise,Blastoise,6,6,tier4,gmax-system-fill-theme
elite4:elite4:越橘,gen9,elite4:合众地区:越橘:1,越橘,1,1,scrafty,Scrafty,5,5,tier3,representative-exact-tier
elite4:elite4:越橘,gen9,elite4:合众地区:越橘:1,越橘,1,2,houndoom,Houndoom,5,5,tier4,representative-exact-tier
elite4:elite4:越橘,gen9,elite4:合众地区:越橘:1,越橘,1,3,krookodile,Krookodile,6,6,tier4,representative-exact-tier
elite4:elite4:越橘,gen9,elite4:合众地区:越橘:1,越橘,2,1,scrafty,Scrafty,5,5,tier3,representative-exact-tier
elite4:elite4:越橘,gen9,elite4:合众地区:越橘:1,越橘,2,2,houndoom,Houndoom,5,5,tier4,representative-exact-tier
elite4:elite4:越橘,gen9,elite4:合众地区:越橘:1,越橘,2,3,krookodile,Krookodile,6,6,tier4,representative-exact-tier
elite4:elite4:越橘,gen9,elite4:合众地区:越橘:1,越橘,3,1,scrafty,Scrafty,5,5,tier3,representative-exact-tier
elite4:elite4:越橘,gen9,elite4:合众地区:越橘:1,越橘,3,2,houndoom,Houndoom,5,5,tier4,representative-exact-tier
elite4:elite4:越橘,gen9,elite4:合众地区:越橘:1,越橘,3,3,krookodile,Krookodile,6,6,tier4,representative-exact-tier
elite4:elite4:越橘,gen9,elite4:合众地区:越橘:1,越橘,4,1,scrafty,Scrafty,5,5,tier3,representative-exact-tier
elite4:elite4:越橘,gen9,elite4:合众地区:越橘:1,越橘,4,2,houndoom,Houndoom,5,5,tier4,representative-exact-tier
elite4:elite4:越橘,gen9,elite4:合众地区:越橘:1,越橘,4,3,krookodile,Krookodile,6,6,tier4,representative-exact-tier
elite4:elite4:连武,none,elite4:合众地区:连武:2,连武,1,1,breloom,Breloom,5,5,tier3,representative-exact-tier
elite4:elite4:连武,none,elite4:合众地区:连武:2,连武,1,2,toxicroak,Toxicroak,5,5,tier4,representative-exact-tier
elite4:elite4:连武,none,elite4:合众地区:连武:2,连武,1,3,conkeldurr,Conkeldurr,6,6,tier4,representative-exact-tier
elite4:elite4:连武,none,elite4:合众地区:连武:2,连武,2,1,breloom,Breloom,5,5,tier3,representative-exact-tier
elite4:elite4:连武,none,elite4:合众地区:连武:2,连武,2,2,toxicroak,Toxicroak,5,5,tier4,representative-exact-tier
elite4:elite4:连武,none,elite4:合众地区:连武:2,连武,2,3,conkeldurr,Conkeldurr,6,6,tier4,representative-exact-tier
elite4:elite4:连武,none,elite4:合众地区:连武:2,连武,3,1,breloom,Breloom,5,5,tier3,representative-exact-tier
elite4:elite4:连武,none,elite4:合众地区:连武:2,连武,3,2,toxicroak,Toxicroak,5,5,tier4,representative-exact-tier
elite4:elite4:连武,none,elite4:合众地区:连武:2,连武,3,3,conkeldurr,Conkeldurr,6,6,tier4,representative-exact-tier
elite4:elite4:连武,none,elite4:合众地区:连武:2,连武,4,1,breloom,Breloom,5,5,tier3,representative-exact-tier
elite4:elite4:连武,none,elite4:合众地区:连武:2,连武,4,2,toxicroak,Toxicroak,5,5,tier4,representative-exact-tier
elite4:elite4:连武,none,elite4:合众地区:连武:2,连武,4,3,conkeldurr,Conkeldurr,6,6,tier4,representative-exact-tier
elite4:elite4:连武,gen7,elite4:合众地区:连武:2,连武,1,1,breloom,Breloom,5,5,tier3,representative-exact-tier
elite4:elite4:连武,gen7,elite4:合众地区:连武:2,连武,1,2,toxicroak,Toxicroak,5,5,tier4,representative-exact-tier
elite4:elite4:连武,gen7,elite4:合众地区:连武:2,连武,1,3,aggron,Aggron,6,6,tier4,mega-system-fill-theme
elite4:elite4:连武,gen7,elite4:合众地区:连武:2,连武,2,1,breloom,Breloom,5,5,tier3,representative-exact-tier
elite4:elite4:连武,gen7,elite4:合众地区:连武:2,连武,2,2,toxicroak,Toxicroak,5,5,tier4,representative-exact-tier
elite4:elite4:连武,gen7,elite4:合众地区:连武:2,连武,2,3,aggron,Aggron,6,6,tier4,mega-system-fill-theme
elite4:elite4:连武,gen7,elite4:合众地区:连武:2,连武,3,1,breloom,Breloom,5,5,tier3,representative-exact-tier
elite4:elite4:连武,gen7,elite4:合众地区:连武:2,连武,3,2,toxicroak,Toxicroak,5,5,tier4,representative-exact-tier
elite4:elite4:连武,gen7,elite4:合众地区:连武:2,连武,3,3,aggron,Aggron,6,6,tier4,mega-system-fill-theme
elite4:elite4:连武,gen7,elite4:合众地区:连武:2,连武,4,1,breloom,Breloom,5,5,tier3,representative-exact-tier
elite4:elite4:连武,gen7,elite4:合众地区:连武:2,连武,4,2,toxicroak,Toxicroak,5,5,tier4,representative-exact-tier
elite4:elite4:连武,gen7,elite4:合众地区:连武:2,连武,4,3,aggron,Aggron,6,6,tier4,mega-system-fill-theme
elite4:elite4:连武,gen8,elite4:合众地区:连武:2,连武,1,1,breloom,Breloom,5,5,tier3,representative-exact-tier
elite4:elite4:连武,gen8,elite4:合众地区:连武:2,连武,1,2,toxicroak,Toxicroak,5,5,tier4,representative-exact-tier
elite4:elite4:连武,gen8,elite4:合众地区:连武:2,连武,1,3,gengar,Gengar,6,6,tier4,gmax-system-fill-theme
elite4:elite4:连武,gen8,elite4:合众地区:连武:2,连武,2,1,breloom,Breloom,5,5,tier3,representative-exact-tier
elite4:elite4:连武,gen8,elite4:合众地区:连武:2,连武,2,2,toxicroak,Toxicroak,5,5,tier4,representative-exact-tier
elite4:elite4:连武,gen8,elite4:合众地区:连武:2,连武,2,3,gengar,Gengar,6,6,tier4,gmax-system-fill-theme
elite4:elite4:连武,gen8,elite4:合众地区:连武:2,连武,3,1,breloom,Breloom,5,5,tier3,representative-exact-tier
elite4:elite4:连武,gen8,elite4:合众地区:连武:2,连武,3,2,toxicroak,Toxicroak,5,5,tier4,representative-exact-tier
elite4:elite4:连武,gen8,elite4:合众地区:连武:2,连武,3,3,gengar,Gengar,6,6,tier4,gmax-system-fill-theme
elite4:elite4:连武,gen8,elite4:合众地区:连武:2,连武,4,1,breloom,Breloom,5,5,tier3,representative-exact-tier
elite4:elite4:连武,gen8,elite4:合众地区:连武:2,连武,4,2,toxicroak,Toxicroak,5,5,tier4,representative-exact-tier
elite4:elite4:连武,gen8,elite4:合众地区:连武:2,连武,4,3,gengar,Gengar,6,6,tier4,gmax-system-fill-theme
elite4:elite4:连武,gen9,elite4:合众地区:连武:2,连武,1,1,breloom,Breloom,5,5,tier3,representative-exact-tier
elite4:elite4:连武,gen9,elite4:合众地区:连武:2,连武,1,2,toxicroak,Toxicroak,5,5,tier4,representative-exact-tier
elite4:elite4:连武,gen9,elite4:合众地区:连武:2,连武,1,3,conkeldurr,Conkeldurr,6,6,tier4,representative-exact-tier
elite4:elite4:连武,gen9,elite4:合众地区:连武:2,连武,2,1,breloom,Breloom,5,5,tier3,representative-exact-tier
elite4:elite4:连武,gen9,elite4:合众地区:连武:2,连武,2,2,toxicroak,Toxicroak,5,5,tier4,representative-exact-tier
elite4:elite4:连武,gen9,elite4:合众地区:连武:2,连武,2,3,conkeldurr,Conkeldurr,6,6,tier4,representative-exact-tier
elite4:elite4:连武,gen9,elite4:合众地区:连武:2,连武,3,1,breloom,Breloom,5,5,tier3,representative-exact-tier
elite4:elite4:连武,gen9,elite4:合众地区:连武:2,连武,3,2,toxicroak,Toxicroak,5,5,tier4,representative-exact-tier
elite4:elite4:连武,gen9,elite4:合众地区:连武:2,连武,3,3,conkeldurr,Conkeldurr,6,6,tier4,representative-exact-tier
elite4:elite4:连武,gen9,elite4:合众地区:连武:2,连武,4,1,breloom,Breloom,5,5,tier3,representative-exact-tier
elite4:elite4:连武,gen9,elite4:合众地区:连武:2,连武,4,2,toxicroak,Toxicroak,5,5,tier4,representative-exact-tier
elite4:elite4:连武,gen9,elite4:合众地区:连武:2,连武,4,3,conkeldurr,Conkeldurr,6,6,tier4,representative-exact-tier
elite4:elite4:婉龙,none,elite4:合众地区:婉龙:3,婉龙,1,1,cofagrigus,Cofagrigus,5,5,tier3,representative-exact-tier
elite4:elite4:婉龙,none,elite4:合众地区:婉龙:3,婉龙,1,2,golurk,Golurk,5,5,tier4,representative-exact-tier
elite4:elite4:婉龙,none,elite4:合众地区:婉龙:3,婉龙,1,3,chandelure,Chandelure,6,6,tier4,representative-exact-tier
elite4:elite4:婉龙,none,elite4:合众地区:婉龙:3,婉龙,2,1,cofagrigus,Cofagrigus,5,5,tier3,representative-exact-tier
elite4:elite4:婉龙,none,elite4:合众地区:婉龙:3,婉龙,2,2,golurk,Golurk,5,5,tier4,representative-exact-tier
elite4:elite4:婉龙,none,elite4:合众地区:婉龙:3,婉龙,2,3,chandelure,Chandelure,6,6,tier4,representative-exact-tier
elite4:elite4:婉龙,none,elite4:合众地区:婉龙:3,婉龙,3,1,cofagrigus,Cofagrigus,5,5,tier3,representative-exact-tier
elite4:elite4:婉龙,none,elite4:合众地区:婉龙:3,婉龙,3,2,golurk,Golurk,5,5,tier4,representative-exact-tier
elite4:elite4:婉龙,none,elite4:合众地区:婉龙:3,婉龙,3,3,chandelure,Chandelure,6,6,tier4,representative-exact-tier
elite4:elite4:婉龙,none,elite4:合众地区:婉龙:3,婉龙,4,1,cofagrigus,Cofagrigus,5,5,tier3,representative-exact-tier
elite4:elite4:婉龙,none,elite4:合众地区:婉龙:3,婉龙,4,2,golurk,Golurk,5,5,tier4,representative-exact-tier
elite4:elite4:婉龙,none,elite4:合众地区:婉龙:3,婉龙,4,3,chandelure,Chandelure,6,6,tier4,representative-exact-tier
elite4:elite4:婉龙,gen7,elite4:合众地区:婉龙:3,婉龙,1,1,cofagrigus,Cofagrigus,5,5,tier3,representative-exact-tier
elite4:elite4:婉龙,gen7,elite4:合众地区:婉龙:3,婉龙,1,2,golurk,Golurk,5,5,tier4,representative-exact-tier
elite4:elite4:婉龙,gen7,elite4:合众地区:婉龙:3,婉龙,1,3,aerodactyl,Aerodactyl,6,6,tier4,mega-system-fill-theme
elite4:elite4:婉龙,gen7,elite4:合众地区:婉龙:3,婉龙,2,1,cofagrigus,Cofagrigus,5,5,tier3,representative-exact-tier
elite4:elite4:婉龙,gen7,elite4:合众地区:婉龙:3,婉龙,2,2,golurk,Golurk,5,5,tier4,representative-exact-tier
elite4:elite4:婉龙,gen7,elite4:合众地区:婉龙:3,婉龙,2,3,aerodactyl,Aerodactyl,6,6,tier4,mega-system-fill-theme
elite4:elite4:婉龙,gen7,elite4:合众地区:婉龙:3,婉龙,3,1,cofagrigus,Cofagrigus,5,5,tier3,representative-exact-tier
elite4:elite4:婉龙,gen7,elite4:合众地区:婉龙:3,婉龙,3,2,golurk,Golurk,5,5,tier4,representative-exact-tier
elite4:elite4:婉龙,gen7,elite4:合众地区:婉龙:3,婉龙,3,3,aerodactyl,Aerodactyl,6,6,tier4,mega-system-fill-theme
elite4:elite4:婉龙,gen7,elite4:合众地区:婉龙:3,婉龙,4,1,cofagrigus,Cofagrigus,5,5,tier3,representative-exact-tier
elite4:elite4:婉龙,gen7,elite4:合众地区:婉龙:3,婉龙,4,2,golurk,Golurk,5,5,tier4,representative-exact-tier
elite4:elite4:婉龙,gen7,elite4:合众地区:婉龙:3,婉龙,4,3,aerodactyl,Aerodactyl,6,6,tier4,mega-system-fill-theme
elite4:elite4:婉龙,gen8,elite4:合众地区:婉龙:3,婉龙,1,1,cofagrigus,Cofagrigus,5,5,tier3,representative-exact-tier
elite4:elite4:婉龙,gen8,elite4:合众地区:婉龙:3,婉龙,1,2,golurk,Golurk,5,5,tier4,representative-exact-tier
elite4:elite4:婉龙,gen8,elite4:合众地区:婉龙:3,婉龙,1,3,blastoise,Blastoise,6,6,tier4,gmax-system-fill-theme
elite4:elite4:婉龙,gen8,elite4:合众地区:婉龙:3,婉龙,2,1,cofagrigus,Cofagrigus,5,5,tier3,representative-exact-tier
elite4:elite4:婉龙,gen8,elite4:合众地区:婉龙:3,婉龙,2,2,golurk,Golurk,5,5,tier4,representative-exact-tier
elite4:elite4:婉龙,gen8,elite4:合众地区:婉龙:3,婉龙,2,3,blastoise,Blastoise,6,6,tier4,gmax-system-fill-theme
elite4:elite4:婉龙,gen8,elite4:合众地区:婉龙:3,婉龙,3,1,cofagrigus,Cofagrigus,5,5,tier3,representative-exact-tier
elite4:elite4:婉龙,gen8,elite4:合众地区:婉龙:3,婉龙,3,2,golurk,Golurk,5,5,tier4,representative-exact-tier
elite4:elite4:婉龙,gen8,elite4:合众地区:婉龙:3,婉龙,3,3,blastoise,Blastoise,6,6,tier4,gmax-system-fill-theme
elite4:elite4:婉龙,gen8,elite4:合众地区:婉龙:3,婉龙,4,1,cofagrigus,Cofagrigus,5,5,tier3,representative-exact-tier
elite4:elite4:婉龙,gen8,elite4:合众地区:婉龙:3,婉龙,4,2,golurk,Golurk,5,5,tier4,representative-exact-tier
elite4:elite4:婉龙,gen8,elite4:合众地区:婉龙:3,婉龙,4,3,blastoise,Blastoise,6,6,tier4,gmax-system-fill-theme
elite4:elite4:婉龙,gen9,elite4:合众地区:婉龙:3,婉龙,1,1,cofagrigus,Cofagrigus,5,5,tier3,representative-exact-tier
elite4:elite4:婉龙,gen9,elite4:合众地区:婉龙:3,婉龙,1,2,golurk,Golurk,5,5,tier4,representative-exact-tier
elite4:elite4:婉龙,gen9,elite4:合众地区:婉龙:3,婉龙,1,3,chandelure,Chandelure,6,6,tier4,representative-exact-tier
elite4:elite4:婉龙,gen9,elite4:合众地区:婉龙:3,婉龙,2,1,cofagrigus,Cofagrigus,5,5,tier3,representative-exact-tier
elite4:elite4:婉龙,gen9,elite4:合众地区:婉龙:3,婉龙,2,2,golurk,Golurk,5,5,tier4,representative-exact-tier
elite4:elite4:婉龙,gen9,elite4:合众地区:婉龙:3,婉龙,2,3,chandelure,Chandelure,6,6,tier4,representative-exact-tier
elite4:elite4:婉龙,gen9,elite4:合众地区:婉龙:3,婉龙,3,1,cofagrigus,Cofagrigus,5,5,tier3,representative-exact-tier
elite4:elite4:婉龙,gen9,elite4:合众地区:婉龙:3,婉龙,3,2,golurk,Golurk,5,5,tier4,representative-exact-tier
elite4:elite4:婉龙,gen9,elite4:合众地区:婉龙:3,婉龙,3,3,chandelure,Chandelure,6,6,tier4,representative-exact-tier
elite4:elite4:婉龙,gen9,elite4:合众地区:婉龙:3,婉龙,4,1,cofagrigus,Cofagrigus,5,5,tier3,representative-exact-tier
elite4:elite4:婉龙,gen9,elite4:合众地区:婉龙:3,婉龙,4,2,golurk,Golurk,5,5,tier4,representative-exact-tier
elite4:elite4:婉龙,gen9,elite4:合众地区:婉龙:3,婉龙,4,3,chandelure,Chandelure,6,6,tier4,representative-exact-tier
elite4:elite4:嘉德丽雅,none,elite4:合众地区:嘉德丽雅:4,嘉德丽雅,1,1,reuniclus,Reuniclus,5,5,tier3,representative-exact-tier
elite4:elite4:嘉德丽雅,none,elite4:合众地区:嘉德丽雅:4,嘉德丽雅,1,2,musharna,Musharna,5,5,tier4,representative-exact-tier
elite4:elite4:嘉德丽雅,none,elite4:合众地区:嘉德丽雅:4,嘉德丽雅,1,3,metagross,Metagross,6,6,tier4,representative-exact-tier
elite4:elite4:嘉德丽雅,none,elite4:合众地区:嘉德丽雅:4,嘉德丽雅,2,1,reuniclus,Reuniclus,5,5,tier3,representative-exact-tier
elite4:elite4:嘉德丽雅,none,elite4:合众地区:嘉德丽雅:4,嘉德丽雅,2,2,musharna,Musharna,5,5,tier4,representative-exact-tier
elite4:elite4:嘉德丽雅,none,elite4:合众地区:嘉德丽雅:4,嘉德丽雅,2,3,metagross,Metagross,6,6,tier4,representative-exact-tier
elite4:elite4:嘉德丽雅,none,elite4:合众地区:嘉德丽雅:4,嘉德丽雅,3,1,reuniclus,Reuniclus,5,5,tier3,representative-exact-tier
elite4:elite4:嘉德丽雅,none,elite4:合众地区:嘉德丽雅:4,嘉德丽雅,3,2,musharna,Musharna,5,5,tier4,representative-exact-tier
elite4:elite4:嘉德丽雅,none,elite4:合众地区:嘉德丽雅:4,嘉德丽雅,3,3,metagross,Metagross,6,6,tier4,representative-exact-tier
elite4:elite4:嘉德丽雅,none,elite4:合众地区:嘉德丽雅:4,嘉德丽雅,4,1,reuniclus,Reuniclus,5,5,tier3,representative-exact-tier
elite4:elite4:嘉德丽雅,none,elite4:合众地区:嘉德丽雅:4,嘉德丽雅,4,2,musharna,Musharna,5,5,tier4,representative-exact-tier
elite4:elite4:嘉德丽雅,none,elite4:合众地区:嘉德丽雅:4,嘉德丽雅,4,3,metagross,Metagross,6,6,tier4,representative-exact-tier
elite4:elite4:嘉德丽雅,gen7,elite4:合众地区:嘉德丽雅:4,嘉德丽雅,1,1,reuniclus,Reuniclus,5,5,tier3,representative-exact-tier
elite4:elite4:嘉德丽雅,gen7,elite4:合众地区:嘉德丽雅:4,嘉德丽雅,1,2,musharna,Musharna,5,5,tier4,representative-exact-tier
elite4:elite4:嘉德丽雅,gen7,elite4:合众地区:嘉德丽雅:4,嘉德丽雅,1,3,metagross,Metagross,6,6,tier4,representative-exact-tier
elite4:elite4:嘉德丽雅,gen7,elite4:合众地区:嘉德丽雅:4,嘉德丽雅,2,1,reuniclus,Reuniclus,5,5,tier3,representative-exact-tier
elite4:elite4:嘉德丽雅,gen7,elite4:合众地区:嘉德丽雅:4,嘉德丽雅,2,2,musharna,Musharna,5,5,tier4,representative-exact-tier
elite4:elite4:嘉德丽雅,gen7,elite4:合众地区:嘉德丽雅:4,嘉德丽雅,2,3,metagross,Metagross,6,6,tier4,representative-exact-tier
elite4:elite4:嘉德丽雅,gen7,elite4:合众地区:嘉德丽雅:4,嘉德丽雅,3,1,reuniclus,Reuniclus,5,5,tier3,representative-exact-tier
elite4:elite4:嘉德丽雅,gen7,elite4:合众地区:嘉德丽雅:4,嘉德丽雅,3,2,musharna,Musharna,5,5,tier4,representative-exact-tier
elite4:elite4:嘉德丽雅,gen7,elite4:合众地区:嘉德丽雅:4,嘉德丽雅,3,3,metagross,Metagross,6,6,tier4,representative-exact-tier
elite4:elite4:嘉德丽雅,gen7,elite4:合众地区:嘉德丽雅:4,嘉德丽雅,4,1,reuniclus,Reuniclus,5,5,tier3,representative-exact-tier
elite4:elite4:嘉德丽雅,gen7,elite4:合众地区:嘉德丽雅:4,嘉德丽雅,4,2,musharna,Musharna,5,5,tier4,representative-exact-tier
elite4:elite4:嘉德丽雅,gen7,elite4:合众地区:嘉德丽雅:4,嘉德丽雅,4,3,metagross,Metagross,6,6,tier4,representative-exact-tier
elite4:elite4:嘉德丽雅,gen8,elite4:合众地区:嘉德丽雅:4,嘉德丽雅,1,1,reuniclus,Reuniclus,5,5,tier3,representative-exact-tier
elite4:elite4:嘉德丽雅,gen8,elite4:合众地区:嘉德丽雅:4,嘉德丽雅,1,2,musharna,Musharna,5,5,tier4,representative-exact-tier
elite4:elite4:嘉德丽雅,gen8,elite4:合众地区:嘉德丽雅:4,嘉德丽雅,1,3,charizard,Charizard,6,6,tier4,gmax-system-fill-theme
elite4:elite4:嘉德丽雅,gen8,elite4:合众地区:嘉德丽雅:4,嘉德丽雅,2,1,reuniclus,Reuniclus,5,5,tier3,representative-exact-tier
elite4:elite4:嘉德丽雅,gen8,elite4:合众地区:嘉德丽雅:4,嘉德丽雅,2,2,musharna,Musharna,5,5,tier4,representative-exact-tier
elite4:elite4:嘉德丽雅,gen8,elite4:合众地区:嘉德丽雅:4,嘉德丽雅,2,3,charizard,Charizard,6,6,tier4,gmax-system-fill-theme
elite4:elite4:嘉德丽雅,gen8,elite4:合众地区:嘉德丽雅:4,嘉德丽雅,3,1,reuniclus,Reuniclus,5,5,tier3,representative-exact-tier
elite4:elite4:嘉德丽雅,gen8,elite4:合众地区:嘉德丽雅:4,嘉德丽雅,3,2,musharna,Musharna,5,5,tier4,representative-exact-tier
elite4:elite4:嘉德丽雅,gen8,elite4:合众地区:嘉德丽雅:4,嘉德丽雅,3,3,charizard,Charizard,6,6,tier4,gmax-system-fill-theme
elite4:elite4:嘉德丽雅,gen8,elite4:合众地区:嘉德丽雅:4,嘉德丽雅,4,1,reuniclus,Reuniclus,5,5,tier3,representative-exact-tier
elite4:elite4:嘉德丽雅,gen8,elite4:合众地区:嘉德丽雅:4,嘉德丽雅,4,2,musharna,Musharna,5,5,tier4,representative-exact-tier
elite4:elite4:嘉德丽雅,gen8,elite4:合众地区:嘉德丽雅:4,嘉德丽雅,4,3,charizard,Charizard,6,6,tier4,gmax-system-fill-theme
elite4:elite4:嘉德丽雅,gen9,elite4:合众地区:嘉德丽雅:4,嘉德丽雅,1,1,reuniclus,Reuniclus,5,5,tier3,representative-exact-tier
elite4:elite4:嘉德丽雅,gen9,elite4:合众地区:嘉德丽雅:4,嘉德丽雅,1,2,musharna,Musharna,5,5,tier4,representative-exact-tier
elite4:elite4:嘉德丽雅,gen9,elite4:合众地区:嘉德丽雅:4,嘉德丽雅,1,3,metagross,Metagross,6,6,tier4,representative-exact-tier
elite4:elite4:嘉德丽雅,gen9,elite4:合众地区:嘉德丽雅:4,嘉德丽雅,2,1,reuniclus,Reuniclus,5,5,tier3,representative-exact-tier
elite4:elite4:嘉德丽雅,gen9,elite4:合众地区:嘉德丽雅:4,嘉德丽雅,2,2,musharna,Musharna,5,5,tier4,representative-exact-tier
elite4:elite4:嘉德丽雅,gen9,elite4:合众地区:嘉德丽雅:4,嘉德丽雅,2,3,metagross,Metagross,6,6,tier4,representative-exact-tier
elite4:elite4:嘉德丽雅,gen9,elite4:合众地区:嘉德丽雅:4,嘉德丽雅,3,1,reuniclus,Reuniclus,5,5,tier3,representative-exact-tier
elite4:elite4:嘉德丽雅,gen9,elite4:合众地区:嘉德丽雅:4,嘉德丽雅,3,2,musharna,Musharna,5,5,tier4,representative-exact-tier
elite4:elite4:嘉德丽雅,gen9,elite4:合众地区:嘉德丽雅:4,嘉德丽雅,3,3,metagross,Metagross,6,6,tier4,representative-exact-tier
elite4:elite4:嘉德丽雅,gen9,elite4:合众地区:嘉德丽雅:4,嘉德丽雅,4,1,reuniclus,Reuniclus,5,5,tier3,representative-exact-tier
elite4:elite4:嘉德丽雅,gen9,elite4:合众地区:嘉德丽雅:4,嘉德丽雅,4,2,musharna,Musharna,5,5,tier4,representative-exact-tier
elite4:elite4:嘉德丽雅,gen9,elite4:合众地区:嘉德丽雅:4,嘉德丽雅,4,3,metagross,Metagross,6,6,tier4,representative-exact-tier
champion:champion:阿戴克,none,champion:合众地区:阿戴克:1,阿戴克,1,1,bouffalant,Bouffalant,5,5,champion,representative-exact-tier
champion:champion:阿戴克,none,champion:合众地区:阿戴克:1,阿戴克,1,2,volcarona,Volcarona,6,6,champion,representative-exact-tier
champion:champion:阿戴克,none,champion:合众地区:阿戴克:1,阿戴克,1,3,vanilluxe,Vanilluxe,6,6,champion,representative-exact-tier
champion:champion:阿戴克,none,champion:合众地区:阿戴克:1,阿戴克,2,1,bouffalant,Bouffalant,5,5,champion,representative-exact-tier
champion:champion:阿戴克,none,champion:合众地区:阿戴克:1,阿戴克,2,2,volcarona,Volcarona,6,6,champion,representative-exact-tier
champion:champion:阿戴克,none,champion:合众地区:阿戴克:1,阿戴克,2,3,vanilluxe,Vanilluxe,6,6,champion,representative-exact-tier
champion:champion:阿戴克,none,champion:合众地区:阿戴克:1,阿戴克,3,1,bouffalant,Bouffalant,5,5,champion,representative-exact-tier
champion:champion:阿戴克,none,champion:合众地区:阿戴克:1,阿戴克,3,2,volcarona,Volcarona,6,6,champion,representative-exact-tier
champion:champion:阿戴克,none,champion:合众地区:阿戴克:1,阿戴克,3,3,vanilluxe,Vanilluxe,6,6,champion,representative-exact-tier
champion:champion:阿戴克,none,champion:合众地区:阿戴克:1,阿戴克,4,1,bouffalant,Bouffalant,5,5,champion,representative-exact-tier
champion:champion:阿戴克,none,champion:合众地区:阿戴克:1,阿戴克,4,2,volcarona,Volcarona,6,6,champion,representative-exact-tier
champion:champion:阿戴克,none,champion:合众地区:阿戴克:1,阿戴克,4,3,vanilluxe,Vanilluxe,6,6,champion,representative-exact-tier
champion:champion:阿戴克,gen7,champion:合众地区:阿戴克:1,阿戴克,1,1,bouffalant,Bouffalant,5,5,champion,representative-exact-tier
champion:champion:阿戴克,gen7,champion:合众地区:阿戴克:1,阿戴克,1,2,volcarona,Volcarona,6,6,champion,representative-exact-tier
champion:champion:阿戴克,gen7,champion:合众地区:阿戴克:1,阿戴克,1,3,aggron,Aggron,6,6,champion,mega-system-fill-theme
champion:champion:阿戴克,gen7,champion:合众地区:阿戴克:1,阿戴克,2,1,bouffalant,Bouffalant,5,5,champion,representative-exact-tier
champion:champion:阿戴克,gen7,champion:合众地区:阿戴克:1,阿戴克,2,2,volcarona,Volcarona,6,6,champion,representative-exact-tier
champion:champion:阿戴克,gen7,champion:合众地区:阿戴克:1,阿戴克,2,3,aggron,Aggron,6,6,champion,mega-system-fill-theme
champion:champion:阿戴克,gen7,champion:合众地区:阿戴克:1,阿戴克,3,1,bouffalant,Bouffalant,5,5,champion,representative-exact-tier
champion:champion:阿戴克,gen7,champion:合众地区:阿戴克:1,阿戴克,3,2,volcarona,Volcarona,6,6,champion,representative-exact-tier
champion:champion:阿戴克,gen7,champion:合众地区:阿戴克:1,阿戴克,3,3,aggron,Aggron,6,6,champion,mega-system-fill-theme
champion:champion:阿戴克,gen7,champion:合众地区:阿戴克:1,阿戴克,4,1,bouffalant,Bouffalant,5,5,champion,representative-exact-tier
champion:champion:阿戴克,gen7,champion:合众地区:阿戴克:1,阿戴克,4,2,volcarona,Volcarona,6,6,champion,representative-exact-tier
champion:champion:阿戴克,gen7,champion:合众地区:阿戴克:1,阿戴克,4,3,aggron,Aggron,6,6,champion,mega-system-fill-theme
champion:champion:阿戴克,gen8,champion:合众地区:阿戴克:1,阿戴克,1,1,bouffalant,Bouffalant,5,5,champion,representative-exact-tier
champion:champion:阿戴克,gen8,champion:合众地区:阿戴克:1,阿戴克,1,2,volcarona,Volcarona,6,6,champion,representative-exact-tier
champion:champion:阿戴克,gen8,champion:合众地区:阿戴克:1,阿戴克,1,3,charizard,Charizard,6,6,champion,gmax-system-fill-theme
champion:champion:阿戴克,gen8,champion:合众地区:阿戴克:1,阿戴克,2,1,bouffalant,Bouffalant,5,5,champion,representative-exact-tier
champion:champion:阿戴克,gen8,champion:合众地区:阿戴克:1,阿戴克,2,2,volcarona,Volcarona,6,6,champion,representative-exact-tier
champion:champion:阿戴克,gen8,champion:合众地区:阿戴克:1,阿戴克,2,3,charizard,Charizard,6,6,champion,gmax-system-fill-theme
champion:champion:阿戴克,gen8,champion:合众地区:阿戴克:1,阿戴克,3,1,bouffalant,Bouffalant,5,5,champion,representative-exact-tier
champion:champion:阿戴克,gen8,champion:合众地区:阿戴克:1,阿戴克,3,2,volcarona,Volcarona,6,6,champion,representative-exact-tier
champion:champion:阿戴克,gen8,champion:合众地区:阿戴克:1,阿戴克,3,3,charizard,Charizard,6,6,champion,gmax-system-fill-theme
champion:champion:阿戴克,gen8,champion:合众地区:阿戴克:1,阿戴克,4,1,bouffalant,Bouffalant,5,5,champion,representative-exact-tier
champion:champion:阿戴克,gen8,champion:合众地区:阿戴克:1,阿戴克,4,2,volcarona,Volcarona,6,6,champion,representative-exact-tier
champion:champion:阿戴克,gen8,champion:合众地区:阿戴克:1,阿戴克,4,3,charizard,Charizard,6,6,champion,gmax-system-fill-theme
champion:champion:阿戴克,gen9,champion:合众地区:阿戴克:1,阿戴克,1,1,bouffalant,Bouffalant,5,5,champion,representative-exact-tier
champion:champion:阿戴克,gen9,champion:合众地区:阿戴克:1,阿戴克,1,2,volcarona,Volcarona,6,6,champion,representative-exact-tier
champion:champion:阿戴克,gen9,champion:合众地区:阿戴克:1,阿戴克,1,3,vanilluxe,Vanilluxe,6,6,champion,representative-exact-tier
champion:champion:阿戴克,gen9,champion:合众地区:阿戴克:1,阿戴克,2,1,bouffalant,Bouffalant,5,5,champion,representative-exact-tier
champion:champion:阿戴克,gen9,champion:合众地区:阿戴克:1,阿戴克,2,2,volcarona,Volcarona,6,6,champion,representative-exact-tier
champion:champion:阿戴克,gen9,champion:合众地区:阿戴克:1,阿戴克,2,3,vanilluxe,Vanilluxe,6,6,champion,representative-exact-tier
champion:champion:阿戴克,gen9,champion:合众地区:阿戴克:1,阿戴克,3,1,bouffalant,Bouffalant,5,5,champion,representative-exact-tier
champion:champion:阿戴克,gen9,champion:合众地区:阿戴克:1,阿戴克,3,2,volcarona,Volcarona,6,6,champion,representative-exact-tier
champion:champion:阿戴克,gen9,champion:合众地区:阿戴克:1,阿戴克,3,3,vanilluxe,Vanilluxe,6,6,champion,representative-exact-tier
champion:champion:阿戴克,gen9,champion:合众地区:阿戴克:1,阿戴克,4,1,bouffalant,Bouffalant,5,5,champion,representative-exact-tier
champion:champion:阿戴克,gen9,champion:合众地区:阿戴克:1,阿戴克,4,2,volcarona,Volcarona,6,6,champion,representative-exact-tier
champion:champion:阿戴克,gen9,champion:合众地区:阿戴克:1,阿戴克,4,3,vanilluxe,Vanilluxe,6,6,champion,representative-exact-tier
champion:champion:艾莉丝,none,champion:合众地区:艾莉丝:2,艾莉丝,1,1,druddigon,Druddigon,5,5,champion,representative-exact-tier
champion:champion:艾莉丝,none,champion:合众地区:艾莉丝:2,艾莉丝,1,2,haxorus,Haxorus,6,6,champion,representative-exact-tier
champion:champion:艾莉丝,none,champion:合众地区:艾莉丝:2,艾莉丝,1,3,hydreigon,Hydreigon,6,6,champion,representative-exact-tier
champion:champion:艾莉丝,none,champion:合众地区:艾莉丝:2,艾莉丝,2,1,druddigon,Druddigon,5,5,champion,representative-exact-tier
champion:champion:艾莉丝,none,champion:合众地区:艾莉丝:2,艾莉丝,2,2,haxorus,Haxorus,6,6,champion,representative-exact-tier
champion:champion:艾莉丝,none,champion:合众地区:艾莉丝:2,艾莉丝,2,3,hydreigon,Hydreigon,6,6,champion,representative-exact-tier
champion:champion:艾莉丝,none,champion:合众地区:艾莉丝:2,艾莉丝,3,1,druddigon,Druddigon,5,5,champion,representative-exact-tier
champion:champion:艾莉丝,none,champion:合众地区:艾莉丝:2,艾莉丝,3,2,haxorus,Haxorus,6,6,champion,representative-exact-tier
champion:champion:艾莉丝,none,champion:合众地区:艾莉丝:2,艾莉丝,3,3,hydreigon,Hydreigon,6,6,champion,representative-exact-tier
champion:champion:艾莉丝,none,champion:合众地区:艾莉丝:2,艾莉丝,4,1,druddigon,Druddigon,5,5,champion,representative-exact-tier
champion:champion:艾莉丝,none,champion:合众地区:艾莉丝:2,艾莉丝,4,2,haxorus,Haxorus,6,6,champion,representative-exact-tier
champion:champion:艾莉丝,none,champion:合众地区:艾莉丝:2,艾莉丝,4,3,hydreigon,Hydreigon,6,6,champion,representative-exact-tier
champion:champion:艾莉丝,gen7,champion:合众地区:艾莉丝:2,艾莉丝,1,1,druddigon,Druddigon,5,5,champion,representative-exact-tier
champion:champion:艾莉丝,gen7,champion:合众地区:艾莉丝:2,艾莉丝,1,2,haxorus,Haxorus,6,6,champion,representative-exact-tier
champion:champion:艾莉丝,gen7,champion:合众地区:艾莉丝:2,艾莉丝,1,3,aerodactyl,Aerodactyl,6,6,champion,mega-system-fill-theme
champion:champion:艾莉丝,gen7,champion:合众地区:艾莉丝:2,艾莉丝,2,1,druddigon,Druddigon,5,5,champion,representative-exact-tier
champion:champion:艾莉丝,gen7,champion:合众地区:艾莉丝:2,艾莉丝,2,2,haxorus,Haxorus,6,6,champion,representative-exact-tier
champion:champion:艾莉丝,gen7,champion:合众地区:艾莉丝:2,艾莉丝,2,3,aerodactyl,Aerodactyl,6,6,champion,mega-system-fill-theme
champion:champion:艾莉丝,gen7,champion:合众地区:艾莉丝:2,艾莉丝,3,1,druddigon,Druddigon,5,5,champion,representative-exact-tier
champion:champion:艾莉丝,gen7,champion:合众地区:艾莉丝:2,艾莉丝,3,2,haxorus,Haxorus,6,6,champion,representative-exact-tier
champion:champion:艾莉丝,gen7,champion:合众地区:艾莉丝:2,艾莉丝,3,3,aerodactyl,Aerodactyl,6,6,champion,mega-system-fill-theme
champion:champion:艾莉丝,gen7,champion:合众地区:艾莉丝:2,艾莉丝,4,1,druddigon,Druddigon,5,5,champion,representative-exact-tier
champion:champion:艾莉丝,gen7,champion:合众地区:艾莉丝:2,艾莉丝,4,2,haxorus,Haxorus,6,6,champion,representative-exact-tier
champion:champion:艾莉丝,gen7,champion:合众地区:艾莉丝:2,艾莉丝,4,3,aerodactyl,Aerodactyl,6,6,champion,mega-system-fill-theme
champion:champion:艾莉丝,gen8,champion:合众地区:艾莉丝:2,艾莉丝,1,1,druddigon,Druddigon,5,5,champion,representative-exact-tier
champion:champion:艾莉丝,gen8,champion:合众地区:艾莉丝:2,艾莉丝,1,2,haxorus,Haxorus,6,6,champion,representative-exact-tier
champion:champion:艾莉丝,gen8,champion:合众地区:艾莉丝:2,艾莉丝,1,3,blastoise,Blastoise,6,6,champion,gmax-system-fill-theme
champion:champion:艾莉丝,gen8,champion:合众地区:艾莉丝:2,艾莉丝,2,1,druddigon,Druddigon,5,5,champion,representative-exact-tier
champion:champion:艾莉丝,gen8,champion:合众地区:艾莉丝:2,艾莉丝,2,2,haxorus,Haxorus,6,6,champion,representative-exact-tier
champion:champion:艾莉丝,gen8,champion:合众地区:艾莉丝:2,艾莉丝,2,3,blastoise,Blastoise,6,6,champion,gmax-system-fill-theme
champion:champion:艾莉丝,gen8,champion:合众地区:艾莉丝:2,艾莉丝,3,1,druddigon,Druddigon,5,5,champion,representative-exact-tier
champion:champion:艾莉丝,gen8,champion:合众地区:艾莉丝:2,艾莉丝,3,2,haxorus,Haxorus,6,6,champion,representative-exact-tier
champion:champion:艾莉丝,gen8,champion:合众地区:艾莉丝:2,艾莉丝,3,3,blastoise,Blastoise,6,6,champion,gmax-system-fill-theme
champion:champion:艾莉丝,gen8,champion:合众地区:艾莉丝:2,艾莉丝,4,1,druddigon,Druddigon,5,5,champion,representative-exact-tier
champion:champion:艾莉丝,gen8,champion:合众地区:艾莉丝:2,艾莉丝,4,2,haxorus,Haxorus,6,6,champion,representative-exact-tier
champion:champion:艾莉丝,gen8,champion:合众地区:艾莉丝:2,艾莉丝,4,3,blastoise,Blastoise,6,6,champion,gmax-system-fill-theme
champion:champion:艾莉丝,gen9,champion:合众地区:艾莉丝:2,艾莉丝,1,1,druddigon,Druddigon,5,5,champion,representative-exact-tier
champion:champion:艾莉丝,gen9,champion:合众地区:艾莉丝:2,艾莉丝,1,2,haxorus,Haxorus,6,6,champion,representative-exact-tier
champion:champion:艾莉丝,gen9,champion:合众地区:艾莉丝:2,艾莉丝,1,3,hydreigon,Hydreigon,6,6,champion,representative-exact-tier
champion:champion:艾莉丝,gen9,champion:合众地区:艾莉丝:2,艾莉丝,2,1,druddigon,Druddigon,5,5,champion,representative-exact-tier
champion:champion:艾莉丝,gen9,champion:合众地区:艾莉丝:2,艾莉丝,2,2,haxorus,Haxorus,6,6,champion,representative-exact-tier
champion:champion:艾莉丝,gen9,champion:合众地区:艾莉丝:2,艾莉丝,2,3,hydreigon,Hydreigon,6,6,champion,representative-exact-tier
champion:champion:艾莉丝,gen9,champion:合众地区:艾莉丝:2,艾莉丝,3,1,druddigon,Druddigon,5,5,champion,representative-exact-tier
champion:champion:艾莉丝,gen9,champion:合众地区:艾莉丝:2,艾莉丝,3,2,haxorus,Haxorus,6,6,champion,representative-exact-tier
champion:champion:艾莉丝,gen9,champion:合众地区:艾莉丝:2,艾莉丝,3,3,hydreigon,Hydreigon,6,6,champion,representative-exact-tier
champion:champion:艾莉丝,gen9,champion:合众地区:艾莉丝:2,艾莉丝,4,1,druddigon,Druddigon,5,5,champion,representative-exact-tier
champion:champion:艾莉丝,gen9,champion:合众地区:艾莉丝:2,艾莉丝,4,2,haxorus,Haxorus,6,6,champion,representative-exact-tier
champion:champion:艾莉丝,gen9,champion:合众地区:艾莉丝:2,艾莉丝,4,3,hydreigon,Hydreigon,6,6,champion,representative-exact-tier
gym:tier1:紫罗兰,none,gym:卡洛斯地区:紫罗兰:1,紫罗兰,1,1,vivillon,Vivillon,4,4,tier1,representative-exact-tier
gym:tier1:紫罗兰,none,gym:卡洛斯地区:紫罗兰:1,紫罗兰,1,2,araquanidtotem,Araquanid-Totem,4,4,tier2,theme-fill
gym:tier1:紫罗兰,none,gym:卡洛斯地区:紫罗兰:1,紫罗兰,1,3,accelgor,Accelgor,5,5,tier2,theme-fill
gym:tier1:紫罗兰,none,gym:卡洛斯地区:紫罗兰:1,紫罗兰,2,1,vivillon,Vivillon,4,4,tier1,representative-exact-tier
gym:tier1:紫罗兰,none,gym:卡洛斯地区:紫罗兰:1,紫罗兰,2,2,araquanidtotem,Araquanid-Totem,4,4,tier2,theme-fill
gym:tier1:紫罗兰,none,gym:卡洛斯地区:紫罗兰:1,紫罗兰,2,3,accelgor,Accelgor,5,5,tier2,theme-fill
gym:tier1:紫罗兰,none,gym:卡洛斯地区:紫罗兰:1,紫罗兰,3,1,vivillon,Vivillon,4,4,tier1,representative-exact-tier
gym:tier1:紫罗兰,none,gym:卡洛斯地区:紫罗兰:1,紫罗兰,3,2,araquanidtotem,Araquanid-Totem,4,4,tier2,theme-fill
gym:tier1:紫罗兰,none,gym:卡洛斯地区:紫罗兰:1,紫罗兰,3,3,accelgor,Accelgor,5,5,tier2,theme-fill
gym:tier1:紫罗兰,none,gym:卡洛斯地区:紫罗兰:1,紫罗兰,4,1,vivillon,Vivillon,4,4,tier1,representative-exact-tier
gym:tier1:紫罗兰,none,gym:卡洛斯地区:紫罗兰:1,紫罗兰,4,2,araquanidtotem,Araquanid-Totem,4,4,tier2,theme-fill
gym:tier1:紫罗兰,none,gym:卡洛斯地区:紫罗兰:1,紫罗兰,4,3,accelgor,Accelgor,5,5,tier2,theme-fill
gym:tier1:紫罗兰,gen7,gym:卡洛斯地区:紫罗兰:1,紫罗兰,1,1,vivillon,Vivillon,4,4,tier1,representative-exact-tier
gym:tier1:紫罗兰,gen7,gym:卡洛斯地区:紫罗兰:1,紫罗兰,1,2,araquanidtotem,Araquanid-Totem,4,4,tier2,theme-fill
gym:tier1:紫罗兰,gen7,gym:卡洛斯地区:紫罗兰:1,紫罗兰,1,3,altaria,Altaria,5,5,tier2,mega-system-fill-theme
gym:tier1:紫罗兰,gen7,gym:卡洛斯地区:紫罗兰:1,紫罗兰,2,1,vivillon,Vivillon,4,4,tier1,representative-exact-tier
gym:tier1:紫罗兰,gen7,gym:卡洛斯地区:紫罗兰:1,紫罗兰,2,2,araquanidtotem,Araquanid-Totem,4,4,tier2,theme-fill
gym:tier1:紫罗兰,gen7,gym:卡洛斯地区:紫罗兰:1,紫罗兰,2,3,altaria,Altaria,5,5,tier2,mega-system-fill-theme
gym:tier1:紫罗兰,gen7,gym:卡洛斯地区:紫罗兰:1,紫罗兰,3,1,vivillon,Vivillon,4,4,tier1,representative-exact-tier
gym:tier1:紫罗兰,gen7,gym:卡洛斯地区:紫罗兰:1,紫罗兰,3,2,araquanidtotem,Araquanid-Totem,4,4,tier2,theme-fill
gym:tier1:紫罗兰,gen7,gym:卡洛斯地区:紫罗兰:1,紫罗兰,3,3,altaria,Altaria,5,5,tier2,mega-system-fill-theme
gym:tier1:紫罗兰,gen7,gym:卡洛斯地区:紫罗兰:1,紫罗兰,4,1,vivillon,Vivillon,4,4,tier1,representative-exact-tier
gym:tier1:紫罗兰,gen7,gym:卡洛斯地区:紫罗兰:1,紫罗兰,4,2,araquanidtotem,Araquanid-Totem,4,4,tier2,theme-fill
gym:tier1:紫罗兰,gen7,gym:卡洛斯地区:紫罗兰:1,紫罗兰,4,3,altaria,Altaria,5,5,tier2,mega-system-fill-theme
gym:tier1:紫罗兰,gen8,gym:卡洛斯地区:紫罗兰:1,紫罗兰,1,1,vivillon,Vivillon,4,4,tier1,representative-exact-tier
gym:tier1:紫罗兰,gen8,gym:卡洛斯地区:紫罗兰:1,紫罗兰,1,2,araquanidtotem,Araquanid-Totem,4,4,tier2,theme-fill
gym:tier1:紫罗兰,gen8,gym:卡洛斯地区:紫罗兰:1,紫罗兰,1,3,centiskorch,Centiskorch,5,5,tier2,gmax-system-fill-theme
gym:tier1:紫罗兰,gen8,gym:卡洛斯地区:紫罗兰:1,紫罗兰,2,1,vivillon,Vivillon,4,4,tier1,representative-exact-tier
gym:tier1:紫罗兰,gen8,gym:卡洛斯地区:紫罗兰:1,紫罗兰,2,2,araquanidtotem,Araquanid-Totem,4,4,tier2,theme-fill
gym:tier1:紫罗兰,gen8,gym:卡洛斯地区:紫罗兰:1,紫罗兰,2,3,centiskorch,Centiskorch,5,5,tier2,gmax-system-fill-theme
gym:tier1:紫罗兰,gen8,gym:卡洛斯地区:紫罗兰:1,紫罗兰,3,1,vivillon,Vivillon,4,4,tier1,representative-exact-tier
gym:tier1:紫罗兰,gen8,gym:卡洛斯地区:紫罗兰:1,紫罗兰,3,2,araquanidtotem,Araquanid-Totem,4,4,tier2,theme-fill
gym:tier1:紫罗兰,gen8,gym:卡洛斯地区:紫罗兰:1,紫罗兰,3,3,centiskorch,Centiskorch,5,5,tier2,gmax-system-fill-theme
gym:tier1:紫罗兰,gen8,gym:卡洛斯地区:紫罗兰:1,紫罗兰,4,1,vivillon,Vivillon,4,4,tier1,representative-exact-tier
gym:tier1:紫罗兰,gen8,gym:卡洛斯地区:紫罗兰:1,紫罗兰,4,2,araquanidtotem,Araquanid-Totem,4,4,tier2,theme-fill
gym:tier1:紫罗兰,gen8,gym:卡洛斯地区:紫罗兰:1,紫罗兰,4,3,centiskorch,Centiskorch,5,5,tier2,gmax-system-fill-theme
gym:tier1:紫罗兰,gen9,gym:卡洛斯地区:紫罗兰:1,紫罗兰,1,1,vivillon,Vivillon,4,4,tier1,representative-exact-tier
gym:tier1:紫罗兰,gen9,gym:卡洛斯地区:紫罗兰:1,紫罗兰,1,2,araquanidtotem,Araquanid-Totem,4,4,tier2,theme-fill
gym:tier1:紫罗兰,gen9,gym:卡洛斯地区:紫罗兰:1,紫罗兰,1,3,accelgor,Accelgor,5,5,tier2,theme-fill
gym:tier1:紫罗兰,gen9,gym:卡洛斯地区:紫罗兰:1,紫罗兰,2,1,vivillon,Vivillon,4,4,tier1,representative-exact-tier
gym:tier1:紫罗兰,gen9,gym:卡洛斯地区:紫罗兰:1,紫罗兰,2,2,araquanidtotem,Araquanid-Totem,4,4,tier2,theme-fill
gym:tier1:紫罗兰,gen9,gym:卡洛斯地区:紫罗兰:1,紫罗兰,2,3,accelgor,Accelgor,5,5,tier2,theme-fill
gym:tier1:紫罗兰,gen9,gym:卡洛斯地区:紫罗兰:1,紫罗兰,3,1,vivillon,Vivillon,4,4,tier1,representative-exact-tier
gym:tier1:紫罗兰,gen9,gym:卡洛斯地区:紫罗兰:1,紫罗兰,3,2,araquanidtotem,Araquanid-Totem,4,4,tier2,theme-fill
gym:tier1:紫罗兰,gen9,gym:卡洛斯地区:紫罗兰:1,紫罗兰,3,3,accelgor,Accelgor,5,5,tier2,theme-fill
gym:tier1:紫罗兰,gen9,gym:卡洛斯地区:紫罗兰:1,紫罗兰,4,1,vivillon,Vivillon,4,4,tier1,representative-exact-tier
gym:tier1:紫罗兰,gen9,gym:卡洛斯地区:紫罗兰:1,紫罗兰,4,2,araquanidtotem,Araquanid-Totem,4,4,tier2,theme-fill
gym:tier1:紫罗兰,gen9,gym:卡洛斯地区:紫罗兰:1,紫罗兰,4,3,accelgor,Accelgor,5,5,tier2,theme-fill
gym:tier1:查克洛,none,gym:卡洛斯地区:查克洛:2,查克洛,1,1,mienshao,Mienshao,6,4,tier1,representative-near-tier
gym:tier1:查克洛,none,gym:卡洛斯地区:查克洛:2,查克洛,1,2,appletun,Appletun,4,4,tier2,theme-fill
gym:tier1:查克洛,none,gym:卡洛斯地区:查克洛:2,查克洛,1,3,abomasnow,Abomasnow,5,5,tier2,theme-fill
gym:tier1:查克洛,none,gym:卡洛斯地区:查克洛:2,查克洛,2,1,mienshao,Mienshao,6,4,tier1,representative-near-tier
gym:tier1:查克洛,none,gym:卡洛斯地区:查克洛:2,查克洛,2,2,appletun,Appletun,4,4,tier2,theme-fill
gym:tier1:查克洛,none,gym:卡洛斯地区:查克洛:2,查克洛,2,3,abomasnow,Abomasnow,5,5,tier2,theme-fill
gym:tier1:查克洛,none,gym:卡洛斯地区:查克洛:2,查克洛,3,1,mienshao,Mienshao,6,4,tier1,representative-near-tier
gym:tier1:查克洛,none,gym:卡洛斯地区:查克洛:2,查克洛,3,2,appletun,Appletun,4,4,tier2,theme-fill
gym:tier1:查克洛,none,gym:卡洛斯地区:查克洛:2,查克洛,3,3,abomasnow,Abomasnow,5,5,tier2,theme-fill
gym:tier1:查克洛,none,gym:卡洛斯地区:查克洛:2,查克洛,4,1,mienshao,Mienshao,6,4,tier1,representative-near-tier
gym:tier1:查克洛,none,gym:卡洛斯地区:查克洛:2,查克洛,4,2,appletun,Appletun,4,4,tier2,theme-fill
gym:tier1:查克洛,none,gym:卡洛斯地区:查克洛:2,查克洛,4,3,abomasnow,Abomasnow,5,5,tier2,theme-fill
gym:tier1:查克洛,gen7,gym:卡洛斯地区:查克洛:2,查克洛,1,1,mienshao,Mienshao,6,4,tier1,representative-near-tier
gym:tier1:查克洛,gen7,gym:卡洛斯地区:查克洛:2,查克洛,1,2,camerupt,Camerupt,4,4,tier2,theme-fill
gym:tier1:查克洛,gen7,gym:卡洛斯地区:查克洛:2,查克洛,1,3,abomasnow,Abomasnow,5,5,tier2,theme-fill
gym:tier1:查克洛,gen7,gym:卡洛斯地区:查克洛:2,查克洛,2,1,mienshao,Mienshao,6,4,tier1,representative-near-tier
gym:tier1:查克洛,gen7,gym:卡洛斯地区:查克洛:2,查克洛,2,2,camerupt,Camerupt,4,4,tier2,theme-fill
gym:tier1:查克洛,gen7,gym:卡洛斯地区:查克洛:2,查克洛,2,3,abomasnow,Abomasnow,5,5,tier2,theme-fill
gym:tier1:查克洛,gen7,gym:卡洛斯地区:查克洛:2,查克洛,3,1,mienshao,Mienshao,6,4,tier1,representative-near-tier
gym:tier1:查克洛,gen7,gym:卡洛斯地区:查克洛:2,查克洛,3,2,camerupt,Camerupt,4,4,tier2,theme-fill
gym:tier1:查克洛,gen7,gym:卡洛斯地区:查克洛:2,查克洛,3,3,abomasnow,Abomasnow,5,5,tier2,theme-fill
gym:tier1:查克洛,gen7,gym:卡洛斯地区:查克洛:2,查克洛,4,1,mienshao,Mienshao,6,4,tier1,representative-near-tier
gym:tier1:查克洛,gen7,gym:卡洛斯地区:查克洛:2,查克洛,4,2,camerupt,Camerupt,4,4,tier2,theme-fill
gym:tier1:查克洛,gen7,gym:卡洛斯地区:查克洛:2,查克洛,4,3,abomasnow,Abomasnow,5,5,tier2,theme-fill
gym:tier1:查克洛,gen8,gym:卡洛斯地区:查克洛:2,查克洛,1,1,mienshao,Mienshao,6,4,tier1,representative-near-tier
gym:tier1:查克洛,gen8,gym:卡洛斯地区:查克洛:2,查克洛,1,2,appletun,Appletun,4,4,tier2,theme-fill
gym:tier1:查克洛,gen8,gym:卡洛斯地区:查克洛:2,查克洛,1,3,abomasnow,Abomasnow,5,5,tier2,theme-fill
gym:tier1:查克洛,gen8,gym:卡洛斯地区:查克洛:2,查克洛,2,1,mienshao,Mienshao,6,4,tier1,representative-near-tier
gym:tier1:查克洛,gen8,gym:卡洛斯地区:查克洛:2,查克洛,2,2,appletun,Appletun,4,4,tier2,theme-fill
gym:tier1:查克洛,gen8,gym:卡洛斯地区:查克洛:2,查克洛,2,3,abomasnow,Abomasnow,5,5,tier2,theme-fill
gym:tier1:查克洛,gen8,gym:卡洛斯地区:查克洛:2,查克洛,3,1,mienshao,Mienshao,6,4,tier1,representative-near-tier
gym:tier1:查克洛,gen8,gym:卡洛斯地区:查克洛:2,查克洛,3,2,appletun,Appletun,4,4,tier2,theme-fill
gym:tier1:查克洛,gen8,gym:卡洛斯地区:查克洛:2,查克洛,3,3,abomasnow,Abomasnow,5,5,tier2,theme-fill
gym:tier1:查克洛,gen8,gym:卡洛斯地区:查克洛:2,查克洛,4,1,mienshao,Mienshao,6,4,tier1,representative-near-tier
gym:tier1:查克洛,gen8,gym:卡洛斯地区:查克洛:2,查克洛,4,2,appletun,Appletun,4,4,tier2,theme-fill
gym:tier1:查克洛,gen8,gym:卡洛斯地区:查克洛:2,查克洛,4,3,abomasnow,Abomasnow,5,5,tier2,theme-fill
gym:tier1:查克洛,gen9,gym:卡洛斯地区:查克洛:2,查克洛,1,1,mienshao,Mienshao,6,4,tier1,representative-near-tier
gym:tier1:查克洛,gen9,gym:卡洛斯地区:查克洛:2,查克洛,1,2,appletun,Appletun,4,4,tier2,theme-fill
gym:tier1:查克洛,gen9,gym:卡洛斯地区:查克洛:2,查克洛,1,3,abomasnow,Abomasnow,5,5,tier2,theme-fill
gym:tier1:查克洛,gen9,gym:卡洛斯地区:查克洛:2,查克洛,2,1,mienshao,Mienshao,6,4,tier1,representative-near-tier
gym:tier1:查克洛,gen9,gym:卡洛斯地区:查克洛:2,查克洛,2,2,appletun,Appletun,4,4,tier2,theme-fill
gym:tier1:查克洛,gen9,gym:卡洛斯地区:查克洛:2,查克洛,2,3,abomasnow,Abomasnow,5,5,tier2,theme-fill
gym:tier1:查克洛,gen9,gym:卡洛斯地区:查克洛:2,查克洛,3,1,mienshao,Mienshao,6,4,tier1,representative-near-tier
gym:tier1:查克洛,gen9,gym:卡洛斯地区:查克洛:2,查克洛,3,2,appletun,Appletun,4,4,tier2,theme-fill
gym:tier1:查克洛,gen9,gym:卡洛斯地区:查克洛:2,查克洛,3,3,abomasnow,Abomasnow,5,5,tier2,theme-fill
gym:tier1:查克洛,gen9,gym:卡洛斯地区:查克洛:2,查克洛,4,1,mienshao,Mienshao,6,4,tier1,representative-near-tier
gym:tier1:查克洛,gen9,gym:卡洛斯地区:查克洛:2,查克洛,4,2,appletun,Appletun,4,4,tier2,theme-fill
gym:tier1:查克洛,gen9,gym:卡洛斯地区:查克洛:2,查克洛,4,3,abomasnow,Abomasnow,5,5,tier2,theme-fill
gym:tier1:可尔妮,none,gym:卡洛斯地区:可尔妮:3,可尔妮,1,1,hawlucha,Hawlucha,6,4,tier1,representative-near-tier
gym:tier1:可尔妮,none,gym:卡洛斯地区:可尔妮:3,可尔妮,1,2,bombirdier,Bombirdier,4,4,tier2,theme-fill
gym:tier1:可尔妮,none,gym:卡洛斯地区:可尔妮:3,可尔妮,1,3,altaria,Altaria,5,5,tier2,theme-fill
gym:tier1:可尔妮,none,gym:卡洛斯地区:可尔妮:3,可尔妮,2,1,hawlucha,Hawlucha,6,4,tier1,representative-near-tier
gym:tier1:可尔妮,none,gym:卡洛斯地区:可尔妮:3,可尔妮,2,2,bombirdier,Bombirdier,4,4,tier2,theme-fill
gym:tier1:可尔妮,none,gym:卡洛斯地区:可尔妮:3,可尔妮,2,3,altaria,Altaria,5,5,tier2,theme-fill
gym:tier1:可尔妮,none,gym:卡洛斯地区:可尔妮:3,可尔妮,3,1,hawlucha,Hawlucha,6,4,tier1,representative-near-tier
gym:tier1:可尔妮,none,gym:卡洛斯地区:可尔妮:3,可尔妮,3,2,bombirdier,Bombirdier,4,4,tier2,theme-fill
gym:tier1:可尔妮,none,gym:卡洛斯地区:可尔妮:3,可尔妮,3,3,altaria,Altaria,5,5,tier2,theme-fill
gym:tier1:可尔妮,none,gym:卡洛斯地区:可尔妮:3,可尔妮,4,1,hawlucha,Hawlucha,6,4,tier1,representative-near-tier
gym:tier1:可尔妮,none,gym:卡洛斯地区:可尔妮:3,可尔妮,4,2,bombirdier,Bombirdier,4,4,tier2,theme-fill
gym:tier1:可尔妮,none,gym:卡洛斯地区:可尔妮:3,可尔妮,4,3,altaria,Altaria,5,5,tier2,theme-fill
gym:tier1:可尔妮,gen7,gym:卡洛斯地区:可尔妮:3,可尔妮,1,1,hawlucha,Hawlucha,6,4,tier1,representative-near-tier
gym:tier1:可尔妮,gen7,gym:卡洛斯地区:可尔妮:3,可尔妮,1,2,chatot,Chatot,4,4,tier2,theme-fill
gym:tier1:可尔妮,gen7,gym:卡洛斯地区:可尔妮:3,可尔妮,1,3,altaria,Altaria,5,5,tier2,theme-fill
gym:tier1:可尔妮,gen7,gym:卡洛斯地区:可尔妮:3,可尔妮,2,1,hawlucha,Hawlucha,6,4,tier1,representative-near-tier
gym:tier1:可尔妮,gen7,gym:卡洛斯地区:可尔妮:3,可尔妮,2,2,chatot,Chatot,4,4,tier2,theme-fill
gym:tier1:可尔妮,gen7,gym:卡洛斯地区:可尔妮:3,可尔妮,2,3,altaria,Altaria,5,5,tier2,theme-fill
gym:tier1:可尔妮,gen7,gym:卡洛斯地区:可尔妮:3,可尔妮,3,1,hawlucha,Hawlucha,6,4,tier1,representative-near-tier
gym:tier1:可尔妮,gen7,gym:卡洛斯地区:可尔妮:3,可尔妮,3,2,chatot,Chatot,4,4,tier2,theme-fill
gym:tier1:可尔妮,gen7,gym:卡洛斯地区:可尔妮:3,可尔妮,3,3,altaria,Altaria,5,5,tier2,theme-fill
gym:tier1:可尔妮,gen7,gym:卡洛斯地区:可尔妮:3,可尔妮,4,1,hawlucha,Hawlucha,6,4,tier1,representative-near-tier
gym:tier1:可尔妮,gen7,gym:卡洛斯地区:可尔妮:3,可尔妮,4,2,chatot,Chatot,4,4,tier2,theme-fill
gym:tier1:可尔妮,gen7,gym:卡洛斯地区:可尔妮:3,可尔妮,4,3,altaria,Altaria,5,5,tier2,theme-fill
gym:tier1:可尔妮,gen8,gym:卡洛斯地区:可尔妮:3,可尔妮,1,1,hawlucha,Hawlucha,6,4,tier1,representative-near-tier
gym:tier1:可尔妮,gen8,gym:卡洛斯地区:可尔妮:3,可尔妮,1,2,chatot,Chatot,4,4,tier2,theme-fill
gym:tier1:可尔妮,gen8,gym:卡洛斯地区:可尔妮:3,可尔妮,1,3,garbodor,Garbodor,5,5,tier2,gmax-system-fill
gym:tier1:可尔妮,gen8,gym:卡洛斯地区:可尔妮:3,可尔妮,2,1,hawlucha,Hawlucha,6,4,tier1,representative-near-tier
gym:tier1:可尔妮,gen8,gym:卡洛斯地区:可尔妮:3,可尔妮,2,2,chatot,Chatot,4,4,tier2,theme-fill
gym:tier1:可尔妮,gen8,gym:卡洛斯地区:可尔妮:3,可尔妮,2,3,rillaboom,Rillaboom,5,5,tier2,gmax-system-fill
gym:tier1:可尔妮,gen8,gym:卡洛斯地区:可尔妮:3,可尔妮,3,1,hawlucha,Hawlucha,6,4,tier1,representative-near-tier
gym:tier1:可尔妮,gen8,gym:卡洛斯地区:可尔妮:3,可尔妮,3,2,chatot,Chatot,4,4,tier2,theme-fill
gym:tier1:可尔妮,gen8,gym:卡洛斯地区:可尔妮:3,可尔妮,3,3,sandaconda,Sandaconda,5,5,tier2,gmax-system-fill
gym:tier1:可尔妮,gen8,gym:卡洛斯地区:可尔妮:3,可尔妮,4,1,hawlucha,Hawlucha,6,4,tier1,representative-near-tier
gym:tier1:可尔妮,gen8,gym:卡洛斯地区:可尔妮:3,可尔妮,4,2,chatot,Chatot,4,4,tier2,theme-fill
gym:tier1:可尔妮,gen8,gym:卡洛斯地区:可尔妮:3,可尔妮,4,3,grimmsnarl,Grimmsnarl,5,5,tier2,gmax-system-fill
gym:tier1:可尔妮,gen9,gym:卡洛斯地区:可尔妮:3,可尔妮,1,1,hawlucha,Hawlucha,6,4,tier1,representative-near-tier
gym:tier1:可尔妮,gen9,gym:卡洛斯地区:可尔妮:3,可尔妮,1,2,bombirdier,Bombirdier,4,4,tier2,theme-fill
gym:tier1:可尔妮,gen9,gym:卡洛斯地区:可尔妮:3,可尔妮,1,3,altaria,Altaria,5,5,tier2,theme-fill
gym:tier1:可尔妮,gen9,gym:卡洛斯地区:可尔妮:3,可尔妮,2,1,hawlucha,Hawlucha,6,4,tier1,representative-near-tier
gym:tier1:可尔妮,gen9,gym:卡洛斯地区:可尔妮:3,可尔妮,2,2,bombirdier,Bombirdier,4,4,tier2,theme-fill
gym:tier1:可尔妮,gen9,gym:卡洛斯地区:可尔妮:3,可尔妮,2,3,altaria,Altaria,5,5,tier2,theme-fill
gym:tier1:可尔妮,gen9,gym:卡洛斯地区:可尔妮:3,可尔妮,3,1,hawlucha,Hawlucha,6,4,tier1,representative-near-tier
gym:tier1:可尔妮,gen9,gym:卡洛斯地区:可尔妮:3,可尔妮,3,2,bombirdier,Bombirdier,4,4,tier2,theme-fill
gym:tier1:可尔妮,gen9,gym:卡洛斯地区:可尔妮:3,可尔妮,3,3,altaria,Altaria,5,5,tier2,theme-fill
gym:tier1:可尔妮,gen9,gym:卡洛斯地区:可尔妮:3,可尔妮,4,1,hawlucha,Hawlucha,6,4,tier1,representative-near-tier
gym:tier1:可尔妮,gen9,gym:卡洛斯地区:可尔妮:3,可尔妮,4,2,bombirdier,Bombirdier,4,4,tier2,theme-fill
gym:tier1:可尔妮,gen9,gym:卡洛斯地区:可尔妮:3,可尔妮,4,3,altaria,Altaria,5,5,tier2,theme-fill
gym:tier2:福爷,none,gym:卡洛斯地区:福爷:4,福爷,1,1,jumpluff,Jumpluff,4,4,tier2,representative-exact-tier
gym:tier2:福爷,none,gym:卡洛斯地区:福爷:4,福爷,1,2,gogoat,Gogoat,6,5,tier3,representative-near-tier
gym:tier2:福爷,none,gym:卡洛斯地区:福爷:4,福爷,1,3,abomasnow,Abomasnow,5,5,tier3,theme-fill
gym:tier2:福爷,none,gym:卡洛斯地区:福爷:4,福爷,2,1,jumpluff,Jumpluff,4,4,tier2,representative-exact-tier
gym:tier2:福爷,none,gym:卡洛斯地区:福爷:4,福爷,2,2,gogoat,Gogoat,6,5,tier3,representative-near-tier
gym:tier2:福爷,none,gym:卡洛斯地区:福爷:4,福爷,2,3,abomasnow,Abomasnow,5,5,tier3,theme-fill
gym:tier2:福爷,none,gym:卡洛斯地区:福爷:4,福爷,3,1,jumpluff,Jumpluff,4,4,tier2,representative-exact-tier
gym:tier2:福爷,none,gym:卡洛斯地区:福爷:4,福爷,3,2,gogoat,Gogoat,6,5,tier3,representative-near-tier
gym:tier2:福爷,none,gym:卡洛斯地区:福爷:4,福爷,3,3,abomasnow,Abomasnow,5,5,tier3,theme-fill
gym:tier2:福爷,none,gym:卡洛斯地区:福爷:4,福爷,4,1,jumpluff,Jumpluff,4,4,tier2,representative-exact-tier
gym:tier2:福爷,none,gym:卡洛斯地区:福爷:4,福爷,4,2,gogoat,Gogoat,6,5,tier3,representative-near-tier
gym:tier2:福爷,none,gym:卡洛斯地区:福爷:4,福爷,4,3,abomasnow,Abomasnow,5,5,tier3,theme-fill
gym:tier2:福爷,gen7,gym:卡洛斯地区:福爷:4,福爷,1,1,jumpluff,Jumpluff,4,4,tier2,representative-exact-tier
gym:tier2:福爷,gen7,gym:卡洛斯地区:福爷:4,福爷,1,2,gogoat,Gogoat,6,5,tier3,representative-near-tier
gym:tier2:福爷,gen7,gym:卡洛斯地区:福爷:4,福爷,1,3,abomasnow,Abomasnow,5,5,tier3,theme-fill
gym:tier2:福爷,gen7,gym:卡洛斯地区:福爷:4,福爷,2,1,jumpluff,Jumpluff,4,4,tier2,representative-exact-tier
gym:tier2:福爷,gen7,gym:卡洛斯地区:福爷:4,福爷,2,2,gogoat,Gogoat,6,5,tier3,representative-near-tier
gym:tier2:福爷,gen7,gym:卡洛斯地区:福爷:4,福爷,2,3,abomasnow,Abomasnow,5,5,tier3,theme-fill
gym:tier2:福爷,gen7,gym:卡洛斯地区:福爷:4,福爷,3,1,jumpluff,Jumpluff,4,4,tier2,representative-exact-tier
gym:tier2:福爷,gen7,gym:卡洛斯地区:福爷:4,福爷,3,2,gogoat,Gogoat,6,5,tier3,representative-near-tier
gym:tier2:福爷,gen7,gym:卡洛斯地区:福爷:4,福爷,3,3,abomasnow,Abomasnow,5,5,tier3,theme-fill
gym:tier2:福爷,gen7,gym:卡洛斯地区:福爷:4,福爷,4,1,jumpluff,Jumpluff,4,4,tier2,representative-exact-tier
gym:tier2:福爷,gen7,gym:卡洛斯地区:福爷:4,福爷,4,2,gogoat,Gogoat,6,5,tier3,representative-near-tier
gym:tier2:福爷,gen7,gym:卡洛斯地区:福爷:4,福爷,4,3,abomasnow,Abomasnow,5,5,tier3,theme-fill
gym:tier2:福爷,gen8,gym:卡洛斯地区:福爷:4,福爷,1,1,jumpluff,Jumpluff,4,4,tier2,representative-exact-tier
gym:tier2:福爷,gen8,gym:卡洛斯地区:福爷:4,福爷,1,2,gogoat,Gogoat,6,5,tier3,representative-near-tier
gym:tier2:福爷,gen8,gym:卡洛斯地区:福爷:4,福爷,1,3,garbodor,Garbodor,5,5,tier3,gmax-system-fill-theme
gym:tier2:福爷,gen8,gym:卡洛斯地区:福爷:4,福爷,2,1,jumpluff,Jumpluff,4,4,tier2,representative-exact-tier
gym:tier2:福爷,gen8,gym:卡洛斯地区:福爷:4,福爷,2,2,gogoat,Gogoat,6,5,tier3,representative-near-tier
gym:tier2:福爷,gen8,gym:卡洛斯地区:福爷:4,福爷,2,3,garbodor,Garbodor,5,5,tier3,gmax-system-fill-theme
gym:tier2:福爷,gen8,gym:卡洛斯地区:福爷:4,福爷,3,1,jumpluff,Jumpluff,4,4,tier2,representative-exact-tier
gym:tier2:福爷,gen8,gym:卡洛斯地区:福爷:4,福爷,3,2,gogoat,Gogoat,6,5,tier3,representative-near-tier
gym:tier2:福爷,gen8,gym:卡洛斯地区:福爷:4,福爷,3,3,garbodor,Garbodor,5,5,tier3,gmax-system-fill-theme
gym:tier2:福爷,gen8,gym:卡洛斯地区:福爷:4,福爷,4,1,jumpluff,Jumpluff,4,4,tier2,representative-exact-tier
gym:tier2:福爷,gen8,gym:卡洛斯地区:福爷:4,福爷,4,2,gogoat,Gogoat,6,5,tier3,representative-near-tier
gym:tier2:福爷,gen8,gym:卡洛斯地区:福爷:4,福爷,4,3,garbodor,Garbodor,5,5,tier3,gmax-system-fill-theme
gym:tier2:福爷,gen9,gym:卡洛斯地区:福爷:4,福爷,1,1,jumpluff,Jumpluff,4,4,tier2,representative-exact-tier
gym:tier2:福爷,gen9,gym:卡洛斯地区:福爷:4,福爷,1,2,gogoat,Gogoat,6,5,tier3,representative-near-tier
gym:tier2:福爷,gen9,gym:卡洛斯地区:福爷:4,福爷,1,3,abomasnow,Abomasnow,5,5,tier3,theme-fill
gym:tier2:福爷,gen9,gym:卡洛斯地区:福爷:4,福爷,2,1,jumpluff,Jumpluff,4,4,tier2,representative-exact-tier
gym:tier2:福爷,gen9,gym:卡洛斯地区:福爷:4,福爷,2,2,gogoat,Gogoat,6,5,tier3,representative-near-tier
gym:tier2:福爷,gen9,gym:卡洛斯地区:福爷:4,福爷,2,3,abomasnow,Abomasnow,5,5,tier3,theme-fill
gym:tier2:福爷,gen9,gym:卡洛斯地区:福爷:4,福爷,3,1,jumpluff,Jumpluff,4,4,tier2,representative-exact-tier
gym:tier2:福爷,gen9,gym:卡洛斯地区:福爷:4,福爷,3,2,gogoat,Gogoat,6,5,tier3,representative-near-tier
gym:tier2:福爷,gen9,gym:卡洛斯地区:福爷:4,福爷,3,3,abomasnow,Abomasnow,5,5,tier3,theme-fill
gym:tier2:福爷,gen9,gym:卡洛斯地区:福爷:4,福爷,4,1,jumpluff,Jumpluff,4,4,tier2,representative-exact-tier
gym:tier2:福爷,gen9,gym:卡洛斯地区:福爷:4,福爷,4,2,gogoat,Gogoat,6,5,tier3,representative-near-tier
gym:tier2:福爷,gen9,gym:卡洛斯地区:福爷:4,福爷,4,3,abomasnow,Abomasnow,5,5,tier3,theme-fill
gym:tier2:希特隆,none,gym:卡洛斯地区:希特隆:5,希特隆,1,1,emolga,Emolga,4,4,tier2,representative-exact-tier
gym:tier2:希特隆,none,gym:卡洛斯地区:希特隆:5,希特隆,1,2,heliolisk,Heliolisk,5,5,tier3,representative-exact-tier
gym:tier2:希特隆,none,gym:卡洛斯地区:希特隆:5,希特隆,1,3,altaria,Altaria,5,5,tier3,theme-fill
gym:tier2:希特隆,none,gym:卡洛斯地区:希特隆:5,希特隆,2,1,emolga,Emolga,4,4,tier2,representative-exact-tier
gym:tier2:希特隆,none,gym:卡洛斯地区:希特隆:5,希特隆,2,2,heliolisk,Heliolisk,5,5,tier3,representative-exact-tier
gym:tier2:希特隆,none,gym:卡洛斯地区:希特隆:5,希特隆,2,3,altaria,Altaria,5,5,tier3,theme-fill
gym:tier2:希特隆,none,gym:卡洛斯地区:希特隆:5,希特隆,3,1,emolga,Emolga,4,4,tier2,representative-exact-tier
gym:tier2:希特隆,none,gym:卡洛斯地区:希特隆:5,希特隆,3,2,heliolisk,Heliolisk,5,5,tier3,representative-exact-tier
gym:tier2:希特隆,none,gym:卡洛斯地区:希特隆:5,希特隆,3,3,altaria,Altaria,5,5,tier3,theme-fill
gym:tier2:希特隆,none,gym:卡洛斯地区:希特隆:5,希特隆,4,1,emolga,Emolga,4,4,tier2,representative-exact-tier
gym:tier2:希特隆,none,gym:卡洛斯地区:希特隆:5,希特隆,4,2,heliolisk,Heliolisk,5,5,tier3,representative-exact-tier
gym:tier2:希特隆,none,gym:卡洛斯地区:希特隆:5,希特隆,4,3,altaria,Altaria,5,5,tier3,theme-fill
gym:tier2:希特隆,gen7,gym:卡洛斯地区:希特隆:5,希特隆,1,1,emolga,Emolga,4,4,tier2,representative-exact-tier
gym:tier2:希特隆,gen7,gym:卡洛斯地区:希特隆:5,希特隆,1,2,heliolisk,Heliolisk,5,5,tier3,representative-exact-tier
gym:tier2:希特隆,gen7,gym:卡洛斯地区:希特隆:5,希特隆,1,3,altaria,Altaria,5,5,tier3,theme-fill
gym:tier2:希特隆,gen7,gym:卡洛斯地区:希特隆:5,希特隆,2,1,emolga,Emolga,4,4,tier2,representative-exact-tier
gym:tier2:希特隆,gen7,gym:卡洛斯地区:希特隆:5,希特隆,2,2,heliolisk,Heliolisk,5,5,tier3,representative-exact-tier
gym:tier2:希特隆,gen7,gym:卡洛斯地区:希特隆:5,希特隆,2,3,altaria,Altaria,5,5,tier3,theme-fill
gym:tier2:希特隆,gen7,gym:卡洛斯地区:希特隆:5,希特隆,3,1,emolga,Emolga,4,4,tier2,representative-exact-tier
gym:tier2:希特隆,gen7,gym:卡洛斯地区:希特隆:5,希特隆,3,2,heliolisk,Heliolisk,5,5,tier3,representative-exact-tier
gym:tier2:希特隆,gen7,gym:卡洛斯地区:希特隆:5,希特隆,3,3,altaria,Altaria,5,5,tier3,theme-fill
gym:tier2:希特隆,gen7,gym:卡洛斯地区:希特隆:5,希特隆,4,1,emolga,Emolga,4,4,tier2,representative-exact-tier
gym:tier2:希特隆,gen7,gym:卡洛斯地区:希特隆:5,希特隆,4,2,heliolisk,Heliolisk,5,5,tier3,representative-exact-tier
gym:tier2:希特隆,gen7,gym:卡洛斯地区:希特隆:5,希特隆,4,3,altaria,Altaria,5,5,tier3,theme-fill
gym:tier2:希特隆,gen8,gym:卡洛斯地区:希特隆:5,希特隆,1,1,emolga,Emolga,4,4,tier2,representative-exact-tier
gym:tier2:希特隆,gen8,gym:卡洛斯地区:希特隆:5,希特隆,1,2,heliolisk,Heliolisk,5,5,tier3,representative-exact-tier
gym:tier2:希特隆,gen8,gym:卡洛斯地区:希特隆:5,希特隆,1,3,hatterene,Hatterene,5,5,tier3,gmax-system-fill
gym:tier2:希特隆,gen8,gym:卡洛斯地区:希特隆:5,希特隆,2,1,emolga,Emolga,4,4,tier2,representative-exact-tier
gym:tier2:希特隆,gen8,gym:卡洛斯地区:希特隆:5,希特隆,2,2,heliolisk,Heliolisk,5,5,tier3,representative-exact-tier
gym:tier2:希特隆,gen8,gym:卡洛斯地区:希特隆:5,希特隆,2,3,grimmsnarl,Grimmsnarl,5,5,tier3,gmax-system-fill
gym:tier2:希特隆,gen8,gym:卡洛斯地区:希特隆:5,希特隆,3,1,emolga,Emolga,4,4,tier2,representative-exact-tier
gym:tier2:希特隆,gen8,gym:卡洛斯地区:希特隆:5,希特隆,3,2,heliolisk,Heliolisk,5,5,tier3,representative-exact-tier
gym:tier2:希特隆,gen8,gym:卡洛斯地区:希特隆:5,希特隆,3,3,sandaconda,Sandaconda,5,5,tier3,gmax-system-fill
gym:tier2:希特隆,gen8,gym:卡洛斯地区:希特隆:5,希特隆,4,1,emolga,Emolga,4,4,tier2,representative-exact-tier
gym:tier2:希特隆,gen8,gym:卡洛斯地区:希特隆:5,希特隆,4,2,heliolisk,Heliolisk,5,5,tier3,representative-exact-tier
gym:tier2:希特隆,gen8,gym:卡洛斯地区:希特隆:5,希特隆,4,3,coalossal,Coalossal,5,5,tier3,gmax-system-fill
gym:tier2:希特隆,gen9,gym:卡洛斯地区:希特隆:5,希特隆,1,1,emolga,Emolga,4,4,tier2,representative-exact-tier
gym:tier2:希特隆,gen9,gym:卡洛斯地区:希特隆:5,希特隆,1,2,heliolisk,Heliolisk,5,5,tier3,representative-exact-tier
gym:tier2:希特隆,gen9,gym:卡洛斯地区:希特隆:5,希特隆,1,3,altaria,Altaria,5,5,tier3,theme-fill
gym:tier2:希特隆,gen9,gym:卡洛斯地区:希特隆:5,希特隆,2,1,emolga,Emolga,4,4,tier2,representative-exact-tier
gym:tier2:希特隆,gen9,gym:卡洛斯地区:希特隆:5,希特隆,2,2,heliolisk,Heliolisk,5,5,tier3,representative-exact-tier
gym:tier2:希特隆,gen9,gym:卡洛斯地区:希特隆:5,希特隆,2,3,altaria,Altaria,5,5,tier3,theme-fill
gym:tier2:希特隆,gen9,gym:卡洛斯地区:希特隆:5,希特隆,3,1,emolga,Emolga,4,4,tier2,representative-exact-tier
gym:tier2:希特隆,gen9,gym:卡洛斯地区:希特隆:5,希特隆,3,2,heliolisk,Heliolisk,5,5,tier3,representative-exact-tier
gym:tier2:希特隆,gen9,gym:卡洛斯地区:希特隆:5,希特隆,3,3,altaria,Altaria,5,5,tier3,theme-fill
gym:tier2:希特隆,gen9,gym:卡洛斯地区:希特隆:5,希特隆,4,1,emolga,Emolga,4,4,tier2,representative-exact-tier
gym:tier2:希特隆,gen9,gym:卡洛斯地区:希特隆:5,希特隆,4,2,heliolisk,Heliolisk,5,5,tier3,representative-exact-tier
gym:tier2:希特隆,gen9,gym:卡洛斯地区:希特隆:5,希特隆,4,3,altaria,Altaria,5,5,tier3,theme-fill
gym:tier2:玛绣,none,gym:卡洛斯地区:玛绣:6,玛绣,1,1,mrmime,Mr. Mime,4,4,tier2,representative-exact-tier
gym:tier2:玛绣,none,gym:卡洛斯地区:玛绣:6,玛绣,1,2,sylveon,Sylveon,6,5,tier3,representative-near-tier
gym:tier2:玛绣,none,gym:卡洛斯地区:玛绣:6,玛绣,1,3,armarouge,Armarouge,5,5,tier3,theme-fill
gym:tier2:玛绣,none,gym:卡洛斯地区:玛绣:6,玛绣,2,1,mrmime,Mr. Mime,4,4,tier2,representative-exact-tier
gym:tier2:玛绣,none,gym:卡洛斯地区:玛绣:6,玛绣,2,2,sylveon,Sylveon,6,5,tier3,representative-near-tier
gym:tier2:玛绣,none,gym:卡洛斯地区:玛绣:6,玛绣,2,3,armarouge,Armarouge,5,5,tier3,theme-fill
gym:tier2:玛绣,none,gym:卡洛斯地区:玛绣:6,玛绣,3,1,mrmime,Mr. Mime,4,4,tier2,representative-exact-tier
gym:tier2:玛绣,none,gym:卡洛斯地区:玛绣:6,玛绣,3,2,sylveon,Sylveon,6,5,tier3,representative-near-tier
gym:tier2:玛绣,none,gym:卡洛斯地区:玛绣:6,玛绣,3,3,armarouge,Armarouge,5,5,tier3,theme-fill
gym:tier2:玛绣,none,gym:卡洛斯地区:玛绣:6,玛绣,4,1,mrmime,Mr. Mime,4,4,tier2,representative-exact-tier
gym:tier2:玛绣,none,gym:卡洛斯地区:玛绣:6,玛绣,4,2,sylveon,Sylveon,6,5,tier3,representative-near-tier
gym:tier2:玛绣,none,gym:卡洛斯地区:玛绣:6,玛绣,4,3,armarouge,Armarouge,5,5,tier3,theme-fill
gym:tier2:玛绣,gen7,gym:卡洛斯地区:玛绣:6,玛绣,1,1,mrmime,Mr. Mime,4,4,tier2,representative-exact-tier
gym:tier2:玛绣,gen7,gym:卡洛斯地区:玛绣:6,玛绣,1,2,sylveon,Sylveon,6,5,tier3,representative-near-tier
gym:tier2:玛绣,gen7,gym:卡洛斯地区:玛绣:6,玛绣,1,3,slowbro,Slowbro,5,5,tier3,mega-system-fill-theme
gym:tier2:玛绣,gen7,gym:卡洛斯地区:玛绣:6,玛绣,2,1,mrmime,Mr. Mime,4,4,tier2,representative-exact-tier
gym:tier2:玛绣,gen7,gym:卡洛斯地区:玛绣:6,玛绣,2,2,sylveon,Sylveon,6,5,tier3,representative-near-tier
gym:tier2:玛绣,gen7,gym:卡洛斯地区:玛绣:6,玛绣,2,3,slowbro,Slowbro,5,5,tier3,mega-system-fill-theme
gym:tier2:玛绣,gen7,gym:卡洛斯地区:玛绣:6,玛绣,3,1,mrmime,Mr. Mime,4,4,tier2,representative-exact-tier
gym:tier2:玛绣,gen7,gym:卡洛斯地区:玛绣:6,玛绣,3,2,sylveon,Sylveon,6,5,tier3,representative-near-tier
gym:tier2:玛绣,gen7,gym:卡洛斯地区:玛绣:6,玛绣,3,3,slowbro,Slowbro,5,5,tier3,mega-system-fill-theme
gym:tier2:玛绣,gen7,gym:卡洛斯地区:玛绣:6,玛绣,4,1,mrmime,Mr. Mime,4,4,tier2,representative-exact-tier
gym:tier2:玛绣,gen7,gym:卡洛斯地区:玛绣:6,玛绣,4,2,sylveon,Sylveon,6,5,tier3,representative-near-tier
gym:tier2:玛绣,gen7,gym:卡洛斯地区:玛绣:6,玛绣,4,3,slowbro,Slowbro,5,5,tier3,mega-system-fill-theme
gym:tier2:玛绣,gen8,gym:卡洛斯地区:玛绣:6,玛绣,1,1,mrmime,Mr. Mime,4,4,tier2,representative-exact-tier
gym:tier2:玛绣,gen8,gym:卡洛斯地区:玛绣:6,玛绣,1,2,sylveon,Sylveon,6,5,tier3,representative-near-tier
gym:tier2:玛绣,gen8,gym:卡洛斯地区:玛绣:6,玛绣,1,3,grimmsnarl,Grimmsnarl,5,5,tier3,gmax-system-fill-theme
gym:tier2:玛绣,gen8,gym:卡洛斯地区:玛绣:6,玛绣,2,1,mrmime,Mr. Mime,4,4,tier2,representative-exact-tier
gym:tier2:玛绣,gen8,gym:卡洛斯地区:玛绣:6,玛绣,2,2,sylveon,Sylveon,6,5,tier3,representative-near-tier
gym:tier2:玛绣,gen8,gym:卡洛斯地区:玛绣:6,玛绣,2,3,grimmsnarl,Grimmsnarl,5,5,tier3,gmax-system-fill-theme
gym:tier2:玛绣,gen8,gym:卡洛斯地区:玛绣:6,玛绣,3,1,mrmime,Mr. Mime,4,4,tier2,representative-exact-tier
gym:tier2:玛绣,gen8,gym:卡洛斯地区:玛绣:6,玛绣,3,2,sylveon,Sylveon,6,5,tier3,representative-near-tier
gym:tier2:玛绣,gen8,gym:卡洛斯地区:玛绣:6,玛绣,3,3,grimmsnarl,Grimmsnarl,5,5,tier3,gmax-system-fill-theme
gym:tier2:玛绣,gen8,gym:卡洛斯地区:玛绣:6,玛绣,4,1,mrmime,Mr. Mime,4,4,tier2,representative-exact-tier
gym:tier2:玛绣,gen8,gym:卡洛斯地区:玛绣:6,玛绣,4,2,sylveon,Sylveon,6,5,tier3,representative-near-tier
gym:tier2:玛绣,gen8,gym:卡洛斯地区:玛绣:6,玛绣,4,3,grimmsnarl,Grimmsnarl,5,5,tier3,gmax-system-fill-theme
gym:tier2:玛绣,gen9,gym:卡洛斯地区:玛绣:6,玛绣,1,1,mrmime,Mr. Mime,4,4,tier2,representative-exact-tier
gym:tier2:玛绣,gen9,gym:卡洛斯地区:玛绣:6,玛绣,1,2,sylveon,Sylveon,6,5,tier3,representative-near-tier
gym:tier2:玛绣,gen9,gym:卡洛斯地区:玛绣:6,玛绣,1,3,armarouge,Armarouge,5,5,tier3,theme-fill
gym:tier2:玛绣,gen9,gym:卡洛斯地区:玛绣:6,玛绣,2,1,mrmime,Mr. Mime,4,4,tier2,representative-exact-tier
gym:tier2:玛绣,gen9,gym:卡洛斯地区:玛绣:6,玛绣,2,2,sylveon,Sylveon,6,5,tier3,representative-near-tier
gym:tier2:玛绣,gen9,gym:卡洛斯地区:玛绣:6,玛绣,2,3,armarouge,Armarouge,5,5,tier3,theme-fill
gym:tier2:玛绣,gen9,gym:卡洛斯地区:玛绣:6,玛绣,3,1,mrmime,Mr. Mime,4,4,tier2,representative-exact-tier
gym:tier2:玛绣,gen9,gym:卡洛斯地区:玛绣:6,玛绣,3,2,sylveon,Sylveon,6,5,tier3,representative-near-tier
gym:tier2:玛绣,gen9,gym:卡洛斯地区:玛绣:6,玛绣,3,3,armarouge,Armarouge,5,5,tier3,theme-fill
gym:tier2:玛绣,gen9,gym:卡洛斯地区:玛绣:6,玛绣,4,1,mrmime,Mr. Mime,4,4,tier2,representative-exact-tier
gym:tier2:玛绣,gen9,gym:卡洛斯地区:玛绣:6,玛绣,4,2,sylveon,Sylveon,6,5,tier3,representative-near-tier
gym:tier2:玛绣,gen9,gym:卡洛斯地区:玛绣:6,玛绣,4,3,armarouge,Armarouge,5,5,tier3,theme-fill
gym:tier3:葛吉花,none,gym:卡洛斯地区:葛吉花:7,葛吉花,1,1,sigilyph,Sigilyph,5,5,tier3,representative-exact-tier
gym:tier3:葛吉花,none,gym:卡洛斯地区:葛吉花:7,葛吉花,1,2,slowking,Slowking,5,5,tier4,representative-exact-tier
gym:tier3:葛吉花,none,gym:卡洛斯地区:葛吉花:7,葛吉花,1,3,aerodactyl,Aerodactyl,6,6,tier4,theme-fill
gym:tier3:葛吉花,none,gym:卡洛斯地区:葛吉花:7,葛吉花,2,1,sigilyph,Sigilyph,5,5,tier3,representative-exact-tier
gym:tier3:葛吉花,none,gym:卡洛斯地区:葛吉花:7,葛吉花,2,2,slowking,Slowking,5,5,tier4,representative-exact-tier
gym:tier3:葛吉花,none,gym:卡洛斯地区:葛吉花:7,葛吉花,2,3,aerodactyl,Aerodactyl,6,6,tier4,theme-fill
gym:tier3:葛吉花,none,gym:卡洛斯地区:葛吉花:7,葛吉花,3,1,sigilyph,Sigilyph,5,5,tier3,representative-exact-tier
gym:tier3:葛吉花,none,gym:卡洛斯地区:葛吉花:7,葛吉花,3,2,slowking,Slowking,5,5,tier4,representative-exact-tier
gym:tier3:葛吉花,none,gym:卡洛斯地区:葛吉花:7,葛吉花,3,3,aerodactyl,Aerodactyl,6,6,tier4,theme-fill
gym:tier3:葛吉花,none,gym:卡洛斯地区:葛吉花:7,葛吉花,4,1,sigilyph,Sigilyph,5,5,tier3,representative-exact-tier
gym:tier3:葛吉花,none,gym:卡洛斯地区:葛吉花:7,葛吉花,4,2,slowking,Slowking,5,5,tier4,representative-exact-tier
gym:tier3:葛吉花,none,gym:卡洛斯地区:葛吉花:7,葛吉花,4,3,aerodactyl,Aerodactyl,6,6,tier4,theme-fill
gym:tier3:葛吉花,gen7,gym:卡洛斯地区:葛吉花:7,葛吉花,1,1,sigilyph,Sigilyph,5,5,tier3,representative-exact-tier
gym:tier3:葛吉花,gen7,gym:卡洛斯地区:葛吉花:7,葛吉花,1,2,slowking,Slowking,5,5,tier4,representative-exact-tier
gym:tier3:葛吉花,gen7,gym:卡洛斯地区:葛吉花:7,葛吉花,1,3,aerodactyl,Aerodactyl,6,6,tier4,theme-fill
gym:tier3:葛吉花,gen7,gym:卡洛斯地区:葛吉花:7,葛吉花,2,1,sigilyph,Sigilyph,5,5,tier3,representative-exact-tier
gym:tier3:葛吉花,gen7,gym:卡洛斯地区:葛吉花:7,葛吉花,2,2,slowking,Slowking,5,5,tier4,representative-exact-tier
gym:tier3:葛吉花,gen7,gym:卡洛斯地区:葛吉花:7,葛吉花,2,3,aerodactyl,Aerodactyl,6,6,tier4,theme-fill
gym:tier3:葛吉花,gen7,gym:卡洛斯地区:葛吉花:7,葛吉花,3,1,sigilyph,Sigilyph,5,5,tier3,representative-exact-tier
gym:tier3:葛吉花,gen7,gym:卡洛斯地区:葛吉花:7,葛吉花,3,2,slowking,Slowking,5,5,tier4,representative-exact-tier
gym:tier3:葛吉花,gen7,gym:卡洛斯地区:葛吉花:7,葛吉花,3,3,aerodactyl,Aerodactyl,6,6,tier4,theme-fill
gym:tier3:葛吉花,gen7,gym:卡洛斯地区:葛吉花:7,葛吉花,4,1,sigilyph,Sigilyph,5,5,tier3,representative-exact-tier
gym:tier3:葛吉花,gen7,gym:卡洛斯地区:葛吉花:7,葛吉花,4,2,slowking,Slowking,5,5,tier4,representative-exact-tier
gym:tier3:葛吉花,gen7,gym:卡洛斯地区:葛吉花:7,葛吉花,4,3,aerodactyl,Aerodactyl,6,6,tier4,theme-fill
gym:tier3:葛吉花,gen8,gym:卡洛斯地区:葛吉花:7,葛吉花,1,1,sigilyph,Sigilyph,5,5,tier3,representative-exact-tier
gym:tier3:葛吉花,gen8,gym:卡洛斯地区:葛吉花:7,葛吉花,1,2,slowking,Slowking,5,5,tier4,representative-exact-tier
gym:tier3:葛吉花,gen8,gym:卡洛斯地区:葛吉花:7,葛吉花,1,3,blastoise,Blastoise,6,6,tier4,gmax-system-fill-theme
gym:tier3:葛吉花,gen8,gym:卡洛斯地区:葛吉花:7,葛吉花,2,1,sigilyph,Sigilyph,5,5,tier3,representative-exact-tier
gym:tier3:葛吉花,gen8,gym:卡洛斯地区:葛吉花:7,葛吉花,2,2,slowking,Slowking,5,5,tier4,representative-exact-tier
gym:tier3:葛吉花,gen8,gym:卡洛斯地区:葛吉花:7,葛吉花,2,3,blastoise,Blastoise,6,6,tier4,gmax-system-fill-theme
gym:tier3:葛吉花,gen8,gym:卡洛斯地区:葛吉花:7,葛吉花,3,1,sigilyph,Sigilyph,5,5,tier3,representative-exact-tier
gym:tier3:葛吉花,gen8,gym:卡洛斯地区:葛吉花:7,葛吉花,3,2,slowking,Slowking,5,5,tier4,representative-exact-tier
gym:tier3:葛吉花,gen8,gym:卡洛斯地区:葛吉花:7,葛吉花,3,3,blastoise,Blastoise,6,6,tier4,gmax-system-fill-theme
gym:tier3:葛吉花,gen8,gym:卡洛斯地区:葛吉花:7,葛吉花,4,1,sigilyph,Sigilyph,5,5,tier3,representative-exact-tier
gym:tier3:葛吉花,gen8,gym:卡洛斯地区:葛吉花:7,葛吉花,4,2,slowking,Slowking,5,5,tier4,representative-exact-tier
gym:tier3:葛吉花,gen8,gym:卡洛斯地区:葛吉花:7,葛吉花,4,3,blastoise,Blastoise,6,6,tier4,gmax-system-fill-theme
gym:tier3:葛吉花,gen9,gym:卡洛斯地区:葛吉花:7,葛吉花,1,1,sigilyph,Sigilyph,5,5,tier3,representative-exact-tier
gym:tier3:葛吉花,gen9,gym:卡洛斯地区:葛吉花:7,葛吉花,1,2,slowking,Slowking,5,5,tier4,representative-exact-tier
gym:tier3:葛吉花,gen9,gym:卡洛斯地区:葛吉花:7,葛吉花,1,3,aerodactyl,Aerodactyl,6,6,tier4,theme-fill
gym:tier3:葛吉花,gen9,gym:卡洛斯地区:葛吉花:7,葛吉花,2,1,sigilyph,Sigilyph,5,5,tier3,representative-exact-tier
gym:tier3:葛吉花,gen9,gym:卡洛斯地区:葛吉花:7,葛吉花,2,2,slowking,Slowking,5,5,tier4,representative-exact-tier
gym:tier3:葛吉花,gen9,gym:卡洛斯地区:葛吉花:7,葛吉花,2,3,aerodactyl,Aerodactyl,6,6,tier4,theme-fill
gym:tier3:葛吉花,gen9,gym:卡洛斯地区:葛吉花:7,葛吉花,3,1,sigilyph,Sigilyph,5,5,tier3,representative-exact-tier
gym:tier3:葛吉花,gen9,gym:卡洛斯地区:葛吉花:7,葛吉花,3,2,slowking,Slowking,5,5,tier4,representative-exact-tier
gym:tier3:葛吉花,gen9,gym:卡洛斯地区:葛吉花:7,葛吉花,3,3,aerodactyl,Aerodactyl,6,6,tier4,theme-fill
gym:tier3:葛吉花,gen9,gym:卡洛斯地区:葛吉花:7,葛吉花,4,1,sigilyph,Sigilyph,5,5,tier3,representative-exact-tier
gym:tier3:葛吉花,gen9,gym:卡洛斯地区:葛吉花:7,葛吉花,4,2,slowking,Slowking,5,5,tier4,representative-exact-tier
gym:tier3:葛吉花,gen9,gym:卡洛斯地区:葛吉花:7,葛吉花,4,3,aerodactyl,Aerodactyl,6,6,tier4,theme-fill
gym:tier3:得抚,none,gym:卡洛斯地区:得抚:8,得抚,1,1,abomasnow,Abomasnow,5,5,tier3,representative-exact-tier
gym:tier3:得抚,none,gym:卡洛斯地区:得抚:8,得抚,1,2,avalugg,Avalugg,5,5,tier4,representative-exact-tier
gym:tier3:得抚,none,gym:卡洛斯地区:得抚:8,得抚,1,3,cryogonal,Cryogonal,6,6,tier4,representative-exact-tier
gym:tier3:得抚,none,gym:卡洛斯地区:得抚:8,得抚,2,1,abomasnow,Abomasnow,5,5,tier3,representative-exact-tier
gym:tier3:得抚,none,gym:卡洛斯地区:得抚:8,得抚,2,2,avalugg,Avalugg,5,5,tier4,representative-exact-tier
gym:tier3:得抚,none,gym:卡洛斯地区:得抚:8,得抚,2,3,cryogonal,Cryogonal,6,6,tier4,representative-exact-tier
gym:tier3:得抚,none,gym:卡洛斯地区:得抚:8,得抚,3,1,abomasnow,Abomasnow,5,5,tier3,representative-exact-tier
gym:tier3:得抚,none,gym:卡洛斯地区:得抚:8,得抚,3,2,avalugg,Avalugg,5,5,tier4,representative-exact-tier
gym:tier3:得抚,none,gym:卡洛斯地区:得抚:8,得抚,3,3,cryogonal,Cryogonal,6,6,tier4,representative-exact-tier
gym:tier3:得抚,none,gym:卡洛斯地区:得抚:8,得抚,4,1,abomasnow,Abomasnow,5,5,tier3,representative-exact-tier
gym:tier3:得抚,none,gym:卡洛斯地区:得抚:8,得抚,4,2,avalugg,Avalugg,5,5,tier4,representative-exact-tier
gym:tier3:得抚,none,gym:卡洛斯地区:得抚:8,得抚,4,3,cryogonal,Cryogonal,6,6,tier4,representative-exact-tier
gym:tier3:得抚,gen7,gym:卡洛斯地区:得抚:8,得抚,1,1,abomasnow,Abomasnow,5,5,tier3,representative-exact-tier
gym:tier3:得抚,gen7,gym:卡洛斯地区:得抚:8,得抚,1,2,avalugg,Avalugg,5,5,tier4,representative-exact-tier
gym:tier3:得抚,gen7,gym:卡洛斯地区:得抚:8,得抚,1,3,cryogonal,Cryogonal,6,6,tier4,representative-exact-tier
gym:tier3:得抚,gen7,gym:卡洛斯地区:得抚:8,得抚,2,1,abomasnow,Abomasnow,5,5,tier3,representative-exact-tier
gym:tier3:得抚,gen7,gym:卡洛斯地区:得抚:8,得抚,2,2,avalugg,Avalugg,5,5,tier4,representative-exact-tier
gym:tier3:得抚,gen7,gym:卡洛斯地区:得抚:8,得抚,2,3,cryogonal,Cryogonal,6,6,tier4,representative-exact-tier
gym:tier3:得抚,gen7,gym:卡洛斯地区:得抚:8,得抚,3,1,abomasnow,Abomasnow,5,5,tier3,representative-exact-tier
gym:tier3:得抚,gen7,gym:卡洛斯地区:得抚:8,得抚,3,2,avalugg,Avalugg,5,5,tier4,representative-exact-tier
gym:tier3:得抚,gen7,gym:卡洛斯地区:得抚:8,得抚,3,3,cryogonal,Cryogonal,6,6,tier4,representative-exact-tier
gym:tier3:得抚,gen7,gym:卡洛斯地区:得抚:8,得抚,4,1,abomasnow,Abomasnow,5,5,tier3,representative-exact-tier
gym:tier3:得抚,gen7,gym:卡洛斯地区:得抚:8,得抚,4,2,avalugg,Avalugg,5,5,tier4,representative-exact-tier
gym:tier3:得抚,gen7,gym:卡洛斯地区:得抚:8,得抚,4,3,cryogonal,Cryogonal,6,6,tier4,representative-exact-tier
gym:tier3:得抚,gen8,gym:卡洛斯地区:得抚:8,得抚,1,1,abomasnow,Abomasnow,5,5,tier3,representative-exact-tier
gym:tier3:得抚,gen8,gym:卡洛斯地区:得抚:8,得抚,1,2,avalugg,Avalugg,5,5,tier4,representative-exact-tier
gym:tier3:得抚,gen8,gym:卡洛斯地区:得抚:8,得抚,1,3,lapras,Lapras,6,6,tier4,gmax-system-fill-theme
gym:tier3:得抚,gen8,gym:卡洛斯地区:得抚:8,得抚,2,1,abomasnow,Abomasnow,5,5,tier3,representative-exact-tier
gym:tier3:得抚,gen8,gym:卡洛斯地区:得抚:8,得抚,2,2,avalugg,Avalugg,5,5,tier4,representative-exact-tier
gym:tier3:得抚,gen8,gym:卡洛斯地区:得抚:8,得抚,2,3,lapras,Lapras,6,6,tier4,gmax-system-fill-theme
gym:tier3:得抚,gen8,gym:卡洛斯地区:得抚:8,得抚,3,1,abomasnow,Abomasnow,5,5,tier3,representative-exact-tier
gym:tier3:得抚,gen8,gym:卡洛斯地区:得抚:8,得抚,3,2,avalugg,Avalugg,5,5,tier4,representative-exact-tier
gym:tier3:得抚,gen8,gym:卡洛斯地区:得抚:8,得抚,3,3,lapras,Lapras,6,6,tier4,gmax-system-fill-theme
gym:tier3:得抚,gen8,gym:卡洛斯地区:得抚:8,得抚,4,1,abomasnow,Abomasnow,5,5,tier3,representative-exact-tier
gym:tier3:得抚,gen8,gym:卡洛斯地区:得抚:8,得抚,4,2,avalugg,Avalugg,5,5,tier4,representative-exact-tier
gym:tier3:得抚,gen8,gym:卡洛斯地区:得抚:8,得抚,4,3,lapras,Lapras,6,6,tier4,gmax-system-fill-theme
gym:tier3:得抚,gen9,gym:卡洛斯地区:得抚:8,得抚,1,1,abomasnow,Abomasnow,5,5,tier3,representative-exact-tier
gym:tier3:得抚,gen9,gym:卡洛斯地区:得抚:8,得抚,1,2,avalugg,Avalugg,5,5,tier4,representative-exact-tier
gym:tier3:得抚,gen9,gym:卡洛斯地区:得抚:8,得抚,1,3,cryogonal,Cryogonal,6,6,tier4,representative-exact-tier
gym:tier3:得抚,gen9,gym:卡洛斯地区:得抚:8,得抚,2,1,abomasnow,Abomasnow,5,5,tier3,representative-exact-tier
gym:tier3:得抚,gen9,gym:卡洛斯地区:得抚:8,得抚,2,2,avalugg,Avalugg,5,5,tier4,representative-exact-tier
gym:tier3:得抚,gen9,gym:卡洛斯地区:得抚:8,得抚,2,3,cryogonal,Cryogonal,6,6,tier4,representative-exact-tier
gym:tier3:得抚,gen9,gym:卡洛斯地区:得抚:8,得抚,3,1,abomasnow,Abomasnow,5,5,tier3,representative-exact-tier
gym:tier3:得抚,gen9,gym:卡洛斯地区:得抚:8,得抚,3,2,avalugg,Avalugg,5,5,tier4,representative-exact-tier
gym:tier3:得抚,gen9,gym:卡洛斯地区:得抚:8,得抚,3,3,cryogonal,Cryogonal,6,6,tier4,representative-exact-tier
gym:tier3:得抚,gen9,gym:卡洛斯地区:得抚:8,得抚,4,1,abomasnow,Abomasnow,5,5,tier3,representative-exact-tier
gym:tier3:得抚,gen9,gym:卡洛斯地区:得抚:8,得抚,4,2,avalugg,Avalugg,5,5,tier4,representative-exact-tier
gym:tier3:得抚,gen9,gym:卡洛斯地区:得抚:8,得抚,4,3,cryogonal,Cryogonal,6,6,tier4,representative-exact-tier
elite4:elite4:帕琦拉,none,elite4:卡洛斯地区:帕琦拉:1,帕琦拉,1,1,pyroar,Pyroar,5,5,tier3,representative-exact-tier
elite4:elite4:帕琦拉,none,elite4:卡洛斯地区:帕琦拉:1,帕琦拉,1,2,torkoal,Torkoal,5,5,tier4,representative-exact-tier
elite4:elite4:帕琦拉,none,elite4:卡洛斯地区:帕琦拉:1,帕琦拉,1,3,chandelure,Chandelure,6,6,tier4,representative-exact-tier
elite4:elite4:帕琦拉,none,elite4:卡洛斯地区:帕琦拉:1,帕琦拉,2,1,pyroar,Pyroar,5,5,tier3,representative-exact-tier
elite4:elite4:帕琦拉,none,elite4:卡洛斯地区:帕琦拉:1,帕琦拉,2,2,torkoal,Torkoal,5,5,tier4,representative-exact-tier
elite4:elite4:帕琦拉,none,elite4:卡洛斯地区:帕琦拉:1,帕琦拉,2,3,chandelure,Chandelure,6,6,tier4,representative-exact-tier
elite4:elite4:帕琦拉,none,elite4:卡洛斯地区:帕琦拉:1,帕琦拉,3,1,pyroar,Pyroar,5,5,tier3,representative-exact-tier
elite4:elite4:帕琦拉,none,elite4:卡洛斯地区:帕琦拉:1,帕琦拉,3,2,torkoal,Torkoal,5,5,tier4,representative-exact-tier
elite4:elite4:帕琦拉,none,elite4:卡洛斯地区:帕琦拉:1,帕琦拉,3,3,chandelure,Chandelure,6,6,tier4,representative-exact-tier
elite4:elite4:帕琦拉,none,elite4:卡洛斯地区:帕琦拉:1,帕琦拉,4,1,pyroar,Pyroar,5,5,tier3,representative-exact-tier
elite4:elite4:帕琦拉,none,elite4:卡洛斯地区:帕琦拉:1,帕琦拉,4,2,torkoal,Torkoal,5,5,tier4,representative-exact-tier
elite4:elite4:帕琦拉,none,elite4:卡洛斯地区:帕琦拉:1,帕琦拉,4,3,chandelure,Chandelure,6,6,tier4,representative-exact-tier
elite4:elite4:帕琦拉,gen7,elite4:卡洛斯地区:帕琦拉:1,帕琦拉,1,1,pyroar,Pyroar,5,5,tier3,representative-exact-tier
elite4:elite4:帕琦拉,gen7,elite4:卡洛斯地区:帕琦拉:1,帕琦拉,1,2,torkoal,Torkoal,5,5,tier4,representative-exact-tier
elite4:elite4:帕琦拉,gen7,elite4:卡洛斯地区:帕琦拉:1,帕琦拉,1,3,aerodactyl,Aerodactyl,6,6,tier4,mega-system-fill-theme
elite4:elite4:帕琦拉,gen7,elite4:卡洛斯地区:帕琦拉:1,帕琦拉,2,1,pyroar,Pyroar,5,5,tier3,representative-exact-tier
elite4:elite4:帕琦拉,gen7,elite4:卡洛斯地区:帕琦拉:1,帕琦拉,2,2,torkoal,Torkoal,5,5,tier4,representative-exact-tier
elite4:elite4:帕琦拉,gen7,elite4:卡洛斯地区:帕琦拉:1,帕琦拉,2,3,aerodactyl,Aerodactyl,6,6,tier4,mega-system-fill-theme
elite4:elite4:帕琦拉,gen7,elite4:卡洛斯地区:帕琦拉:1,帕琦拉,3,1,pyroar,Pyroar,5,5,tier3,representative-exact-tier
elite4:elite4:帕琦拉,gen7,elite4:卡洛斯地区:帕琦拉:1,帕琦拉,3,2,torkoal,Torkoal,5,5,tier4,representative-exact-tier
elite4:elite4:帕琦拉,gen7,elite4:卡洛斯地区:帕琦拉:1,帕琦拉,3,3,aerodactyl,Aerodactyl,6,6,tier4,mega-system-fill-theme
elite4:elite4:帕琦拉,gen7,elite4:卡洛斯地区:帕琦拉:1,帕琦拉,4,1,pyroar,Pyroar,5,5,tier3,representative-exact-tier
elite4:elite4:帕琦拉,gen7,elite4:卡洛斯地区:帕琦拉:1,帕琦拉,4,2,torkoal,Torkoal,5,5,tier4,representative-exact-tier
elite4:elite4:帕琦拉,gen7,elite4:卡洛斯地区:帕琦拉:1,帕琦拉,4,3,aerodactyl,Aerodactyl,6,6,tier4,mega-system-fill-theme
elite4:elite4:帕琦拉,gen8,elite4:卡洛斯地区:帕琦拉:1,帕琦拉,1,1,pyroar,Pyroar,5,5,tier3,representative-exact-tier
elite4:elite4:帕琦拉,gen8,elite4:卡洛斯地区:帕琦拉:1,帕琦拉,1,2,torkoal,Torkoal,5,5,tier4,representative-exact-tier
elite4:elite4:帕琦拉,gen8,elite4:卡洛斯地区:帕琦拉:1,帕琦拉,1,3,charizard,Charizard,6,6,tier4,gmax-system-fill-theme
elite4:elite4:帕琦拉,gen8,elite4:卡洛斯地区:帕琦拉:1,帕琦拉,2,1,pyroar,Pyroar,5,5,tier3,representative-exact-tier
elite4:elite4:帕琦拉,gen8,elite4:卡洛斯地区:帕琦拉:1,帕琦拉,2,2,torkoal,Torkoal,5,5,tier4,representative-exact-tier
elite4:elite4:帕琦拉,gen8,elite4:卡洛斯地区:帕琦拉:1,帕琦拉,2,3,charizard,Charizard,6,6,tier4,gmax-system-fill-theme
elite4:elite4:帕琦拉,gen8,elite4:卡洛斯地区:帕琦拉:1,帕琦拉,3,1,pyroar,Pyroar,5,5,tier3,representative-exact-tier
elite4:elite4:帕琦拉,gen8,elite4:卡洛斯地区:帕琦拉:1,帕琦拉,3,2,torkoal,Torkoal,5,5,tier4,representative-exact-tier
elite4:elite4:帕琦拉,gen8,elite4:卡洛斯地区:帕琦拉:1,帕琦拉,3,3,charizard,Charizard,6,6,tier4,gmax-system-fill-theme
elite4:elite4:帕琦拉,gen8,elite4:卡洛斯地区:帕琦拉:1,帕琦拉,4,1,pyroar,Pyroar,5,5,tier3,representative-exact-tier
elite4:elite4:帕琦拉,gen8,elite4:卡洛斯地区:帕琦拉:1,帕琦拉,4,2,torkoal,Torkoal,5,5,tier4,representative-exact-tier
elite4:elite4:帕琦拉,gen8,elite4:卡洛斯地区:帕琦拉:1,帕琦拉,4,3,charizard,Charizard,6,6,tier4,gmax-system-fill-theme
elite4:elite4:帕琦拉,gen9,elite4:卡洛斯地区:帕琦拉:1,帕琦拉,1,1,pyroar,Pyroar,5,5,tier3,representative-exact-tier
elite4:elite4:帕琦拉,gen9,elite4:卡洛斯地区:帕琦拉:1,帕琦拉,1,2,torkoal,Torkoal,5,5,tier4,representative-exact-tier
elite4:elite4:帕琦拉,gen9,elite4:卡洛斯地区:帕琦拉:1,帕琦拉,1,3,chandelure,Chandelure,6,6,tier4,representative-exact-tier
elite4:elite4:帕琦拉,gen9,elite4:卡洛斯地区:帕琦拉:1,帕琦拉,2,1,pyroar,Pyroar,5,5,tier3,representative-exact-tier
elite4:elite4:帕琦拉,gen9,elite4:卡洛斯地区:帕琦拉:1,帕琦拉,2,2,torkoal,Torkoal,5,5,tier4,representative-exact-tier
elite4:elite4:帕琦拉,gen9,elite4:卡洛斯地区:帕琦拉:1,帕琦拉,2,3,chandelure,Chandelure,6,6,tier4,representative-exact-tier
elite4:elite4:帕琦拉,gen9,elite4:卡洛斯地区:帕琦拉:1,帕琦拉,3,1,pyroar,Pyroar,5,5,tier3,representative-exact-tier
elite4:elite4:帕琦拉,gen9,elite4:卡洛斯地区:帕琦拉:1,帕琦拉,3,2,torkoal,Torkoal,5,5,tier4,representative-exact-tier
elite4:elite4:帕琦拉,gen9,elite4:卡洛斯地区:帕琦拉:1,帕琦拉,3,3,chandelure,Chandelure,6,6,tier4,representative-exact-tier
elite4:elite4:帕琦拉,gen9,elite4:卡洛斯地区:帕琦拉:1,帕琦拉,4,1,pyroar,Pyroar,5,5,tier3,representative-exact-tier
elite4:elite4:帕琦拉,gen9,elite4:卡洛斯地区:帕琦拉:1,帕琦拉,4,2,torkoal,Torkoal,5,5,tier4,representative-exact-tier
elite4:elite4:帕琦拉,gen9,elite4:卡洛斯地区:帕琦拉:1,帕琦拉,4,3,chandelure,Chandelure,6,6,tier4,representative-exact-tier
elite4:elite4:志米,none,elite4:卡洛斯地区:志米:2,志米,1,1,clawitzer,Clawitzer,5,5,tier3,representative-exact-tier
elite4:elite4:志米,none,elite4:卡洛斯地区:志米:2,志米,1,2,starmie,Starmie,6,5,tier4,representative-near-tier
elite4:elite4:志米,none,elite4:卡洛斯地区:志米:2,志米,1,3,gyarados,Gyarados,6,6,tier4,representative-exact-tier
elite4:elite4:志米,none,elite4:卡洛斯地区:志米:2,志米,2,1,clawitzer,Clawitzer,5,5,tier3,representative-exact-tier
elite4:elite4:志米,none,elite4:卡洛斯地区:志米:2,志米,2,2,starmie,Starmie,6,5,tier4,representative-near-tier
elite4:elite4:志米,none,elite4:卡洛斯地区:志米:2,志米,2,3,gyarados,Gyarados,6,6,tier4,representative-exact-tier
elite4:elite4:志米,none,elite4:卡洛斯地区:志米:2,志米,3,1,clawitzer,Clawitzer,5,5,tier3,representative-exact-tier
elite4:elite4:志米,none,elite4:卡洛斯地区:志米:2,志米,3,2,starmie,Starmie,6,5,tier4,representative-near-tier
elite4:elite4:志米,none,elite4:卡洛斯地区:志米:2,志米,3,3,gyarados,Gyarados,6,6,tier4,representative-exact-tier
elite4:elite4:志米,none,elite4:卡洛斯地区:志米:2,志米,4,1,clawitzer,Clawitzer,5,5,tier3,representative-exact-tier
elite4:elite4:志米,none,elite4:卡洛斯地区:志米:2,志米,4,2,starmie,Starmie,6,5,tier4,representative-near-tier
elite4:elite4:志米,none,elite4:卡洛斯地区:志米:2,志米,4,3,gyarados,Gyarados,6,6,tier4,representative-exact-tier
elite4:elite4:志米,gen7,elite4:卡洛斯地区:志米:2,志米,1,1,clawitzer,Clawitzer,5,5,tier3,representative-exact-tier
elite4:elite4:志米,gen7,elite4:卡洛斯地区:志米:2,志米,1,2,starmie,Starmie,6,5,tier4,representative-near-tier
elite4:elite4:志米,gen7,elite4:卡洛斯地区:志米:2,志米,1,3,gyarados,Gyarados,6,6,tier4,representative-exact-tier
elite4:elite4:志米,gen7,elite4:卡洛斯地区:志米:2,志米,2,1,clawitzer,Clawitzer,5,5,tier3,representative-exact-tier
elite4:elite4:志米,gen7,elite4:卡洛斯地区:志米:2,志米,2,2,starmie,Starmie,6,5,tier4,representative-near-tier
elite4:elite4:志米,gen7,elite4:卡洛斯地区:志米:2,志米,2,3,gyarados,Gyarados,6,6,tier4,representative-exact-tier
elite4:elite4:志米,gen7,elite4:卡洛斯地区:志米:2,志米,3,1,clawitzer,Clawitzer,5,5,tier3,representative-exact-tier
elite4:elite4:志米,gen7,elite4:卡洛斯地区:志米:2,志米,3,2,starmie,Starmie,6,5,tier4,representative-near-tier
elite4:elite4:志米,gen7,elite4:卡洛斯地区:志米:2,志米,3,3,gyarados,Gyarados,6,6,tier4,representative-exact-tier
elite4:elite4:志米,gen7,elite4:卡洛斯地区:志米:2,志米,4,1,clawitzer,Clawitzer,5,5,tier3,representative-exact-tier
elite4:elite4:志米,gen7,elite4:卡洛斯地区:志米:2,志米,4,2,starmie,Starmie,6,5,tier4,representative-near-tier
elite4:elite4:志米,gen7,elite4:卡洛斯地区:志米:2,志米,4,3,gyarados,Gyarados,6,6,tier4,representative-exact-tier
elite4:elite4:志米,gen8,elite4:卡洛斯地区:志米:2,志米,1,1,clawitzer,Clawitzer,5,5,tier3,representative-exact-tier
elite4:elite4:志米,gen8,elite4:卡洛斯地区:志米:2,志米,1,2,starmie,Starmie,6,5,tier4,representative-near-tier
elite4:elite4:志米,gen8,elite4:卡洛斯地区:志米:2,志米,1,3,blastoise,Blastoise,6,6,tier4,gmax-system-fill-theme
elite4:elite4:志米,gen8,elite4:卡洛斯地区:志米:2,志米,2,1,clawitzer,Clawitzer,5,5,tier3,representative-exact-tier
elite4:elite4:志米,gen8,elite4:卡洛斯地区:志米:2,志米,2,2,starmie,Starmie,6,5,tier4,representative-near-tier
elite4:elite4:志米,gen8,elite4:卡洛斯地区:志米:2,志米,2,3,blastoise,Blastoise,6,6,tier4,gmax-system-fill-theme
elite4:elite4:志米,gen8,elite4:卡洛斯地区:志米:2,志米,3,1,clawitzer,Clawitzer,5,5,tier3,representative-exact-tier
elite4:elite4:志米,gen8,elite4:卡洛斯地区:志米:2,志米,3,2,starmie,Starmie,6,5,tier4,representative-near-tier
elite4:elite4:志米,gen8,elite4:卡洛斯地区:志米:2,志米,3,3,blastoise,Blastoise,6,6,tier4,gmax-system-fill-theme
elite4:elite4:志米,gen8,elite4:卡洛斯地区:志米:2,志米,4,1,clawitzer,Clawitzer,5,5,tier3,representative-exact-tier
elite4:elite4:志米,gen8,elite4:卡洛斯地区:志米:2,志米,4,2,starmie,Starmie,6,5,tier4,representative-near-tier
elite4:elite4:志米,gen8,elite4:卡洛斯地区:志米:2,志米,4,3,blastoise,Blastoise,6,6,tier4,gmax-system-fill-theme
elite4:elite4:志米,gen9,elite4:卡洛斯地区:志米:2,志米,1,1,clawitzer,Clawitzer,5,5,tier3,representative-exact-tier
elite4:elite4:志米,gen9,elite4:卡洛斯地区:志米:2,志米,1,2,starmie,Starmie,6,5,tier4,representative-near-tier
elite4:elite4:志米,gen9,elite4:卡洛斯地区:志米:2,志米,1,3,gyarados,Gyarados,6,6,tier4,representative-exact-tier
elite4:elite4:志米,gen9,elite4:卡洛斯地区:志米:2,志米,2,1,clawitzer,Clawitzer,5,5,tier3,representative-exact-tier
elite4:elite4:志米,gen9,elite4:卡洛斯地区:志米:2,志米,2,2,starmie,Starmie,6,5,tier4,representative-near-tier
elite4:elite4:志米,gen9,elite4:卡洛斯地区:志米:2,志米,2,3,gyarados,Gyarados,6,6,tier4,representative-exact-tier
elite4:elite4:志米,gen9,elite4:卡洛斯地区:志米:2,志米,3,1,clawitzer,Clawitzer,5,5,tier3,representative-exact-tier
elite4:elite4:志米,gen9,elite4:卡洛斯地区:志米:2,志米,3,2,starmie,Starmie,6,5,tier4,representative-near-tier
elite4:elite4:志米,gen9,elite4:卡洛斯地区:志米:2,志米,3,3,gyarados,Gyarados,6,6,tier4,representative-exact-tier
elite4:elite4:志米,gen9,elite4:卡洛斯地区:志米:2,志米,4,1,clawitzer,Clawitzer,5,5,tier3,representative-exact-tier
elite4:elite4:志米,gen9,elite4:卡洛斯地区:志米:2,志米,4,2,starmie,Starmie,6,5,tier4,representative-near-tier
elite4:elite4:志米,gen9,elite4:卡洛斯地区:志米:2,志米,4,3,gyarados,Gyarados,6,6,tier4,representative-exact-tier
elite4:elite4:雁铠,none,elite4:卡洛斯地区:雁铠:3,雁铠,1,1,klefki,Klefki,5,5,tier3,representative-exact-tier
elite4:elite4:雁铠,none,elite4:卡洛斯地区:雁铠:3,雁铠,1,2,probopass,Probopass,6,5,tier4,representative-near-tier
elite4:elite4:雁铠,none,elite4:卡洛斯地区:雁铠:3,雁铠,1,3,scizor,Scizor,6,6,tier4,representative-exact-tier
elite4:elite4:雁铠,none,elite4:卡洛斯地区:雁铠:3,雁铠,2,1,klefki,Klefki,5,5,tier3,representative-exact-tier
elite4:elite4:雁铠,none,elite4:卡洛斯地区:雁铠:3,雁铠,2,2,probopass,Probopass,6,5,tier4,representative-near-tier
elite4:elite4:雁铠,none,elite4:卡洛斯地区:雁铠:3,雁铠,2,3,scizor,Scizor,6,6,tier4,representative-exact-tier
elite4:elite4:雁铠,none,elite4:卡洛斯地区:雁铠:3,雁铠,3,1,klefki,Klefki,5,5,tier3,representative-exact-tier
elite4:elite4:雁铠,none,elite4:卡洛斯地区:雁铠:3,雁铠,3,2,probopass,Probopass,6,5,tier4,representative-near-tier
elite4:elite4:雁铠,none,elite4:卡洛斯地区:雁铠:3,雁铠,3,3,scizor,Scizor,6,6,tier4,representative-exact-tier
elite4:elite4:雁铠,none,elite4:卡洛斯地区:雁铠:3,雁铠,4,1,klefki,Klefki,5,5,tier3,representative-exact-tier
elite4:elite4:雁铠,none,elite4:卡洛斯地区:雁铠:3,雁铠,4,2,probopass,Probopass,6,5,tier4,representative-near-tier
elite4:elite4:雁铠,none,elite4:卡洛斯地区:雁铠:3,雁铠,4,3,scizor,Scizor,6,6,tier4,representative-exact-tier
elite4:elite4:雁铠,gen7,elite4:卡洛斯地区:雁铠:3,雁铠,1,1,klefki,Klefki,5,5,tier3,representative-exact-tier
elite4:elite4:雁铠,gen7,elite4:卡洛斯地区:雁铠:3,雁铠,1,2,probopass,Probopass,6,5,tier4,representative-near-tier
elite4:elite4:雁铠,gen7,elite4:卡洛斯地区:雁铠:3,雁铠,1,3,scizor,Scizor,6,6,tier4,representative-exact-tier
elite4:elite4:雁铠,gen7,elite4:卡洛斯地区:雁铠:3,雁铠,2,1,klefki,Klefki,5,5,tier3,representative-exact-tier
elite4:elite4:雁铠,gen7,elite4:卡洛斯地区:雁铠:3,雁铠,2,2,probopass,Probopass,6,5,tier4,representative-near-tier
elite4:elite4:雁铠,gen7,elite4:卡洛斯地区:雁铠:3,雁铠,2,3,scizor,Scizor,6,6,tier4,representative-exact-tier
elite4:elite4:雁铠,gen7,elite4:卡洛斯地区:雁铠:3,雁铠,3,1,klefki,Klefki,5,5,tier3,representative-exact-tier
elite4:elite4:雁铠,gen7,elite4:卡洛斯地区:雁铠:3,雁铠,3,2,probopass,Probopass,6,5,tier4,representative-near-tier
elite4:elite4:雁铠,gen7,elite4:卡洛斯地区:雁铠:3,雁铠,3,3,scizor,Scizor,6,6,tier4,representative-exact-tier
elite4:elite4:雁铠,gen7,elite4:卡洛斯地区:雁铠:3,雁铠,4,1,klefki,Klefki,5,5,tier3,representative-exact-tier
elite4:elite4:雁铠,gen7,elite4:卡洛斯地区:雁铠:3,雁铠,4,2,probopass,Probopass,6,5,tier4,representative-near-tier
elite4:elite4:雁铠,gen7,elite4:卡洛斯地区:雁铠:3,雁铠,4,3,scizor,Scizor,6,6,tier4,representative-exact-tier
elite4:elite4:雁铠,gen8,elite4:卡洛斯地区:雁铠:3,雁铠,1,1,klefki,Klefki,5,5,tier3,representative-exact-tier
elite4:elite4:雁铠,gen8,elite4:卡洛斯地区:雁铠:3,雁铠,1,2,probopass,Probopass,6,5,tier4,representative-near-tier
elite4:elite4:雁铠,gen8,elite4:卡洛斯地区:雁铠:3,雁铠,1,3,gengar,Gengar,6,6,tier4,gmax-system-fill-theme
elite4:elite4:雁铠,gen8,elite4:卡洛斯地区:雁铠:3,雁铠,2,1,klefki,Klefki,5,5,tier3,representative-exact-tier
elite4:elite4:雁铠,gen8,elite4:卡洛斯地区:雁铠:3,雁铠,2,2,probopass,Probopass,6,5,tier4,representative-near-tier
elite4:elite4:雁铠,gen8,elite4:卡洛斯地区:雁铠:3,雁铠,2,3,gengar,Gengar,6,6,tier4,gmax-system-fill-theme
elite4:elite4:雁铠,gen8,elite4:卡洛斯地区:雁铠:3,雁铠,3,1,klefki,Klefki,5,5,tier3,representative-exact-tier
elite4:elite4:雁铠,gen8,elite4:卡洛斯地区:雁铠:3,雁铠,3,2,probopass,Probopass,6,5,tier4,representative-near-tier
elite4:elite4:雁铠,gen8,elite4:卡洛斯地区:雁铠:3,雁铠,3,3,gengar,Gengar,6,6,tier4,gmax-system-fill-theme
elite4:elite4:雁铠,gen8,elite4:卡洛斯地区:雁铠:3,雁铠,4,1,klefki,Klefki,5,5,tier3,representative-exact-tier
elite4:elite4:雁铠,gen8,elite4:卡洛斯地区:雁铠:3,雁铠,4,2,probopass,Probopass,6,5,tier4,representative-near-tier
elite4:elite4:雁铠,gen8,elite4:卡洛斯地区:雁铠:3,雁铠,4,3,gengar,Gengar,6,6,tier4,gmax-system-fill-theme
elite4:elite4:雁铠,gen9,elite4:卡洛斯地区:雁铠:3,雁铠,1,1,klefki,Klefki,5,5,tier3,representative-exact-tier
elite4:elite4:雁铠,gen9,elite4:卡洛斯地区:雁铠:3,雁铠,1,2,probopass,Probopass,6,5,tier4,representative-near-tier
elite4:elite4:雁铠,gen9,elite4:卡洛斯地区:雁铠:3,雁铠,1,3,scizor,Scizor,6,6,tier4,representative-exact-tier
elite4:elite4:雁铠,gen9,elite4:卡洛斯地区:雁铠:3,雁铠,2,1,klefki,Klefki,5,5,tier3,representative-exact-tier
elite4:elite4:雁铠,gen9,elite4:卡洛斯地区:雁铠:3,雁铠,2,2,probopass,Probopass,6,5,tier4,representative-near-tier
elite4:elite4:雁铠,gen9,elite4:卡洛斯地区:雁铠:3,雁铠,2,3,scizor,Scizor,6,6,tier4,representative-exact-tier
elite4:elite4:雁铠,gen9,elite4:卡洛斯地区:雁铠:3,雁铠,3,1,klefki,Klefki,5,5,tier3,representative-exact-tier
elite4:elite4:雁铠,gen9,elite4:卡洛斯地区:雁铠:3,雁铠,3,2,probopass,Probopass,6,5,tier4,representative-near-tier
elite4:elite4:雁铠,gen9,elite4:卡洛斯地区:雁铠:3,雁铠,3,3,scizor,Scizor,6,6,tier4,representative-exact-tier
elite4:elite4:雁铠,gen9,elite4:卡洛斯地区:雁铠:3,雁铠,4,1,klefki,Klefki,5,5,tier3,representative-exact-tier
elite4:elite4:雁铠,gen9,elite4:卡洛斯地区:雁铠:3,雁铠,4,2,probopass,Probopass,6,5,tier4,representative-near-tier
elite4:elite4:雁铠,gen9,elite4:卡洛斯地区:雁铠:3,雁铠,4,3,scizor,Scizor,6,6,tier4,representative-exact-tier
elite4:elite4:朵拉塞娜,none,elite4:卡洛斯地区:朵拉塞娜:4,朵拉塞娜,1,1,dragalge,Dragalge,5,5,tier3,representative-exact-tier
elite4:elite4:朵拉塞娜,none,elite4:卡洛斯地区:朵拉塞娜:4,朵拉塞娜,1,2,altaria,Altaria,5,5,tier4,representative-exact-tier
elite4:elite4:朵拉塞娜,none,elite4:卡洛斯地区:朵拉塞娜:4,朵拉塞娜,1,3,noivern,Noivern,6,6,tier4,representative-exact-tier
elite4:elite4:朵拉塞娜,none,elite4:卡洛斯地区:朵拉塞娜:4,朵拉塞娜,2,1,dragalge,Dragalge,5,5,tier3,representative-exact-tier
elite4:elite4:朵拉塞娜,none,elite4:卡洛斯地区:朵拉塞娜:4,朵拉塞娜,2,2,altaria,Altaria,5,5,tier4,representative-exact-tier
elite4:elite4:朵拉塞娜,none,elite4:卡洛斯地区:朵拉塞娜:4,朵拉塞娜,2,3,noivern,Noivern,6,6,tier4,representative-exact-tier
elite4:elite4:朵拉塞娜,none,elite4:卡洛斯地区:朵拉塞娜:4,朵拉塞娜,3,1,dragalge,Dragalge,5,5,tier3,representative-exact-tier
elite4:elite4:朵拉塞娜,none,elite4:卡洛斯地区:朵拉塞娜:4,朵拉塞娜,3,2,altaria,Altaria,5,5,tier4,representative-exact-tier
elite4:elite4:朵拉塞娜,none,elite4:卡洛斯地区:朵拉塞娜:4,朵拉塞娜,3,3,noivern,Noivern,6,6,tier4,representative-exact-tier
elite4:elite4:朵拉塞娜,none,elite4:卡洛斯地区:朵拉塞娜:4,朵拉塞娜,4,1,dragalge,Dragalge,5,5,tier3,representative-exact-tier
elite4:elite4:朵拉塞娜,none,elite4:卡洛斯地区:朵拉塞娜:4,朵拉塞娜,4,2,altaria,Altaria,5,5,tier4,representative-exact-tier
elite4:elite4:朵拉塞娜,none,elite4:卡洛斯地区:朵拉塞娜:4,朵拉塞娜,4,3,noivern,Noivern,6,6,tier4,representative-exact-tier
elite4:elite4:朵拉塞娜,gen7,elite4:卡洛斯地区:朵拉塞娜:4,朵拉塞娜,1,1,dragalge,Dragalge,5,5,tier3,representative-exact-tier
elite4:elite4:朵拉塞娜,gen7,elite4:卡洛斯地区:朵拉塞娜:4,朵拉塞娜,1,2,altaria,Altaria,5,5,tier4,representative-exact-tier
elite4:elite4:朵拉塞娜,gen7,elite4:卡洛斯地区:朵拉塞娜:4,朵拉塞娜,1,3,noivern,Noivern,6,6,tier4,representative-exact-tier
elite4:elite4:朵拉塞娜,gen7,elite4:卡洛斯地区:朵拉塞娜:4,朵拉塞娜,2,1,dragalge,Dragalge,5,5,tier3,representative-exact-tier
elite4:elite4:朵拉塞娜,gen7,elite4:卡洛斯地区:朵拉塞娜:4,朵拉塞娜,2,2,altaria,Altaria,5,5,tier4,representative-exact-tier
elite4:elite4:朵拉塞娜,gen7,elite4:卡洛斯地区:朵拉塞娜:4,朵拉塞娜,2,3,noivern,Noivern,6,6,tier4,representative-exact-tier
elite4:elite4:朵拉塞娜,gen7,elite4:卡洛斯地区:朵拉塞娜:4,朵拉塞娜,3,1,dragalge,Dragalge,5,5,tier3,representative-exact-tier
elite4:elite4:朵拉塞娜,gen7,elite4:卡洛斯地区:朵拉塞娜:4,朵拉塞娜,3,2,altaria,Altaria,5,5,tier4,representative-exact-tier
elite4:elite4:朵拉塞娜,gen7,elite4:卡洛斯地区:朵拉塞娜:4,朵拉塞娜,3,3,noivern,Noivern,6,6,tier4,representative-exact-tier
elite4:elite4:朵拉塞娜,gen7,elite4:卡洛斯地区:朵拉塞娜:4,朵拉塞娜,4,1,dragalge,Dragalge,5,5,tier3,representative-exact-tier
elite4:elite4:朵拉塞娜,gen7,elite4:卡洛斯地区:朵拉塞娜:4,朵拉塞娜,4,2,altaria,Altaria,5,5,tier4,representative-exact-tier
elite4:elite4:朵拉塞娜,gen7,elite4:卡洛斯地区:朵拉塞娜:4,朵拉塞娜,4,3,noivern,Noivern,6,6,tier4,representative-exact-tier
elite4:elite4:朵拉塞娜,gen8,elite4:卡洛斯地区:朵拉塞娜:4,朵拉塞娜,1,1,dragalge,Dragalge,5,5,tier3,representative-exact-tier
elite4:elite4:朵拉塞娜,gen8,elite4:卡洛斯地区:朵拉塞娜:4,朵拉塞娜,1,2,altaria,Altaria,5,5,tier4,representative-exact-tier
elite4:elite4:朵拉塞娜,gen8,elite4:卡洛斯地区:朵拉塞娜:4,朵拉塞娜,1,3,charizard,Charizard,6,6,tier4,gmax-system-fill-theme
elite4:elite4:朵拉塞娜,gen8,elite4:卡洛斯地区:朵拉塞娜:4,朵拉塞娜,2,1,dragalge,Dragalge,5,5,tier3,representative-exact-tier
elite4:elite4:朵拉塞娜,gen8,elite4:卡洛斯地区:朵拉塞娜:4,朵拉塞娜,2,2,altaria,Altaria,5,5,tier4,representative-exact-tier
elite4:elite4:朵拉塞娜,gen8,elite4:卡洛斯地区:朵拉塞娜:4,朵拉塞娜,2,3,charizard,Charizard,6,6,tier4,gmax-system-fill-theme
elite4:elite4:朵拉塞娜,gen8,elite4:卡洛斯地区:朵拉塞娜:4,朵拉塞娜,3,1,dragalge,Dragalge,5,5,tier3,representative-exact-tier
elite4:elite4:朵拉塞娜,gen8,elite4:卡洛斯地区:朵拉塞娜:4,朵拉塞娜,3,2,altaria,Altaria,5,5,tier4,representative-exact-tier
elite4:elite4:朵拉塞娜,gen8,elite4:卡洛斯地区:朵拉塞娜:4,朵拉塞娜,3,3,charizard,Charizard,6,6,tier4,gmax-system-fill-theme
elite4:elite4:朵拉塞娜,gen8,elite4:卡洛斯地区:朵拉塞娜:4,朵拉塞娜,4,1,dragalge,Dragalge,5,5,tier3,representative-exact-tier
elite4:elite4:朵拉塞娜,gen8,elite4:卡洛斯地区:朵拉塞娜:4,朵拉塞娜,4,2,altaria,Altaria,5,5,tier4,representative-exact-tier
elite4:elite4:朵拉塞娜,gen8,elite4:卡洛斯地区:朵拉塞娜:4,朵拉塞娜,4,3,charizard,Charizard,6,6,tier4,gmax-system-fill-theme
elite4:elite4:朵拉塞娜,gen9,elite4:卡洛斯地区:朵拉塞娜:4,朵拉塞娜,1,1,dragalge,Dragalge,5,5,tier3,representative-exact-tier
elite4:elite4:朵拉塞娜,gen9,elite4:卡洛斯地区:朵拉塞娜:4,朵拉塞娜,1,2,altaria,Altaria,5,5,tier4,representative-exact-tier
elite4:elite4:朵拉塞娜,gen9,elite4:卡洛斯地区:朵拉塞娜:4,朵拉塞娜,1,3,noivern,Noivern,6,6,tier4,representative-exact-tier
elite4:elite4:朵拉塞娜,gen9,elite4:卡洛斯地区:朵拉塞娜:4,朵拉塞娜,2,1,dragalge,Dragalge,5,5,tier3,representative-exact-tier
elite4:elite4:朵拉塞娜,gen9,elite4:卡洛斯地区:朵拉塞娜:4,朵拉塞娜,2,2,altaria,Altaria,5,5,tier4,representative-exact-tier
elite4:elite4:朵拉塞娜,gen9,elite4:卡洛斯地区:朵拉塞娜:4,朵拉塞娜,2,3,noivern,Noivern,6,6,tier4,representative-exact-tier
elite4:elite4:朵拉塞娜,gen9,elite4:卡洛斯地区:朵拉塞娜:4,朵拉塞娜,3,1,dragalge,Dragalge,5,5,tier3,representative-exact-tier
elite4:elite4:朵拉塞娜,gen9,elite4:卡洛斯地区:朵拉塞娜:4,朵拉塞娜,3,2,altaria,Altaria,5,5,tier4,representative-exact-tier
elite4:elite4:朵拉塞娜,gen9,elite4:卡洛斯地区:朵拉塞娜:4,朵拉塞娜,3,3,noivern,Noivern,6,6,tier4,representative-exact-tier
elite4:elite4:朵拉塞娜,gen9,elite4:卡洛斯地区:朵拉塞娜:4,朵拉塞娜,4,1,dragalge,Dragalge,5,5,tier3,representative-exact-tier
elite4:elite4:朵拉塞娜,gen9,elite4:卡洛斯地区:朵拉塞娜:4,朵拉塞娜,4,2,altaria,Altaria,5,5,tier4,representative-exact-tier
elite4:elite4:朵拉塞娜,gen9,elite4:卡洛斯地区:朵拉塞娜:4,朵拉塞娜,4,3,noivern,Noivern,6,6,tier4,representative-exact-tier
champion:champion:卡露妮,none,champion:卡洛斯地区:卡露妮:1,卡露妮,1,1,gourgeist,Gourgeist,5,5,champion,representative-exact-tier
champion:champion:卡露妮,none,champion:卡洛斯地区:卡露妮:1,卡露妮,1,2,gardevoir,Gardevoir,6,6,champion,representative-exact-tier
champion:champion:卡露妮,none,champion:卡洛斯地区:卡露妮:1,卡露妮,1,3,hawlucha,Hawlucha,6,6,champion,representative-exact-tier
champion:champion:卡露妮,none,champion:卡洛斯地区:卡露妮:1,卡露妮,2,1,gourgeist,Gourgeist,5,5,champion,representative-exact-tier
champion:champion:卡露妮,none,champion:卡洛斯地区:卡露妮:1,卡露妮,2,2,gardevoir,Gardevoir,6,6,champion,representative-exact-tier
champion:champion:卡露妮,none,champion:卡洛斯地区:卡露妮:1,卡露妮,2,3,hawlucha,Hawlucha,6,6,champion,representative-exact-tier
champion:champion:卡露妮,none,champion:卡洛斯地区:卡露妮:1,卡露妮,3,1,gourgeist,Gourgeist,5,5,champion,representative-exact-tier
champion:champion:卡露妮,none,champion:卡洛斯地区:卡露妮:1,卡露妮,3,2,gardevoir,Gardevoir,6,6,champion,representative-exact-tier
champion:champion:卡露妮,none,champion:卡洛斯地区:卡露妮:1,卡露妮,3,3,hawlucha,Hawlucha,6,6,champion,representative-exact-tier
champion:champion:卡露妮,none,champion:卡洛斯地区:卡露妮:1,卡露妮,4,1,gourgeist,Gourgeist,5,5,champion,representative-exact-tier
champion:champion:卡露妮,none,champion:卡洛斯地区:卡露妮:1,卡露妮,4,2,gardevoir,Gardevoir,6,6,champion,representative-exact-tier
champion:champion:卡露妮,none,champion:卡洛斯地区:卡露妮:1,卡露妮,4,3,hawlucha,Hawlucha,6,6,champion,representative-exact-tier
champion:champion:卡露妮,gen7,champion:卡洛斯地区:卡露妮:1,卡露妮,1,1,gourgeist,Gourgeist,5,5,champion,representative-exact-tier
champion:champion:卡露妮,gen7,champion:卡洛斯地区:卡露妮:1,卡露妮,1,2,gardevoir,Gardevoir,6,6,champion,representative-exact-tier
champion:champion:卡露妮,gen7,champion:卡洛斯地区:卡露妮:1,卡露妮,1,3,hawlucha,Hawlucha,6,6,champion,representative-exact-tier
champion:champion:卡露妮,gen7,champion:卡洛斯地区:卡露妮:1,卡露妮,2,1,gourgeist,Gourgeist,5,5,champion,representative-exact-tier
champion:champion:卡露妮,gen7,champion:卡洛斯地区:卡露妮:1,卡露妮,2,2,gardevoir,Gardevoir,6,6,champion,representative-exact-tier
champion:champion:卡露妮,gen7,champion:卡洛斯地区:卡露妮:1,卡露妮,2,3,hawlucha,Hawlucha,6,6,champion,representative-exact-tier
champion:champion:卡露妮,gen7,champion:卡洛斯地区:卡露妮:1,卡露妮,3,1,gourgeist,Gourgeist,5,5,champion,representative-exact-tier
champion:champion:卡露妮,gen7,champion:卡洛斯地区:卡露妮:1,卡露妮,3,2,gardevoir,Gardevoir,6,6,champion,representative-exact-tier
champion:champion:卡露妮,gen7,champion:卡洛斯地区:卡露妮:1,卡露妮,3,3,hawlucha,Hawlucha,6,6,champion,representative-exact-tier
champion:champion:卡露妮,gen7,champion:卡洛斯地区:卡露妮:1,卡露妮,4,1,gourgeist,Gourgeist,5,5,champion,representative-exact-tier
champion:champion:卡露妮,gen7,champion:卡洛斯地区:卡露妮:1,卡露妮,4,2,gardevoir,Gardevoir,6,6,champion,representative-exact-tier
champion:champion:卡露妮,gen7,champion:卡洛斯地区:卡露妮:1,卡露妮,4,3,hawlucha,Hawlucha,6,6,champion,representative-exact-tier
champion:champion:卡露妮,gen8,champion:卡洛斯地区:卡露妮:1,卡露妮,1,1,gourgeist,Gourgeist,5,5,champion,representative-exact-tier
champion:champion:卡露妮,gen8,champion:卡洛斯地区:卡露妮:1,卡露妮,1,2,gardevoir,Gardevoir,6,6,champion,representative-exact-tier
champion:champion:卡露妮,gen8,champion:卡洛斯地区:卡露妮:1,卡露妮,1,3,charizard,Charizard,6,6,champion,gmax-system-fill-theme
champion:champion:卡露妮,gen8,champion:卡洛斯地区:卡露妮:1,卡露妮,2,1,gourgeist,Gourgeist,5,5,champion,representative-exact-tier
champion:champion:卡露妮,gen8,champion:卡洛斯地区:卡露妮:1,卡露妮,2,2,gardevoir,Gardevoir,6,6,champion,representative-exact-tier
champion:champion:卡露妮,gen8,champion:卡洛斯地区:卡露妮:1,卡露妮,2,3,charizard,Charizard,6,6,champion,gmax-system-fill-theme
champion:champion:卡露妮,gen8,champion:卡洛斯地区:卡露妮:1,卡露妮,3,1,gourgeist,Gourgeist,5,5,champion,representative-exact-tier
champion:champion:卡露妮,gen8,champion:卡洛斯地区:卡露妮:1,卡露妮,3,2,gardevoir,Gardevoir,6,6,champion,representative-exact-tier
champion:champion:卡露妮,gen8,champion:卡洛斯地区:卡露妮:1,卡露妮,3,3,charizard,Charizard,6,6,champion,gmax-system-fill-theme
champion:champion:卡露妮,gen8,champion:卡洛斯地区:卡露妮:1,卡露妮,4,1,gourgeist,Gourgeist,5,5,champion,representative-exact-tier
champion:champion:卡露妮,gen8,champion:卡洛斯地区:卡露妮:1,卡露妮,4,2,gardevoir,Gardevoir,6,6,champion,representative-exact-tier
champion:champion:卡露妮,gen8,champion:卡洛斯地区:卡露妮:1,卡露妮,4,3,charizard,Charizard,6,6,champion,gmax-system-fill-theme
champion:champion:卡露妮,gen9,champion:卡洛斯地区:卡露妮:1,卡露妮,1,1,gourgeist,Gourgeist,5,5,champion,representative-exact-tier
champion:champion:卡露妮,gen9,champion:卡洛斯地区:卡露妮:1,卡露妮,1,2,gardevoir,Gardevoir,6,6,champion,representative-exact-tier
champion:champion:卡露妮,gen9,champion:卡洛斯地区:卡露妮:1,卡露妮,1,3,hawlucha,Hawlucha,6,6,champion,representative-exact-tier
champion:champion:卡露妮,gen9,champion:卡洛斯地区:卡露妮:1,卡露妮,2,1,gourgeist,Gourgeist,5,5,champion,representative-exact-tier
champion:champion:卡露妮,gen9,champion:卡洛斯地区:卡露妮:1,卡露妮,2,2,gardevoir,Gardevoir,6,6,champion,representative-exact-tier
champion:champion:卡露妮,gen9,champion:卡洛斯地区:卡露妮:1,卡露妮,2,3,hawlucha,Hawlucha,6,6,champion,representative-exact-tier
champion:champion:卡露妮,gen9,champion:卡洛斯地区:卡露妮:1,卡露妮,3,1,gourgeist,Gourgeist,5,5,champion,representative-exact-tier
champion:champion:卡露妮,gen9,champion:卡洛斯地区:卡露妮:1,卡露妮,3,2,gardevoir,Gardevoir,6,6,champion,representative-exact-tier
champion:champion:卡露妮,gen9,champion:卡洛斯地区:卡露妮:1,卡露妮,3,3,hawlucha,Hawlucha,6,6,champion,representative-exact-tier
champion:champion:卡露妮,gen9,champion:卡洛斯地区:卡露妮:1,卡露妮,4,1,gourgeist,Gourgeist,5,5,champion,representative-exact-tier
champion:champion:卡露妮,gen9,champion:卡洛斯地区:卡露妮:1,卡露妮,4,2,gardevoir,Gardevoir,6,6,champion,representative-exact-tier
champion:champion:卡露妮,gen9,champion:卡洛斯地区:卡露妮:1,卡露妮,4,3,hawlucha,Hawlucha,6,6,champion,representative-exact-tier
elite4:elite4:哈拉,none,elite4:阿罗拉地区:哈拉:1,哈拉,1,1,hariyama,Hariyama,5,5,tier3,representative-exact-tier
elite4:elite4:哈拉,none,elite4:阿罗拉地区:哈拉:1,哈拉,1,2,poliwrath,Poliwrath,5,5,tier4,representative-exact-tier
elite4:elite4:哈拉,none,elite4:阿罗拉地区:哈拉:1,哈拉,1,3,bewear,Bewear,6,6,tier4,representative-exact-tier
elite4:elite4:哈拉,none,elite4:阿罗拉地区:哈拉:1,哈拉,2,1,hariyama,Hariyama,5,5,tier3,representative-exact-tier
elite4:elite4:哈拉,none,elite4:阿罗拉地区:哈拉:1,哈拉,2,2,poliwrath,Poliwrath,5,5,tier4,representative-exact-tier
elite4:elite4:哈拉,none,elite4:阿罗拉地区:哈拉:1,哈拉,2,3,bewear,Bewear,6,6,tier4,representative-exact-tier
elite4:elite4:哈拉,none,elite4:阿罗拉地区:哈拉:1,哈拉,3,1,hariyama,Hariyama,5,5,tier3,representative-exact-tier
elite4:elite4:哈拉,none,elite4:阿罗拉地区:哈拉:1,哈拉,3,2,poliwrath,Poliwrath,5,5,tier4,representative-exact-tier
elite4:elite4:哈拉,none,elite4:阿罗拉地区:哈拉:1,哈拉,3,3,bewear,Bewear,6,6,tier4,representative-exact-tier
elite4:elite4:哈拉,none,elite4:阿罗拉地区:哈拉:1,哈拉,4,1,hariyama,Hariyama,5,5,tier3,representative-exact-tier
elite4:elite4:哈拉,none,elite4:阿罗拉地区:哈拉:1,哈拉,4,2,poliwrath,Poliwrath,5,5,tier4,representative-exact-tier
elite4:elite4:哈拉,none,elite4:阿罗拉地区:哈拉:1,哈拉,4,3,bewear,Bewear,6,6,tier4,representative-exact-tier
elite4:elite4:哈拉,gen7,elite4:阿罗拉地区:哈拉:1,哈拉,1,1,hariyama,Hariyama,5,5,tier3,representative-exact-tier
elite4:elite4:哈拉,gen7,elite4:阿罗拉地区:哈拉:1,哈拉,1,2,poliwrath,Poliwrath,5,5,tier4,representative-exact-tier
elite4:elite4:哈拉,gen7,elite4:阿罗拉地区:哈拉:1,哈拉,1,3,blastoise,Blastoise,6,6,tier4,mega-system-fill-theme
elite4:elite4:哈拉,gen7,elite4:阿罗拉地区:哈拉:1,哈拉,2,1,hariyama,Hariyama,5,5,tier3,representative-exact-tier
elite4:elite4:哈拉,gen7,elite4:阿罗拉地区:哈拉:1,哈拉,2,2,poliwrath,Poliwrath,5,5,tier4,representative-exact-tier
elite4:elite4:哈拉,gen7,elite4:阿罗拉地区:哈拉:1,哈拉,2,3,blastoise,Blastoise,6,6,tier4,mega-system-fill-theme
elite4:elite4:哈拉,gen7,elite4:阿罗拉地区:哈拉:1,哈拉,3,1,hariyama,Hariyama,5,5,tier3,representative-exact-tier
elite4:elite4:哈拉,gen7,elite4:阿罗拉地区:哈拉:1,哈拉,3,2,poliwrath,Poliwrath,5,5,tier4,representative-exact-tier
elite4:elite4:哈拉,gen7,elite4:阿罗拉地区:哈拉:1,哈拉,3,3,blastoise,Blastoise,6,6,tier4,mega-system-fill-theme
elite4:elite4:哈拉,gen7,elite4:阿罗拉地区:哈拉:1,哈拉,4,1,hariyama,Hariyama,5,5,tier3,representative-exact-tier
elite4:elite4:哈拉,gen7,elite4:阿罗拉地区:哈拉:1,哈拉,4,2,poliwrath,Poliwrath,5,5,tier4,representative-exact-tier
elite4:elite4:哈拉,gen7,elite4:阿罗拉地区:哈拉:1,哈拉,4,3,blastoise,Blastoise,6,6,tier4,mega-system-fill-theme
elite4:elite4:哈拉,gen8,elite4:阿罗拉地区:哈拉:1,哈拉,1,1,hariyama,Hariyama,5,5,tier3,representative-exact-tier
elite4:elite4:哈拉,gen8,elite4:阿罗拉地区:哈拉:1,哈拉,1,2,poliwrath,Poliwrath,5,5,tier4,representative-exact-tier
elite4:elite4:哈拉,gen8,elite4:阿罗拉地区:哈拉:1,哈拉,1,3,blastoise,Blastoise,6,6,tier4,gmax-system-fill-theme
elite4:elite4:哈拉,gen8,elite4:阿罗拉地区:哈拉:1,哈拉,2,1,hariyama,Hariyama,5,5,tier3,representative-exact-tier
elite4:elite4:哈拉,gen8,elite4:阿罗拉地区:哈拉:1,哈拉,2,2,poliwrath,Poliwrath,5,5,tier4,representative-exact-tier
elite4:elite4:哈拉,gen8,elite4:阿罗拉地区:哈拉:1,哈拉,2,3,blastoise,Blastoise,6,6,tier4,gmax-system-fill-theme
elite4:elite4:哈拉,gen8,elite4:阿罗拉地区:哈拉:1,哈拉,3,1,hariyama,Hariyama,5,5,tier3,representative-exact-tier
elite4:elite4:哈拉,gen8,elite4:阿罗拉地区:哈拉:1,哈拉,3,2,poliwrath,Poliwrath,5,5,tier4,representative-exact-tier
elite4:elite4:哈拉,gen8,elite4:阿罗拉地区:哈拉:1,哈拉,3,3,blastoise,Blastoise,6,6,tier4,gmax-system-fill-theme
elite4:elite4:哈拉,gen8,elite4:阿罗拉地区:哈拉:1,哈拉,4,1,hariyama,Hariyama,5,5,tier3,representative-exact-tier
elite4:elite4:哈拉,gen8,elite4:阿罗拉地区:哈拉:1,哈拉,4,2,poliwrath,Poliwrath,5,5,tier4,representative-exact-tier
elite4:elite4:哈拉,gen8,elite4:阿罗拉地区:哈拉:1,哈拉,4,3,blastoise,Blastoise,6,6,tier4,gmax-system-fill-theme
elite4:elite4:哈拉,gen9,elite4:阿罗拉地区:哈拉:1,哈拉,1,1,hariyama,Hariyama,5,5,tier3,representative-exact-tier
elite4:elite4:哈拉,gen9,elite4:阿罗拉地区:哈拉:1,哈拉,1,2,poliwrath,Poliwrath,5,5,tier4,representative-exact-tier
elite4:elite4:哈拉,gen9,elite4:阿罗拉地区:哈拉:1,哈拉,1,3,bewear,Bewear,6,6,tier4,representative-exact-tier
elite4:elite4:哈拉,gen9,elite4:阿罗拉地区:哈拉:1,哈拉,2,1,hariyama,Hariyama,5,5,tier3,representative-exact-tier
elite4:elite4:哈拉,gen9,elite4:阿罗拉地区:哈拉:1,哈拉,2,2,poliwrath,Poliwrath,5,5,tier4,representative-exact-tier
elite4:elite4:哈拉,gen9,elite4:阿罗拉地区:哈拉:1,哈拉,2,3,bewear,Bewear,6,6,tier4,representative-exact-tier
elite4:elite4:哈拉,gen9,elite4:阿罗拉地区:哈拉:1,哈拉,3,1,hariyama,Hariyama,5,5,tier3,representative-exact-tier
elite4:elite4:哈拉,gen9,elite4:阿罗拉地区:哈拉:1,哈拉,3,2,poliwrath,Poliwrath,5,5,tier4,representative-exact-tier
elite4:elite4:哈拉,gen9,elite4:阿罗拉地区:哈拉:1,哈拉,3,3,bewear,Bewear,6,6,tier4,representative-exact-tier
elite4:elite4:哈拉,gen9,elite4:阿罗拉地区:哈拉:1,哈拉,4,1,hariyama,Hariyama,5,5,tier3,representative-exact-tier
elite4:elite4:哈拉,gen9,elite4:阿罗拉地区:哈拉:1,哈拉,4,2,poliwrath,Poliwrath,5,5,tier4,representative-exact-tier
elite4:elite4:哈拉,gen9,elite4:阿罗拉地区:哈拉:1,哈拉,4,3,bewear,Bewear,6,6,tier4,representative-exact-tier
elite4:elite4:丽姿,none,elite4:阿罗拉地区:丽姿:2,丽姿,1,1,lycanroc,Lycanroc,5,5,tier3,representative-exact-tier
elite4:elite4:丽姿,none,elite4:阿罗拉地区:丽姿:2,丽姿,1,2,relicanth,Relicanth,5,5,tier4,representative-exact-tier
elite4:elite4:丽姿,none,elite4:阿罗拉地区:丽姿:2,丽姿,1,3,probopass,Probopass,6,6,tier4,representative-exact-tier
elite4:elite4:丽姿,none,elite4:阿罗拉地区:丽姿:2,丽姿,2,1,lycanroc,Lycanroc,5,5,tier3,representative-exact-tier
elite4:elite4:丽姿,none,elite4:阿罗拉地区:丽姿:2,丽姿,2,2,relicanth,Relicanth,5,5,tier4,representative-exact-tier
elite4:elite4:丽姿,none,elite4:阿罗拉地区:丽姿:2,丽姿,2,3,probopass,Probopass,6,6,tier4,representative-exact-tier
elite4:elite4:丽姿,none,elite4:阿罗拉地区:丽姿:2,丽姿,3,1,lycanroc,Lycanroc,5,5,tier3,representative-exact-tier
elite4:elite4:丽姿,none,elite4:阿罗拉地区:丽姿:2,丽姿,3,2,relicanth,Relicanth,5,5,tier4,representative-exact-tier
elite4:elite4:丽姿,none,elite4:阿罗拉地区:丽姿:2,丽姿,3,3,probopass,Probopass,6,6,tier4,representative-exact-tier
elite4:elite4:丽姿,none,elite4:阿罗拉地区:丽姿:2,丽姿,4,1,lycanroc,Lycanroc,5,5,tier3,representative-exact-tier
elite4:elite4:丽姿,none,elite4:阿罗拉地区:丽姿:2,丽姿,4,2,relicanth,Relicanth,5,5,tier4,representative-exact-tier
elite4:elite4:丽姿,none,elite4:阿罗拉地区:丽姿:2,丽姿,4,3,probopass,Probopass,6,6,tier4,representative-exact-tier
elite4:elite4:丽姿,gen7,elite4:阿罗拉地区:丽姿:2,丽姿,1,1,lycanroc,Lycanroc,5,5,tier3,representative-exact-tier
elite4:elite4:丽姿,gen7,elite4:阿罗拉地区:丽姿:2,丽姿,1,2,relicanth,Relicanth,5,5,tier4,representative-exact-tier
elite4:elite4:丽姿,gen7,elite4:阿罗拉地区:丽姿:2,丽姿,1,3,aerodactyl,Aerodactyl,6,6,tier4,mega-system-fill-theme
elite4:elite4:丽姿,gen7,elite4:阿罗拉地区:丽姿:2,丽姿,2,1,lycanroc,Lycanroc,5,5,tier3,representative-exact-tier
elite4:elite4:丽姿,gen7,elite4:阿罗拉地区:丽姿:2,丽姿,2,2,relicanth,Relicanth,5,5,tier4,representative-exact-tier
elite4:elite4:丽姿,gen7,elite4:阿罗拉地区:丽姿:2,丽姿,2,3,aerodactyl,Aerodactyl,6,6,tier4,mega-system-fill-theme
elite4:elite4:丽姿,gen7,elite4:阿罗拉地区:丽姿:2,丽姿,3,1,lycanroc,Lycanroc,5,5,tier3,representative-exact-tier
elite4:elite4:丽姿,gen7,elite4:阿罗拉地区:丽姿:2,丽姿,3,2,relicanth,Relicanth,5,5,tier4,representative-exact-tier
elite4:elite4:丽姿,gen7,elite4:阿罗拉地区:丽姿:2,丽姿,3,3,aerodactyl,Aerodactyl,6,6,tier4,mega-system-fill-theme
elite4:elite4:丽姿,gen7,elite4:阿罗拉地区:丽姿:2,丽姿,4,1,lycanroc,Lycanroc,5,5,tier3,representative-exact-tier
elite4:elite4:丽姿,gen7,elite4:阿罗拉地区:丽姿:2,丽姿,4,2,relicanth,Relicanth,5,5,tier4,representative-exact-tier
elite4:elite4:丽姿,gen7,elite4:阿罗拉地区:丽姿:2,丽姿,4,3,aerodactyl,Aerodactyl,6,6,tier4,mega-system-fill-theme
elite4:elite4:丽姿,gen8,elite4:阿罗拉地区:丽姿:2,丽姿,1,1,lycanroc,Lycanroc,5,5,tier3,representative-exact-tier
elite4:elite4:丽姿,gen8,elite4:阿罗拉地区:丽姿:2,丽姿,1,2,relicanth,Relicanth,5,5,tier4,representative-exact-tier
elite4:elite4:丽姿,gen8,elite4:阿罗拉地区:丽姿:2,丽姿,1,3,blastoise,Blastoise,6,6,tier4,gmax-system-fill-theme
elite4:elite4:丽姿,gen8,elite4:阿罗拉地区:丽姿:2,丽姿,2,1,lycanroc,Lycanroc,5,5,tier3,representative-exact-tier
elite4:elite4:丽姿,gen8,elite4:阿罗拉地区:丽姿:2,丽姿,2,2,relicanth,Relicanth,5,5,tier4,representative-exact-tier
elite4:elite4:丽姿,gen8,elite4:阿罗拉地区:丽姿:2,丽姿,2,3,blastoise,Blastoise,6,6,tier4,gmax-system-fill-theme
elite4:elite4:丽姿,gen8,elite4:阿罗拉地区:丽姿:2,丽姿,3,1,lycanroc,Lycanroc,5,5,tier3,representative-exact-tier
elite4:elite4:丽姿,gen8,elite4:阿罗拉地区:丽姿:2,丽姿,3,2,relicanth,Relicanth,5,5,tier4,representative-exact-tier
elite4:elite4:丽姿,gen8,elite4:阿罗拉地区:丽姿:2,丽姿,3,3,blastoise,Blastoise,6,6,tier4,gmax-system-fill-theme
elite4:elite4:丽姿,gen8,elite4:阿罗拉地区:丽姿:2,丽姿,4,1,lycanroc,Lycanroc,5,5,tier3,representative-exact-tier
elite4:elite4:丽姿,gen8,elite4:阿罗拉地区:丽姿:2,丽姿,4,2,relicanth,Relicanth,5,5,tier4,representative-exact-tier
elite4:elite4:丽姿,gen8,elite4:阿罗拉地区:丽姿:2,丽姿,4,3,blastoise,Blastoise,6,6,tier4,gmax-system-fill-theme
elite4:elite4:丽姿,gen9,elite4:阿罗拉地区:丽姿:2,丽姿,1,1,lycanroc,Lycanroc,5,5,tier3,representative-exact-tier
elite4:elite4:丽姿,gen9,elite4:阿罗拉地区:丽姿:2,丽姿,1,2,relicanth,Relicanth,5,5,tier4,representative-exact-tier
elite4:elite4:丽姿,gen9,elite4:阿罗拉地区:丽姿:2,丽姿,1,3,probopass,Probopass,6,6,tier4,representative-exact-tier
elite4:elite4:丽姿,gen9,elite4:阿罗拉地区:丽姿:2,丽姿,2,1,lycanroc,Lycanroc,5,5,tier3,representative-exact-tier
elite4:elite4:丽姿,gen9,elite4:阿罗拉地区:丽姿:2,丽姿,2,2,relicanth,Relicanth,5,5,tier4,representative-exact-tier
elite4:elite4:丽姿,gen9,elite4:阿罗拉地区:丽姿:2,丽姿,2,3,probopass,Probopass,6,6,tier4,representative-exact-tier
elite4:elite4:丽姿,gen9,elite4:阿罗拉地区:丽姿:2,丽姿,3,1,lycanroc,Lycanroc,5,5,tier3,representative-exact-tier
elite4:elite4:丽姿,gen9,elite4:阿罗拉地区:丽姿:2,丽姿,3,2,relicanth,Relicanth,5,5,tier4,representative-exact-tier
elite4:elite4:丽姿,gen9,elite4:阿罗拉地区:丽姿:2,丽姿,3,3,probopass,Probopass,6,6,tier4,representative-exact-tier
elite4:elite4:丽姿,gen9,elite4:阿罗拉地区:丽姿:2,丽姿,4,1,lycanroc,Lycanroc,5,5,tier3,representative-exact-tier
elite4:elite4:丽姿,gen9,elite4:阿罗拉地区:丽姿:2,丽姿,4,2,relicanth,Relicanth,5,5,tier4,representative-exact-tier
elite4:elite4:丽姿,gen9,elite4:阿罗拉地区:丽姿:2,丽姿,4,3,probopass,Probopass,6,6,tier4,representative-exact-tier
elite4:elite4:阿塞萝拉,none,elite4:阿罗拉地区:阿塞萝拉:3,阿塞萝拉,1,1,drifblim,Drifblim,5,5,tier3,representative-exact-tier
elite4:elite4:阿塞萝拉,none,elite4:阿罗拉地区:阿塞萝拉:3,阿塞萝拉,1,2,dhelmise,Dhelmise,5,5,tier4,representative-exact-tier
elite4:elite4:阿塞萝拉,none,elite4:阿罗拉地区:阿塞萝拉:3,阿塞萝拉,1,3,aegislash,Aegislash,6,6,tier4,theme-fill
elite4:elite4:阿塞萝拉,none,elite4:阿罗拉地区:阿塞萝拉:3,阿塞萝拉,2,1,drifblim,Drifblim,5,5,tier3,representative-exact-tier
elite4:elite4:阿塞萝拉,none,elite4:阿罗拉地区:阿塞萝拉:3,阿塞萝拉,2,2,dhelmise,Dhelmise,5,5,tier4,representative-exact-tier
elite4:elite4:阿塞萝拉,none,elite4:阿罗拉地区:阿塞萝拉:3,阿塞萝拉,2,3,aegislash,Aegislash,6,6,tier4,theme-fill
elite4:elite4:阿塞萝拉,none,elite4:阿罗拉地区:阿塞萝拉:3,阿塞萝拉,3,1,drifblim,Drifblim,5,5,tier3,representative-exact-tier
elite4:elite4:阿塞萝拉,none,elite4:阿罗拉地区:阿塞萝拉:3,阿塞萝拉,3,2,dhelmise,Dhelmise,5,5,tier4,representative-exact-tier
elite4:elite4:阿塞萝拉,none,elite4:阿罗拉地区:阿塞萝拉:3,阿塞萝拉,3,3,aegislash,Aegislash,6,6,tier4,theme-fill
elite4:elite4:阿塞萝拉,none,elite4:阿罗拉地区:阿塞萝拉:3,阿塞萝拉,4,1,drifblim,Drifblim,5,5,tier3,representative-exact-tier
elite4:elite4:阿塞萝拉,none,elite4:阿罗拉地区:阿塞萝拉:3,阿塞萝拉,4,2,dhelmise,Dhelmise,5,5,tier4,representative-exact-tier
elite4:elite4:阿塞萝拉,none,elite4:阿罗拉地区:阿塞萝拉:3,阿塞萝拉,4,3,aegislash,Aegislash,6,6,tier4,theme-fill
elite4:elite4:阿塞萝拉,gen7,elite4:阿罗拉地区:阿塞萝拉:3,阿塞萝拉,1,1,drifblim,Drifblim,5,5,tier3,representative-exact-tier
elite4:elite4:阿塞萝拉,gen7,elite4:阿罗拉地区:阿塞萝拉:3,阿塞萝拉,1,2,dhelmise,Dhelmise,5,5,tier4,representative-exact-tier
elite4:elite4:阿塞萝拉,gen7,elite4:阿罗拉地区:阿塞萝拉:3,阿塞萝拉,1,3,aerodactyl,Aerodactyl,6,6,tier4,mega-system-fill-theme
elite4:elite4:阿塞萝拉,gen7,elite4:阿罗拉地区:阿塞萝拉:3,阿塞萝拉,2,1,drifblim,Drifblim,5,5,tier3,representative-exact-tier
elite4:elite4:阿塞萝拉,gen7,elite4:阿罗拉地区:阿塞萝拉:3,阿塞萝拉,2,2,dhelmise,Dhelmise,5,5,tier4,representative-exact-tier
elite4:elite4:阿塞萝拉,gen7,elite4:阿罗拉地区:阿塞萝拉:3,阿塞萝拉,2,3,aerodactyl,Aerodactyl,6,6,tier4,mega-system-fill-theme
elite4:elite4:阿塞萝拉,gen7,elite4:阿罗拉地区:阿塞萝拉:3,阿塞萝拉,3,1,drifblim,Drifblim,5,5,tier3,representative-exact-tier
elite4:elite4:阿塞萝拉,gen7,elite4:阿罗拉地区:阿塞萝拉:3,阿塞萝拉,3,2,dhelmise,Dhelmise,5,5,tier4,representative-exact-tier
elite4:elite4:阿塞萝拉,gen7,elite4:阿罗拉地区:阿塞萝拉:3,阿塞萝拉,3,3,aerodactyl,Aerodactyl,6,6,tier4,mega-system-fill-theme
elite4:elite4:阿塞萝拉,gen7,elite4:阿罗拉地区:阿塞萝拉:3,阿塞萝拉,4,1,drifblim,Drifblim,5,5,tier3,representative-exact-tier
elite4:elite4:阿塞萝拉,gen7,elite4:阿罗拉地区:阿塞萝拉:3,阿塞萝拉,4,2,dhelmise,Dhelmise,5,5,tier4,representative-exact-tier
elite4:elite4:阿塞萝拉,gen7,elite4:阿罗拉地区:阿塞萝拉:3,阿塞萝拉,4,3,aerodactyl,Aerodactyl,6,6,tier4,mega-system-fill-theme
elite4:elite4:阿塞萝拉,gen8,elite4:阿罗拉地区:阿塞萝拉:3,阿塞萝拉,1,1,drifblim,Drifblim,5,5,tier3,representative-exact-tier
elite4:elite4:阿塞萝拉,gen8,elite4:阿罗拉地区:阿塞萝拉:3,阿塞萝拉,1,2,dhelmise,Dhelmise,5,5,tier4,representative-exact-tier
elite4:elite4:阿塞萝拉,gen8,elite4:阿罗拉地区:阿塞萝拉:3,阿塞萝拉,1,3,charizard,Charizard,6,6,tier4,gmax-system-fill-theme
elite4:elite4:阿塞萝拉,gen8,elite4:阿罗拉地区:阿塞萝拉:3,阿塞萝拉,2,1,drifblim,Drifblim,5,5,tier3,representative-exact-tier
elite4:elite4:阿塞萝拉,gen8,elite4:阿罗拉地区:阿塞萝拉:3,阿塞萝拉,2,2,dhelmise,Dhelmise,5,5,tier4,representative-exact-tier
elite4:elite4:阿塞萝拉,gen8,elite4:阿罗拉地区:阿塞萝拉:3,阿塞萝拉,2,3,charizard,Charizard,6,6,tier4,gmax-system-fill-theme
elite4:elite4:阿塞萝拉,gen8,elite4:阿罗拉地区:阿塞萝拉:3,阿塞萝拉,3,1,drifblim,Drifblim,5,5,tier3,representative-exact-tier
elite4:elite4:阿塞萝拉,gen8,elite4:阿罗拉地区:阿塞萝拉:3,阿塞萝拉,3,2,dhelmise,Dhelmise,5,5,tier4,representative-exact-tier
elite4:elite4:阿塞萝拉,gen8,elite4:阿罗拉地区:阿塞萝拉:3,阿塞萝拉,3,3,charizard,Charizard,6,6,tier4,gmax-system-fill-theme
elite4:elite4:阿塞萝拉,gen8,elite4:阿罗拉地区:阿塞萝拉:3,阿塞萝拉,4,1,drifblim,Drifblim,5,5,tier3,representative-exact-tier
elite4:elite4:阿塞萝拉,gen8,elite4:阿罗拉地区:阿塞萝拉:3,阿塞萝拉,4,2,dhelmise,Dhelmise,5,5,tier4,representative-exact-tier
elite4:elite4:阿塞萝拉,gen8,elite4:阿罗拉地区:阿塞萝拉:3,阿塞萝拉,4,3,charizard,Charizard,6,6,tier4,gmax-system-fill-theme
elite4:elite4:阿塞萝拉,gen9,elite4:阿罗拉地区:阿塞萝拉:3,阿塞萝拉,1,1,drifblim,Drifblim,5,5,tier3,representative-exact-tier
elite4:elite4:阿塞萝拉,gen9,elite4:阿罗拉地区:阿塞萝拉:3,阿塞萝拉,1,2,dhelmise,Dhelmise,5,5,tier4,representative-exact-tier
elite4:elite4:阿塞萝拉,gen9,elite4:阿罗拉地区:阿塞萝拉:3,阿塞萝拉,1,3,aegislash,Aegislash,6,6,tier4,theme-fill
elite4:elite4:阿塞萝拉,gen9,elite4:阿罗拉地区:阿塞萝拉:3,阿塞萝拉,2,1,drifblim,Drifblim,5,5,tier3,representative-exact-tier
elite4:elite4:阿塞萝拉,gen9,elite4:阿罗拉地区:阿塞萝拉:3,阿塞萝拉,2,2,dhelmise,Dhelmise,5,5,tier4,representative-exact-tier
elite4:elite4:阿塞萝拉,gen9,elite4:阿罗拉地区:阿塞萝拉:3,阿塞萝拉,2,3,aegislash,Aegislash,6,6,tier4,theme-fill
elite4:elite4:阿塞萝拉,gen9,elite4:阿罗拉地区:阿塞萝拉:3,阿塞萝拉,3,1,drifblim,Drifblim,5,5,tier3,representative-exact-tier
elite4:elite4:阿塞萝拉,gen9,elite4:阿罗拉地区:阿塞萝拉:3,阿塞萝拉,3,2,dhelmise,Dhelmise,5,5,tier4,representative-exact-tier
elite4:elite4:阿塞萝拉,gen9,elite4:阿罗拉地区:阿塞萝拉:3,阿塞萝拉,3,3,aegislash,Aegislash,6,6,tier4,theme-fill
elite4:elite4:阿塞萝拉,gen9,elite4:阿罗拉地区:阿塞萝拉:3,阿塞萝拉,4,1,drifblim,Drifblim,5,5,tier3,representative-exact-tier
elite4:elite4:阿塞萝拉,gen9,elite4:阿罗拉地区:阿塞萝拉:3,阿塞萝拉,4,2,dhelmise,Dhelmise,5,5,tier4,representative-exact-tier
elite4:elite4:阿塞萝拉,gen9,elite4:阿罗拉地区:阿塞萝拉:3,阿塞萝拉,4,3,aegislash,Aegislash,6,6,tier4,theme-fill
elite4:elite4:卡希丽,none,elite4:阿罗拉地区:卡希丽:4,卡希丽,1,1,toucannon,Toucannon,5,5,tier3,representative-exact-tier
elite4:elite4:卡希丽,none,elite4:阿罗拉地区:卡希丽:4,卡希丽,1,2,skarmory,Skarmory,5,5,tier4,representative-exact-tier
elite4:elite4:卡希丽,none,elite4:阿罗拉地区:卡希丽:4,卡希丽,1,3,mandibuzz,Mandibuzz,6,6,tier4,representative-exact-tier
elite4:elite4:卡希丽,none,elite4:阿罗拉地区:卡希丽:4,卡希丽,2,1,toucannon,Toucannon,5,5,tier3,representative-exact-tier
elite4:elite4:卡希丽,none,elite4:阿罗拉地区:卡希丽:4,卡希丽,2,2,skarmory,Skarmory,5,5,tier4,representative-exact-tier
elite4:elite4:卡希丽,none,elite4:阿罗拉地区:卡希丽:4,卡希丽,2,3,mandibuzz,Mandibuzz,6,6,tier4,representative-exact-tier
elite4:elite4:卡希丽,none,elite4:阿罗拉地区:卡希丽:4,卡希丽,3,1,toucannon,Toucannon,5,5,tier3,representative-exact-tier
elite4:elite4:卡希丽,none,elite4:阿罗拉地区:卡希丽:4,卡希丽,3,2,skarmory,Skarmory,5,5,tier4,representative-exact-tier
elite4:elite4:卡希丽,none,elite4:阿罗拉地区:卡希丽:4,卡希丽,3,3,mandibuzz,Mandibuzz,6,6,tier4,representative-exact-tier
elite4:elite4:卡希丽,none,elite4:阿罗拉地区:卡希丽:4,卡希丽,4,1,toucannon,Toucannon,5,5,tier3,representative-exact-tier
elite4:elite4:卡希丽,none,elite4:阿罗拉地区:卡希丽:4,卡希丽,4,2,skarmory,Skarmory,5,5,tier4,representative-exact-tier
elite4:elite4:卡希丽,none,elite4:阿罗拉地区:卡希丽:4,卡希丽,4,3,mandibuzz,Mandibuzz,6,6,tier4,representative-exact-tier
elite4:elite4:卡希丽,gen7,elite4:阿罗拉地区:卡希丽:4,卡希丽,1,1,toucannon,Toucannon,5,5,tier3,representative-exact-tier
elite4:elite4:卡希丽,gen7,elite4:阿罗拉地区:卡希丽:4,卡希丽,1,2,skarmory,Skarmory,5,5,tier4,representative-exact-tier
elite4:elite4:卡希丽,gen7,elite4:阿罗拉地区:卡希丽:4,卡希丽,1,3,aerodactyl,Aerodactyl,6,6,tier4,mega-system-fill-theme
elite4:elite4:卡希丽,gen7,elite4:阿罗拉地区:卡希丽:4,卡希丽,2,1,toucannon,Toucannon,5,5,tier3,representative-exact-tier
elite4:elite4:卡希丽,gen7,elite4:阿罗拉地区:卡希丽:4,卡希丽,2,2,skarmory,Skarmory,5,5,tier4,representative-exact-tier
elite4:elite4:卡希丽,gen7,elite4:阿罗拉地区:卡希丽:4,卡希丽,2,3,aerodactyl,Aerodactyl,6,6,tier4,mega-system-fill-theme
elite4:elite4:卡希丽,gen7,elite4:阿罗拉地区:卡希丽:4,卡希丽,3,1,toucannon,Toucannon,5,5,tier3,representative-exact-tier
elite4:elite4:卡希丽,gen7,elite4:阿罗拉地区:卡希丽:4,卡希丽,3,2,skarmory,Skarmory,5,5,tier4,representative-exact-tier
elite4:elite4:卡希丽,gen7,elite4:阿罗拉地区:卡希丽:4,卡希丽,3,3,aerodactyl,Aerodactyl,6,6,tier4,mega-system-fill-theme
elite4:elite4:卡希丽,gen7,elite4:阿罗拉地区:卡希丽:4,卡希丽,4,1,toucannon,Toucannon,5,5,tier3,representative-exact-tier
elite4:elite4:卡希丽,gen7,elite4:阿罗拉地区:卡希丽:4,卡希丽,4,2,skarmory,Skarmory,5,5,tier4,representative-exact-tier
elite4:elite4:卡希丽,gen7,elite4:阿罗拉地区:卡希丽:4,卡希丽,4,3,aerodactyl,Aerodactyl,6,6,tier4,mega-system-fill-theme
elite4:elite4:卡希丽,gen8,elite4:阿罗拉地区:卡希丽:4,卡希丽,1,1,toucannon,Toucannon,5,5,tier3,representative-exact-tier
elite4:elite4:卡希丽,gen8,elite4:阿罗拉地区:卡希丽:4,卡希丽,1,2,skarmory,Skarmory,5,5,tier4,representative-exact-tier
elite4:elite4:卡希丽,gen8,elite4:阿罗拉地区:卡希丽:4,卡希丽,1,3,charizard,Charizard,6,6,tier4,gmax-system-fill-theme
elite4:elite4:卡希丽,gen8,elite4:阿罗拉地区:卡希丽:4,卡希丽,2,1,toucannon,Toucannon,5,5,tier3,representative-exact-tier
elite4:elite4:卡希丽,gen8,elite4:阿罗拉地区:卡希丽:4,卡希丽,2,2,skarmory,Skarmory,5,5,tier4,representative-exact-tier
elite4:elite4:卡希丽,gen8,elite4:阿罗拉地区:卡希丽:4,卡希丽,2,3,charizard,Charizard,6,6,tier4,gmax-system-fill-theme
elite4:elite4:卡希丽,gen8,elite4:阿罗拉地区:卡希丽:4,卡希丽,3,1,toucannon,Toucannon,5,5,tier3,representative-exact-tier
elite4:elite4:卡希丽,gen8,elite4:阿罗拉地区:卡希丽:4,卡希丽,3,2,skarmory,Skarmory,5,5,tier4,representative-exact-tier
elite4:elite4:卡希丽,gen8,elite4:阿罗拉地区:卡希丽:4,卡希丽,3,3,charizard,Charizard,6,6,tier4,gmax-system-fill-theme
elite4:elite4:卡希丽,gen8,elite4:阿罗拉地区:卡希丽:4,卡希丽,4,1,toucannon,Toucannon,5,5,tier3,representative-exact-tier
elite4:elite4:卡希丽,gen8,elite4:阿罗拉地区:卡希丽:4,卡希丽,4,2,skarmory,Skarmory,5,5,tier4,representative-exact-tier
elite4:elite4:卡希丽,gen8,elite4:阿罗拉地区:卡希丽:4,卡希丽,4,3,charizard,Charizard,6,6,tier4,gmax-system-fill-theme
elite4:elite4:卡希丽,gen9,elite4:阿罗拉地区:卡希丽:4,卡希丽,1,1,toucannon,Toucannon,5,5,tier3,representative-exact-tier
elite4:elite4:卡希丽,gen9,elite4:阿罗拉地区:卡希丽:4,卡希丽,1,2,skarmory,Skarmory,5,5,tier4,representative-exact-tier
elite4:elite4:卡希丽,gen9,elite4:阿罗拉地区:卡希丽:4,卡希丽,1,3,mandibuzz,Mandibuzz,6,6,tier4,representative-exact-tier
elite4:elite4:卡希丽,gen9,elite4:阿罗拉地区:卡希丽:4,卡希丽,2,1,toucannon,Toucannon,5,5,tier3,representative-exact-tier
elite4:elite4:卡希丽,gen9,elite4:阿罗拉地区:卡希丽:4,卡希丽,2,2,skarmory,Skarmory,5,5,tier4,representative-exact-tier
elite4:elite4:卡希丽,gen9,elite4:阿罗拉地区:卡希丽:4,卡希丽,2,3,mandibuzz,Mandibuzz,6,6,tier4,representative-exact-tier
elite4:elite4:卡希丽,gen9,elite4:阿罗拉地区:卡希丽:4,卡希丽,3,1,toucannon,Toucannon,5,5,tier3,representative-exact-tier
elite4:elite4:卡希丽,gen9,elite4:阿罗拉地区:卡希丽:4,卡希丽,3,2,skarmory,Skarmory,5,5,tier4,representative-exact-tier
elite4:elite4:卡希丽,gen9,elite4:阿罗拉地区:卡希丽:4,卡希丽,3,3,mandibuzz,Mandibuzz,6,6,tier4,representative-exact-tier
elite4:elite4:卡希丽,gen9,elite4:阿罗拉地区:卡希丽:4,卡希丽,4,1,toucannon,Toucannon,5,5,tier3,representative-exact-tier
elite4:elite4:卡希丽,gen9,elite4:阿罗拉地区:卡希丽:4,卡希丽,4,2,skarmory,Skarmory,5,5,tier4,representative-exact-tier
elite4:elite4:卡希丽,gen9,elite4:阿罗拉地区:卡希丽:4,卡希丽,4,3,mandibuzz,Mandibuzz,6,6,tier4,representative-exact-tier
elite4:elite4:马睿因,none,elite4:阿罗拉地区:马睿因:5,马睿因,1,1,klefki,Klefki,5,5,tier3,representative-exact-tier
elite4:elite4:马睿因,none,elite4:阿罗拉地区:马睿因:5,马睿因,1,2,magnezone,Magnezone,6,5,tier4,representative-near-tier
elite4:elite4:马睿因,none,elite4:阿罗拉地区:马睿因:5,马睿因,1,3,metagross,Metagross,6,6,tier4,representative-exact-tier
elite4:elite4:马睿因,none,elite4:阿罗拉地区:马睿因:5,马睿因,2,1,klefki,Klefki,5,5,tier3,representative-exact-tier
elite4:elite4:马睿因,none,elite4:阿罗拉地区:马睿因:5,马睿因,2,2,magnezone,Magnezone,6,5,tier4,representative-near-tier
elite4:elite4:马睿因,none,elite4:阿罗拉地区:马睿因:5,马睿因,2,3,metagross,Metagross,6,6,tier4,representative-exact-tier
elite4:elite4:马睿因,none,elite4:阿罗拉地区:马睿因:5,马睿因,3,1,klefki,Klefki,5,5,tier3,representative-exact-tier
elite4:elite4:马睿因,none,elite4:阿罗拉地区:马睿因:5,马睿因,3,2,magnezone,Magnezone,6,5,tier4,representative-near-tier
elite4:elite4:马睿因,none,elite4:阿罗拉地区:马睿因:5,马睿因,3,3,metagross,Metagross,6,6,tier4,representative-exact-tier
elite4:elite4:马睿因,none,elite4:阿罗拉地区:马睿因:5,马睿因,4,1,klefki,Klefki,5,5,tier3,representative-exact-tier
elite4:elite4:马睿因,none,elite4:阿罗拉地区:马睿因:5,马睿因,4,2,magnezone,Magnezone,6,5,tier4,representative-near-tier
elite4:elite4:马睿因,none,elite4:阿罗拉地区:马睿因:5,马睿因,4,3,metagross,Metagross,6,6,tier4,representative-exact-tier
elite4:elite4:马睿因,gen7,elite4:阿罗拉地区:马睿因:5,马睿因,1,1,klefki,Klefki,5,5,tier3,representative-exact-tier
elite4:elite4:马睿因,gen7,elite4:阿罗拉地区:马睿因:5,马睿因,1,2,magnezone,Magnezone,6,5,tier4,representative-near-tier
elite4:elite4:马睿因,gen7,elite4:阿罗拉地区:马睿因:5,马睿因,1,3,metagross,Metagross,6,6,tier4,representative-exact-tier
elite4:elite4:马睿因,gen7,elite4:阿罗拉地区:马睿因:5,马睿因,2,1,klefki,Klefki,5,5,tier3,representative-exact-tier
elite4:elite4:马睿因,gen7,elite4:阿罗拉地区:马睿因:5,马睿因,2,2,magnezone,Magnezone,6,5,tier4,representative-near-tier
elite4:elite4:马睿因,gen7,elite4:阿罗拉地区:马睿因:5,马睿因,2,3,metagross,Metagross,6,6,tier4,representative-exact-tier
elite4:elite4:马睿因,gen7,elite4:阿罗拉地区:马睿因:5,马睿因,3,1,klefki,Klefki,5,5,tier3,representative-exact-tier
elite4:elite4:马睿因,gen7,elite4:阿罗拉地区:马睿因:5,马睿因,3,2,magnezone,Magnezone,6,5,tier4,representative-near-tier
elite4:elite4:马睿因,gen7,elite4:阿罗拉地区:马睿因:5,马睿因,3,3,metagross,Metagross,6,6,tier4,representative-exact-tier
elite4:elite4:马睿因,gen7,elite4:阿罗拉地区:马睿因:5,马睿因,4,1,klefki,Klefki,5,5,tier3,representative-exact-tier
elite4:elite4:马睿因,gen7,elite4:阿罗拉地区:马睿因:5,马睿因,4,2,magnezone,Magnezone,6,5,tier4,representative-near-tier
elite4:elite4:马睿因,gen7,elite4:阿罗拉地区:马睿因:5,马睿因,4,3,metagross,Metagross,6,6,tier4,representative-exact-tier
elite4:elite4:马睿因,gen8,elite4:阿罗拉地区:马睿因:5,马睿因,1,1,klefki,Klefki,5,5,tier3,representative-exact-tier
elite4:elite4:马睿因,gen8,elite4:阿罗拉地区:马睿因:5,马睿因,1,2,magnezone,Magnezone,6,5,tier4,representative-near-tier
elite4:elite4:马睿因,gen8,elite4:阿罗拉地区:马睿因:5,马睿因,1,3,venusaur,Venusaur,6,6,tier4,gmax-system-fill
elite4:elite4:马睿因,gen8,elite4:阿罗拉地区:马睿因:5,马睿因,2,1,klefki,Klefki,5,5,tier3,representative-exact-tier
elite4:elite4:马睿因,gen8,elite4:阿罗拉地区:马睿因:5,马睿因,2,2,magnezone,Magnezone,6,5,tier4,representative-near-tier
elite4:elite4:马睿因,gen8,elite4:阿罗拉地区:马睿因:5,马睿因,2,3,charizard,Charizard,6,6,tier4,gmax-system-fill
elite4:elite4:马睿因,gen8,elite4:阿罗拉地区:马睿因:5,马睿因,3,1,klefki,Klefki,5,5,tier3,representative-exact-tier
elite4:elite4:马睿因,gen8,elite4:阿罗拉地区:马睿因:5,马睿因,3,2,magnezone,Magnezone,6,5,tier4,representative-near-tier
elite4:elite4:马睿因,gen8,elite4:阿罗拉地区:马睿因:5,马睿因,3,3,blastoise,Blastoise,6,6,tier4,gmax-system-fill
elite4:elite4:马睿因,gen8,elite4:阿罗拉地区:马睿因:5,马睿因,4,1,klefki,Klefki,5,5,tier3,representative-exact-tier
elite4:elite4:马睿因,gen8,elite4:阿罗拉地区:马睿因:5,马睿因,4,2,magnezone,Magnezone,6,5,tier4,representative-near-tier
elite4:elite4:马睿因,gen8,elite4:阿罗拉地区:马睿因:5,马睿因,4,3,snorlax,Snorlax,6,6,tier4,gmax-system-fill
elite4:elite4:马睿因,gen9,elite4:阿罗拉地区:马睿因:5,马睿因,1,1,klefki,Klefki,5,5,tier3,representative-exact-tier
elite4:elite4:马睿因,gen9,elite4:阿罗拉地区:马睿因:5,马睿因,1,2,magnezone,Magnezone,6,5,tier4,representative-near-tier
elite4:elite4:马睿因,gen9,elite4:阿罗拉地区:马睿因:5,马睿因,1,3,metagross,Metagross,6,6,tier4,representative-exact-tier
elite4:elite4:马睿因,gen9,elite4:阿罗拉地区:马睿因:5,马睿因,2,1,klefki,Klefki,5,5,tier3,representative-exact-tier
elite4:elite4:马睿因,gen9,elite4:阿罗拉地区:马睿因:5,马睿因,2,2,magnezone,Magnezone,6,5,tier4,representative-near-tier
elite4:elite4:马睿因,gen9,elite4:阿罗拉地区:马睿因:5,马睿因,2,3,metagross,Metagross,6,6,tier4,representative-exact-tier
elite4:elite4:马睿因,gen9,elite4:阿罗拉地区:马睿因:5,马睿因,3,1,klefki,Klefki,5,5,tier3,representative-exact-tier
elite4:elite4:马睿因,gen9,elite4:阿罗拉地区:马睿因:5,马睿因,3,2,magnezone,Magnezone,6,5,tier4,representative-near-tier
elite4:elite4:马睿因,gen9,elite4:阿罗拉地区:马睿因:5,马睿因,3,3,metagross,Metagross,6,6,tier4,representative-exact-tier
elite4:elite4:马睿因,gen9,elite4:阿罗拉地区:马睿因:5,马睿因,4,1,klefki,Klefki,5,5,tier3,representative-exact-tier
elite4:elite4:马睿因,gen9,elite4:阿罗拉地区:马睿因:5,马睿因,4,2,magnezone,Magnezone,6,5,tier4,representative-near-tier
elite4:elite4:马睿因,gen9,elite4:阿罗拉地区:马睿因:5,马睿因,4,3,metagross,Metagross,6,6,tier4,representative-exact-tier
champion:champion:库库伊,none,champion:阿罗拉地区:库库伊:1,库库伊,1,1,omastar,Omastar,5,5,champion,tier-fill
champion:champion:库库伊,none,champion:阿罗拉地区:库库伊:1,库库伊,1,2,bewear,Bewear,6,6,champion,tier-fill
champion:champion:库库伊,none,champion:阿罗拉地区:库库伊:1,库库伊,1,3,gliscor,Gliscor,6,6,champion,tier-fill
champion:champion:库库伊,none,champion:阿罗拉地区:库库伊:1,库库伊,2,1,obstagoon,Obstagoon,5,5,champion,tier-fill
champion:champion:库库伊,none,champion:阿罗拉地区:库库伊:1,库库伊,2,2,greninjabond,Greninja-Bond,6,6,champion,tier-fill
champion:champion:库库伊,none,champion:阿罗拉地区:库库伊:1,库库伊,2,3,tyrantrum,Tyrantrum,6,6,champion,tier-fill
champion:champion:库库伊,none,champion:阿罗拉地区:库库伊:1,库库伊,3,1,druddigon,Druddigon,5,5,champion,tier-fill
champion:champion:库库伊,none,champion:阿罗拉地区:库库伊:1,库库伊,3,2,feraligatr,Feraligatr,6,6,champion,tier-fill
champion:champion:库库伊,none,champion:阿罗拉地区:库库伊:1,库库伊,3,3,swampert,Swampert,6,6,champion,tier-fill
champion:champion:库库伊,none,champion:阿罗拉地区:库库伊:1,库库伊,4,1,gourgeistlarge,Gourgeist-Large,5,5,champion,tier-fill
champion:champion:库库伊,none,champion:阿罗拉地区:库库伊:1,库库伊,4,2,klinklang,Klinklang,6,6,champion,tier-fill
champion:champion:库库伊,none,champion:阿罗拉地区:库库伊:1,库库伊,4,3,gengar,Gengar,6,6,champion,tier-fill
champion:champion:库库伊,gen7,champion:阿罗拉地区:库库伊:1,库库伊,1,1,beartic,Beartic,5,5,champion,tier-fill
champion:champion:库库伊,gen7,champion:阿罗拉地区:库库伊:1,库库伊,1,2,mandibuzz,Mandibuzz,6,6,champion,tier-fill
champion:champion:库库伊,gen7,champion:阿罗拉地区:库库伊:1,库库伊,1,3,scizor,Scizor,6,6,champion,mega-system-fill
champion:champion:库库伊,gen7,champion:阿罗拉地区:库库伊:1,库库伊,2,1,miltank,Miltank,5,5,champion,tier-fill
champion:champion:库库伊,gen7,champion:阿罗拉地区:库库伊:1,库库伊,2,2,empoleon,Empoleon,6,6,champion,tier-fill
champion:champion:库库伊,gen7,champion:阿罗拉地区:库库伊:1,库库伊,2,3,charizard,Charizard,6,6,champion,mega-system-fill
champion:champion:库库伊,gen7,champion:阿罗拉地区:库库伊:1,库库伊,3,1,gourgeistsmall,Gourgeist-Small,5,5,champion,tier-fill
champion:champion:库库伊,gen7,champion:阿罗拉地区:库库伊:1,库库伊,3,2,toxapex,Toxapex,6,6,champion,tier-fill
champion:champion:库库伊,gen7,champion:阿罗拉地区:库库伊:1,库库伊,3,3,gyarados,Gyarados,6,6,champion,mega-system-fill
champion:champion:库库伊,gen7,champion:阿罗拉地区:库库伊:1,库库伊,4,1,claydol,Claydol,5,5,champion,tier-fill
champion:champion:库库伊,gen7,champion:阿罗拉地区:库库伊:1,库库伊,4,2,glaceon,Glaceon,6,6,champion,tier-fill
champion:champion:库库伊,gen7,champion:阿罗拉地区:库库伊:1,库库伊,4,3,salamence,Salamence,6,6,champion,tier-fill
champion:champion:库库伊,gen8,champion:阿罗拉地区:库库伊:1,库库伊,1,1,garbodor,Garbodor,5,5,champion,tier-fill
champion:champion:库库伊,gen8,champion:阿罗拉地区:库库伊:1,库库伊,1,2,mukalola,Muk-Alola,6,6,champion,tier-fill
champion:champion:库库伊,gen8,champion:阿罗拉地区:库库伊:1,库库伊,1,3,gallade,Gallade,6,6,champion,tier-fill
champion:champion:库库伊,gen8,champion:阿罗拉地区:库库伊:1,库库伊,2,1,slowbro,Slowbro,5,5,champion,tier-fill
champion:champion:库库伊,gen8,champion:阿罗拉地区:库库伊:1,库库伊,2,2,swampert,Swampert,6,6,champion,tier-fill
champion:champion:库库伊,gen8,champion:阿罗拉地区:库库伊:1,库库伊,2,3,lapras,Lapras,6,6,champion,gmax-system-fill
champion:champion:库库伊,gen8,champion:阿罗拉地区:库库伊:1,库库伊,3,1,armaldo,Armaldo,5,5,champion,tier-fill
champion:champion:库库伊,gen8,champion:阿罗拉地区:库库伊:1,库库伊,3,2,sylveon,Sylveon,6,6,champion,tier-fill
champion:champion:库库伊,gen8,champion:阿罗拉地区:库库伊:1,库库伊,3,3,snorlax,Snorlax,6,6,champion,gmax-system-fill
champion:champion:库库伊,gen8,champion:阿罗拉地区:库库伊:1,库库伊,4,1,spiritomb,Spiritomb,5,5,champion,tier-fill
champion:champion:库库伊,gen8,champion:阿罗拉地区:库库伊:1,库库伊,4,2,starmie,Starmie,6,6,champion,tier-fill
champion:champion:库库伊,gen8,champion:阿罗拉地区:库库伊:1,库库伊,4,3,lapras,Lapras,6,6,champion,gmax-system-fill
champion:champion:库库伊,gen9,champion:阿罗拉地区:库库伊:1,库库伊,1,1,gourgeistlarge,Gourgeist-Large,5,5,champion,tier-fill
champion:champion:库库伊,gen9,champion:阿罗拉地区:库库伊:1,库库伊,1,2,smeargle,Smeargle,6,6,champion,tier-fill
champion:champion:库库伊,gen9,champion:阿罗拉地区:库库伊:1,库库伊,1,3,tangrowth,Tangrowth,6,6,champion,tier-fill
champion:champion:库库伊,gen9,champion:阿罗拉地区:库库伊:1,库库伊,2,1,dondozo,Dondozo,5,5,champion,tier-fill
champion:champion:库库伊,gen9,champion:阿罗拉地区:库库伊:1,库库伊,2,2,nidoking,Nidoking,6,6,champion,tier-fill
champion:champion:库库伊,gen9,champion:阿罗拉地区:库库伊:1,库库伊,2,3,incineroar,Incineroar,6,6,champion,tier-fill
champion:champion:库库伊,gen9,champion:阿罗拉地区:库库伊:1,库库伊,3,1,gothitelle,Gothitelle,5,5,champion,tier-fill
champion:champion:库库伊,gen9,champion:阿罗拉地区:库库伊:1,库库伊,3,2,gardevoir,Gardevoir,6,6,champion,tier-fill
champion:champion:库库伊,gen9,champion:阿罗拉地区:库库伊:1,库库伊,3,3,greninja,Greninja,6,6,champion,tier-fill
champion:champion:库库伊,gen9,champion:阿罗拉地区:库库伊:1,库库伊,4,1,staraptor,Staraptor,5,5,champion,tier-fill
champion:champion:库库伊,gen9,champion:阿罗拉地区:库库伊:1,库库伊,4,2,mukalola,Muk-Alola,6,6,champion,tier-fill
champion:champion:库库伊,gen9,champion:阿罗拉地区:库库伊:1,库库伊,4,3,wobbuffet,Wobbuffet,6,6,champion,tier-fill
gym:tier1:亚洛,none,gym:伽勒尔地区:亚洛:1,亚洛,1,1,cherrim,Cherrim,4,4,tier1,representative-exact-tier
gym:tier1:亚洛,none,gym:伽勒尔地区:亚洛:1,亚洛,1,2,eldegoss,Eldegoss,4,4,tier2,representative-exact-tier
gym:tier1:亚洛,none,gym:伽勒尔地区:亚洛:1,亚洛,1,3,shiftry,Shiftry,5,5,tier2,representative-exact-tier
gym:tier1:亚洛,none,gym:伽勒尔地区:亚洛:1,亚洛,2,1,cherrim,Cherrim,4,4,tier1,representative-exact-tier
gym:tier1:亚洛,none,gym:伽勒尔地区:亚洛:1,亚洛,2,2,eldegoss,Eldegoss,4,4,tier2,representative-exact-tier
gym:tier1:亚洛,none,gym:伽勒尔地区:亚洛:1,亚洛,2,3,shiftry,Shiftry,5,5,tier2,representative-exact-tier
gym:tier1:亚洛,none,gym:伽勒尔地区:亚洛:1,亚洛,3,1,cherrim,Cherrim,4,4,tier1,representative-exact-tier
gym:tier1:亚洛,none,gym:伽勒尔地区:亚洛:1,亚洛,3,2,eldegoss,Eldegoss,4,4,tier2,representative-exact-tier
gym:tier1:亚洛,none,gym:伽勒尔地区:亚洛:1,亚洛,3,3,shiftry,Shiftry,5,5,tier2,representative-exact-tier
gym:tier1:亚洛,none,gym:伽勒尔地区:亚洛:1,亚洛,4,1,cherrim,Cherrim,4,4,tier1,representative-exact-tier
gym:tier1:亚洛,none,gym:伽勒尔地区:亚洛:1,亚洛,4,2,eldegoss,Eldegoss,4,4,tier2,representative-exact-tier
gym:tier1:亚洛,none,gym:伽勒尔地区:亚洛:1,亚洛,4,3,shiftry,Shiftry,5,5,tier2,representative-exact-tier
gym:tier1:亚洛,gen7,gym:伽勒尔地区:亚洛:1,亚洛,1,1,cherrim,Cherrim,4,4,tier1,representative-exact-tier
gym:tier1:亚洛,gen7,gym:伽勒尔地区:亚洛:1,亚洛,1,2,shiftry,Shiftry,5,4,tier2,representative-near-tier
gym:tier1:亚洛,gen7,gym:伽勒尔地区:亚洛:1,亚洛,1,3,abomasnow,Abomasnow,5,5,tier2,mega-system-fill-theme
gym:tier1:亚洛,gen7,gym:伽勒尔地区:亚洛:1,亚洛,2,1,cherrim,Cherrim,4,4,tier1,representative-exact-tier
gym:tier1:亚洛,gen7,gym:伽勒尔地区:亚洛:1,亚洛,2,2,shiftry,Shiftry,5,4,tier2,representative-near-tier
gym:tier1:亚洛,gen7,gym:伽勒尔地区:亚洛:1,亚洛,2,3,abomasnow,Abomasnow,5,5,tier2,mega-system-fill-theme
gym:tier1:亚洛,gen7,gym:伽勒尔地区:亚洛:1,亚洛,3,1,cherrim,Cherrim,4,4,tier1,representative-exact-tier
gym:tier1:亚洛,gen7,gym:伽勒尔地区:亚洛:1,亚洛,3,2,shiftry,Shiftry,5,4,tier2,representative-near-tier
gym:tier1:亚洛,gen7,gym:伽勒尔地区:亚洛:1,亚洛,3,3,abomasnow,Abomasnow,5,5,tier2,mega-system-fill-theme
gym:tier1:亚洛,gen7,gym:伽勒尔地区:亚洛:1,亚洛,4,1,cherrim,Cherrim,4,4,tier1,representative-exact-tier
gym:tier1:亚洛,gen7,gym:伽勒尔地区:亚洛:1,亚洛,4,2,shiftry,Shiftry,5,4,tier2,representative-near-tier
gym:tier1:亚洛,gen7,gym:伽勒尔地区:亚洛:1,亚洛,4,3,abomasnow,Abomasnow,5,5,tier2,mega-system-fill-theme
gym:tier1:亚洛,gen8,gym:伽勒尔地区:亚洛:1,亚洛,1,1,cherrim,Cherrim,4,4,tier1,representative-exact-tier
gym:tier1:亚洛,gen8,gym:伽勒尔地区:亚洛:1,亚洛,1,2,eldegoss,Eldegoss,4,4,tier2,representative-exact-tier
gym:tier1:亚洛,gen8,gym:伽勒尔地区:亚洛:1,亚洛,1,3,grimmsnarl,Grimmsnarl,5,5,tier2,gmax-system-fill-theme
gym:tier1:亚洛,gen8,gym:伽勒尔地区:亚洛:1,亚洛,2,1,cherrim,Cherrim,4,4,tier1,representative-exact-tier
gym:tier1:亚洛,gen8,gym:伽勒尔地区:亚洛:1,亚洛,2,2,eldegoss,Eldegoss,4,4,tier2,representative-exact-tier
gym:tier1:亚洛,gen8,gym:伽勒尔地区:亚洛:1,亚洛,2,3,grimmsnarl,Grimmsnarl,5,5,tier2,gmax-system-fill-theme
gym:tier1:亚洛,gen8,gym:伽勒尔地区:亚洛:1,亚洛,3,1,cherrim,Cherrim,4,4,tier1,representative-exact-tier
gym:tier1:亚洛,gen8,gym:伽勒尔地区:亚洛:1,亚洛,3,2,eldegoss,Eldegoss,4,4,tier2,representative-exact-tier
gym:tier1:亚洛,gen8,gym:伽勒尔地区:亚洛:1,亚洛,3,3,grimmsnarl,Grimmsnarl,5,5,tier2,gmax-system-fill-theme
gym:tier1:亚洛,gen8,gym:伽勒尔地区:亚洛:1,亚洛,4,1,cherrim,Cherrim,4,4,tier1,representative-exact-tier
gym:tier1:亚洛,gen8,gym:伽勒尔地区:亚洛:1,亚洛,4,2,eldegoss,Eldegoss,4,4,tier2,representative-exact-tier
gym:tier1:亚洛,gen8,gym:伽勒尔地区:亚洛:1,亚洛,4,3,grimmsnarl,Grimmsnarl,5,5,tier2,gmax-system-fill-theme
gym:tier1:亚洛,gen9,gym:伽勒尔地区:亚洛:1,亚洛,1,1,cherrim,Cherrim,4,4,tier1,representative-exact-tier
gym:tier1:亚洛,gen9,gym:伽勒尔地区:亚洛:1,亚洛,1,2,eldegoss,Eldegoss,4,4,tier2,representative-exact-tier
gym:tier1:亚洛,gen9,gym:伽勒尔地区:亚洛:1,亚洛,1,3,shiftry,Shiftry,5,5,tier2,representative-exact-tier
gym:tier1:亚洛,gen9,gym:伽勒尔地区:亚洛:1,亚洛,2,1,cherrim,Cherrim,4,4,tier1,representative-exact-tier
gym:tier1:亚洛,gen9,gym:伽勒尔地区:亚洛:1,亚洛,2,2,eldegoss,Eldegoss,4,4,tier2,representative-exact-tier
gym:tier1:亚洛,gen9,gym:伽勒尔地区:亚洛:1,亚洛,2,3,shiftry,Shiftry,5,5,tier2,representative-exact-tier
gym:tier1:亚洛,gen9,gym:伽勒尔地区:亚洛:1,亚洛,3,1,cherrim,Cherrim,4,4,tier1,representative-exact-tier
gym:tier1:亚洛,gen9,gym:伽勒尔地区:亚洛:1,亚洛,3,2,eldegoss,Eldegoss,4,4,tier2,representative-exact-tier
gym:tier1:亚洛,gen9,gym:伽勒尔地区:亚洛:1,亚洛,3,3,shiftry,Shiftry,5,5,tier2,representative-exact-tier
gym:tier1:亚洛,gen9,gym:伽勒尔地区:亚洛:1,亚洛,4,1,cherrim,Cherrim,4,4,tier1,representative-exact-tier
gym:tier1:亚洛,gen9,gym:伽勒尔地区:亚洛:1,亚洛,4,2,eldegoss,Eldegoss,4,4,tier2,representative-exact-tier
gym:tier1:亚洛,gen9,gym:伽勒尔地区:亚洛:1,亚洛,4,3,shiftry,Shiftry,5,5,tier2,representative-exact-tier
gym:tier1:露璃娜,none,gym:伽勒尔地区:露璃娜:2,露璃娜,1,1,drednaw,Drednaw,4,4,tier1,representative-exact-tier
gym:tier1:露璃娜,none,gym:伽勒尔地区:露璃娜:2,露璃娜,1,2,pelipper,Pelipper,4,4,tier2,representative-exact-tier
gym:tier1:露璃娜,none,gym:伽勒尔地区:露璃娜:2,露璃娜,1,3,golisopod,Golisopod,6,5,tier2,representative-near-tier
gym:tier1:露璃娜,none,gym:伽勒尔地区:露璃娜:2,露璃娜,2,1,drednaw,Drednaw,4,4,tier1,representative-exact-tier
gym:tier1:露璃娜,none,gym:伽勒尔地区:露璃娜:2,露璃娜,2,2,pelipper,Pelipper,4,4,tier2,representative-exact-tier
gym:tier1:露璃娜,none,gym:伽勒尔地区:露璃娜:2,露璃娜,2,3,golisopod,Golisopod,6,5,tier2,representative-near-tier
gym:tier1:露璃娜,none,gym:伽勒尔地区:露璃娜:2,露璃娜,3,1,drednaw,Drednaw,4,4,tier1,representative-exact-tier
gym:tier1:露璃娜,none,gym:伽勒尔地区:露璃娜:2,露璃娜,3,2,pelipper,Pelipper,4,4,tier2,representative-exact-tier
gym:tier1:露璃娜,none,gym:伽勒尔地区:露璃娜:2,露璃娜,3,3,golisopod,Golisopod,6,5,tier2,representative-near-tier
gym:tier1:露璃娜,none,gym:伽勒尔地区:露璃娜:2,露璃娜,4,1,drednaw,Drednaw,4,4,tier1,representative-exact-tier
gym:tier1:露璃娜,none,gym:伽勒尔地区:露璃娜:2,露璃娜,4,2,pelipper,Pelipper,4,4,tier2,representative-exact-tier
gym:tier1:露璃娜,none,gym:伽勒尔地区:露璃娜:2,露璃娜,4,3,golisopod,Golisopod,6,5,tier2,representative-near-tier
gym:tier1:露璃娜,gen7,gym:伽勒尔地区:露璃娜:2,露璃娜,1,1,pelipper,Pelipper,4,4,tier1,representative-exact-tier
gym:tier1:露璃娜,gen7,gym:伽勒尔地区:露璃娜:2,露璃娜,1,2,seaking,Seaking,4,4,tier2,representative-exact-tier
gym:tier1:露璃娜,gen7,gym:伽勒尔地区:露璃娜:2,露璃娜,1,3,aerodactyl,Aerodactyl,6,5,tier2,mega-system-fill-theme
gym:tier1:露璃娜,gen7,gym:伽勒尔地区:露璃娜:2,露璃娜,2,1,pelipper,Pelipper,4,4,tier1,representative-exact-tier
gym:tier1:露璃娜,gen7,gym:伽勒尔地区:露璃娜:2,露璃娜,2,2,seaking,Seaking,4,4,tier2,representative-exact-tier
gym:tier1:露璃娜,gen7,gym:伽勒尔地区:露璃娜:2,露璃娜,2,3,aerodactyl,Aerodactyl,6,5,tier2,mega-system-fill-theme
gym:tier1:露璃娜,gen7,gym:伽勒尔地区:露璃娜:2,露璃娜,3,1,pelipper,Pelipper,4,4,tier1,representative-exact-tier
gym:tier1:露璃娜,gen7,gym:伽勒尔地区:露璃娜:2,露璃娜,3,2,seaking,Seaking,4,4,tier2,representative-exact-tier
gym:tier1:露璃娜,gen7,gym:伽勒尔地区:露璃娜:2,露璃娜,3,3,aerodactyl,Aerodactyl,6,5,tier2,mega-system-fill-theme
gym:tier1:露璃娜,gen7,gym:伽勒尔地区:露璃娜:2,露璃娜,4,1,pelipper,Pelipper,4,4,tier1,representative-exact-tier
gym:tier1:露璃娜,gen7,gym:伽勒尔地区:露璃娜:2,露璃娜,4,2,seaking,Seaking,4,4,tier2,representative-exact-tier
gym:tier1:露璃娜,gen7,gym:伽勒尔地区:露璃娜:2,露璃娜,4,3,aerodactyl,Aerodactyl,6,5,tier2,mega-system-fill-theme
gym:tier1:露璃娜,gen8,gym:伽勒尔地区:露璃娜:2,露璃娜,1,1,drednaw,Drednaw,4,4,tier1,representative-exact-tier
gym:tier1:露璃娜,gen8,gym:伽勒尔地区:露璃娜:2,露璃娜,1,2,pelipper,Pelipper,4,4,tier2,representative-exact-tier
gym:tier1:露璃娜,gen8,gym:伽勒尔地区:露璃娜:2,露璃娜,1,3,golisopod,Golisopod,6,5,tier2,representative-near-tier
gym:tier1:露璃娜,gen8,gym:伽勒尔地区:露璃娜:2,露璃娜,2,1,drednaw,Drednaw,4,4,tier1,representative-exact-tier
gym:tier1:露璃娜,gen8,gym:伽勒尔地区:露璃娜:2,露璃娜,2,2,pelipper,Pelipper,4,4,tier2,representative-exact-tier
gym:tier1:露璃娜,gen8,gym:伽勒尔地区:露璃娜:2,露璃娜,2,3,golisopod,Golisopod,6,5,tier2,representative-near-tier
gym:tier1:露璃娜,gen8,gym:伽勒尔地区:露璃娜:2,露璃娜,3,1,drednaw,Drednaw,4,4,tier1,representative-exact-tier
gym:tier1:露璃娜,gen8,gym:伽勒尔地区:露璃娜:2,露璃娜,3,2,pelipper,Pelipper,4,4,tier2,representative-exact-tier
gym:tier1:露璃娜,gen8,gym:伽勒尔地区:露璃娜:2,露璃娜,3,3,golisopod,Golisopod,6,5,tier2,representative-near-tier
gym:tier1:露璃娜,gen8,gym:伽勒尔地区:露璃娜:2,露璃娜,4,1,drednaw,Drednaw,4,4,tier1,representative-exact-tier
gym:tier1:露璃娜,gen8,gym:伽勒尔地区:露璃娜:2,露璃娜,4,2,pelipper,Pelipper,4,4,tier2,representative-exact-tier
gym:tier1:露璃娜,gen8,gym:伽勒尔地区:露璃娜:2,露璃娜,4,3,golisopod,Golisopod,6,5,tier2,representative-near-tier
gym:tier1:露璃娜,gen9,gym:伽勒尔地区:露璃娜:2,露璃娜,1,1,drednaw,Drednaw,4,4,tier1,representative-exact-tier
gym:tier1:露璃娜,gen9,gym:伽勒尔地区:露璃娜:2,露璃娜,1,2,pelipper,Pelipper,4,4,tier2,representative-exact-tier
gym:tier1:露璃娜,gen9,gym:伽勒尔地区:露璃娜:2,露璃娜,1,3,golisopod,Golisopod,6,5,tier2,representative-near-tier
gym:tier1:露璃娜,gen9,gym:伽勒尔地区:露璃娜:2,露璃娜,2,1,drednaw,Drednaw,4,4,tier1,representative-exact-tier
gym:tier1:露璃娜,gen9,gym:伽勒尔地区:露璃娜:2,露璃娜,2,2,pelipper,Pelipper,4,4,tier2,representative-exact-tier
gym:tier1:露璃娜,gen9,gym:伽勒尔地区:露璃娜:2,露璃娜,2,3,golisopod,Golisopod,6,5,tier2,representative-near-tier
gym:tier1:露璃娜,gen9,gym:伽勒尔地区:露璃娜:2,露璃娜,3,1,drednaw,Drednaw,4,4,tier1,representative-exact-tier
gym:tier1:露璃娜,gen9,gym:伽勒尔地区:露璃娜:2,露璃娜,3,2,pelipper,Pelipper,4,4,tier2,representative-exact-tier
gym:tier1:露璃娜,gen9,gym:伽勒尔地区:露璃娜:2,露璃娜,3,3,golisopod,Golisopod,6,5,tier2,representative-near-tier
gym:tier1:露璃娜,gen9,gym:伽勒尔地区:露璃娜:2,露璃娜,4,1,drednaw,Drednaw,4,4,tier1,representative-exact-tier
gym:tier1:露璃娜,gen9,gym:伽勒尔地区:露璃娜:2,露璃娜,4,2,pelipper,Pelipper,4,4,tier2,representative-exact-tier
gym:tier1:露璃娜,gen9,gym:伽勒尔地区:露璃娜:2,露璃娜,4,3,golisopod,Golisopod,6,5,tier2,representative-near-tier
gym:tier1:卡芜,none,gym:伽勒尔地区:卡芜:3,卡芜,1,1,centiskorch,Centiskorch,5,4,tier1,representative-near-tier
gym:tier1:卡芜,none,gym:伽勒尔地区:卡芜:3,卡芜,1,2,arcanine,Arcanine,6,4,tier2,representative-near-tier
gym:tier1:卡芜,none,gym:伽勒尔地区:卡芜:3,卡芜,1,3,torkoal,Torkoal,5,5,tier2,representative-exact-tier
gym:tier1:卡芜,none,gym:伽勒尔地区:卡芜:3,卡芜,2,1,centiskorch,Centiskorch,5,4,tier1,representative-near-tier
gym:tier1:卡芜,none,gym:伽勒尔地区:卡芜:3,卡芜,2,2,arcanine,Arcanine,6,4,tier2,representative-near-tier
gym:tier1:卡芜,none,gym:伽勒尔地区:卡芜:3,卡芜,2,3,torkoal,Torkoal,5,5,tier2,representative-exact-tier
gym:tier1:卡芜,none,gym:伽勒尔地区:卡芜:3,卡芜,3,1,centiskorch,Centiskorch,5,4,tier1,representative-near-tier
gym:tier1:卡芜,none,gym:伽勒尔地区:卡芜:3,卡芜,3,2,arcanine,Arcanine,6,4,tier2,representative-near-tier
gym:tier1:卡芜,none,gym:伽勒尔地区:卡芜:3,卡芜,3,3,torkoal,Torkoal,5,5,tier2,representative-exact-tier
gym:tier1:卡芜,none,gym:伽勒尔地区:卡芜:3,卡芜,4,1,centiskorch,Centiskorch,5,4,tier1,representative-near-tier
gym:tier1:卡芜,none,gym:伽勒尔地区:卡芜:3,卡芜,4,2,arcanine,Arcanine,6,4,tier2,representative-near-tier
gym:tier1:卡芜,none,gym:伽勒尔地区:卡芜:3,卡芜,4,3,torkoal,Torkoal,5,5,tier2,representative-exact-tier
gym:tier1:卡芜,gen7,gym:伽勒尔地区:卡芜:3,卡芜,1,1,arcanine,Arcanine,6,4,tier1,representative-near-tier
gym:tier1:卡芜,gen7,gym:伽勒尔地区:卡芜:3,卡芜,1,2,ninetales,Ninetales,6,4,tier2,representative-near-tier
gym:tier1:卡芜,gen7,gym:伽勒尔地区:卡芜:3,卡芜,1,3,houndoom,Houndoom,5,5,tier2,mega-system-fill-theme
gym:tier1:卡芜,gen7,gym:伽勒尔地区:卡芜:3,卡芜,2,1,arcanine,Arcanine,6,4,tier1,representative-near-tier
gym:tier1:卡芜,gen7,gym:伽勒尔地区:卡芜:3,卡芜,2,2,ninetales,Ninetales,6,4,tier2,representative-near-tier
gym:tier1:卡芜,gen7,gym:伽勒尔地区:卡芜:3,卡芜,2,3,houndoom,Houndoom,5,5,tier2,mega-system-fill-theme
gym:tier1:卡芜,gen7,gym:伽勒尔地区:卡芜:3,卡芜,3,1,arcanine,Arcanine,6,4,tier1,representative-near-tier
gym:tier1:卡芜,gen7,gym:伽勒尔地区:卡芜:3,卡芜,3,2,ninetales,Ninetales,6,4,tier2,representative-near-tier
gym:tier1:卡芜,gen7,gym:伽勒尔地区:卡芜:3,卡芜,3,3,houndoom,Houndoom,5,5,tier2,mega-system-fill-theme
gym:tier1:卡芜,gen7,gym:伽勒尔地区:卡芜:3,卡芜,4,1,arcanine,Arcanine,6,4,tier1,representative-near-tier
gym:tier1:卡芜,gen7,gym:伽勒尔地区:卡芜:3,卡芜,4,2,ninetales,Ninetales,6,4,tier2,representative-near-tier
gym:tier1:卡芜,gen7,gym:伽勒尔地区:卡芜:3,卡芜,4,3,houndoom,Houndoom,5,5,tier2,mega-system-fill-theme
gym:tier1:卡芜,gen8,gym:伽勒尔地区:卡芜:3,卡芜,1,1,centiskorch,Centiskorch,5,4,tier1,representative-near-tier
gym:tier1:卡芜,gen8,gym:伽勒尔地区:卡芜:3,卡芜,1,2,arcanine,Arcanine,6,4,tier2,representative-near-tier
gym:tier1:卡芜,gen8,gym:伽勒尔地区:卡芜:3,卡芜,1,3,torkoal,Torkoal,5,5,tier2,representative-exact-tier
gym:tier1:卡芜,gen8,gym:伽勒尔地区:卡芜:3,卡芜,2,1,centiskorch,Centiskorch,5,4,tier1,representative-near-tier
gym:tier1:卡芜,gen8,gym:伽勒尔地区:卡芜:3,卡芜,2,2,arcanine,Arcanine,6,4,tier2,representative-near-tier
gym:tier1:卡芜,gen8,gym:伽勒尔地区:卡芜:3,卡芜,2,3,torkoal,Torkoal,5,5,tier2,representative-exact-tier
gym:tier1:卡芜,gen8,gym:伽勒尔地区:卡芜:3,卡芜,3,1,centiskorch,Centiskorch,5,4,tier1,representative-near-tier
gym:tier1:卡芜,gen8,gym:伽勒尔地区:卡芜:3,卡芜,3,2,arcanine,Arcanine,6,4,tier2,representative-near-tier
gym:tier1:卡芜,gen8,gym:伽勒尔地区:卡芜:3,卡芜,3,3,torkoal,Torkoal,5,5,tier2,representative-exact-tier
gym:tier1:卡芜,gen8,gym:伽勒尔地区:卡芜:3,卡芜,4,1,centiskorch,Centiskorch,5,4,tier1,representative-near-tier
gym:tier1:卡芜,gen8,gym:伽勒尔地区:卡芜:3,卡芜,4,2,arcanine,Arcanine,6,4,tier2,representative-near-tier
gym:tier1:卡芜,gen8,gym:伽勒尔地区:卡芜:3,卡芜,4,3,torkoal,Torkoal,5,5,tier2,representative-exact-tier
gym:tier1:卡芜,gen9,gym:伽勒尔地区:卡芜:3,卡芜,1,1,centiskorch,Centiskorch,5,4,tier1,representative-near-tier
gym:tier1:卡芜,gen9,gym:伽勒尔地区:卡芜:3,卡芜,1,2,arcanine,Arcanine,6,4,tier2,representative-near-tier
gym:tier1:卡芜,gen9,gym:伽勒尔地区:卡芜:3,卡芜,1,3,torkoal,Torkoal,5,5,tier2,representative-exact-tier
gym:tier1:卡芜,gen9,gym:伽勒尔地区:卡芜:3,卡芜,2,1,centiskorch,Centiskorch,5,4,tier1,representative-near-tier
gym:tier1:卡芜,gen9,gym:伽勒尔地区:卡芜:3,卡芜,2,2,arcanine,Arcanine,6,4,tier2,representative-near-tier
gym:tier1:卡芜,gen9,gym:伽勒尔地区:卡芜:3,卡芜,2,3,torkoal,Torkoal,5,5,tier2,representative-exact-tier
gym:tier1:卡芜,gen9,gym:伽勒尔地区:卡芜:3,卡芜,3,1,centiskorch,Centiskorch,5,4,tier1,representative-near-tier
gym:tier1:卡芜,gen9,gym:伽勒尔地区:卡芜:3,卡芜,3,2,arcanine,Arcanine,6,4,tier2,representative-near-tier
gym:tier1:卡芜,gen9,gym:伽勒尔地区:卡芜:3,卡芜,3,3,torkoal,Torkoal,5,5,tier2,representative-exact-tier
gym:tier1:卡芜,gen9,gym:伽勒尔地区:卡芜:3,卡芜,4,1,centiskorch,Centiskorch,5,4,tier1,representative-near-tier
gym:tier1:卡芜,gen9,gym:伽勒尔地区:卡芜:3,卡芜,4,2,arcanine,Arcanine,6,4,tier2,representative-near-tier
gym:tier1:卡芜,gen9,gym:伽勒尔地区:卡芜:3,卡芜,4,3,torkoal,Torkoal,5,5,tier2,representative-exact-tier
gym:tier1:彩豆,none,gym:伽勒尔地区:彩豆:4,彩豆,1,1,falinks,Falinks,4,4,tier1,representative-exact-tier
gym:tier1:彩豆,none,gym:伽勒尔地区:彩豆:4,彩豆,1,2,hitmontop,Hitmontop,4,4,tier2,representative-exact-tier
gym:tier1:彩豆,none,gym:伽勒尔地区:彩豆:4,彩豆,1,3,sirfetchd,Sirfetch’d,5,5,tier2,representative-exact-tier
gym:tier1:彩豆,none,gym:伽勒尔地区:彩豆:4,彩豆,2,1,falinks,Falinks,4,4,tier1,representative-exact-tier
gym:tier1:彩豆,none,gym:伽勒尔地区:彩豆:4,彩豆,2,2,hitmontop,Hitmontop,4,4,tier2,representative-exact-tier
gym:tier1:彩豆,none,gym:伽勒尔地区:彩豆:4,彩豆,2,3,sirfetchd,Sirfetch’d,5,5,tier2,representative-exact-tier
gym:tier1:彩豆,none,gym:伽勒尔地区:彩豆:4,彩豆,3,1,falinks,Falinks,4,4,tier1,representative-exact-tier
gym:tier1:彩豆,none,gym:伽勒尔地区:彩豆:4,彩豆,3,2,hitmontop,Hitmontop,4,4,tier2,representative-exact-tier
gym:tier1:彩豆,none,gym:伽勒尔地区:彩豆:4,彩豆,3,3,sirfetchd,Sirfetch’d,5,5,tier2,representative-exact-tier
gym:tier1:彩豆,none,gym:伽勒尔地区:彩豆:4,彩豆,4,1,falinks,Falinks,4,4,tier1,representative-exact-tier
gym:tier1:彩豆,none,gym:伽勒尔地区:彩豆:4,彩豆,4,2,hitmontop,Hitmontop,4,4,tier2,representative-exact-tier
gym:tier1:彩豆,none,gym:伽勒尔地区:彩豆:4,彩豆,4,3,sirfetchd,Sirfetch’d,5,5,tier2,representative-exact-tier
gym:tier1:彩豆,gen7,gym:伽勒尔地区:彩豆:4,彩豆,1,1,hitmontop,Hitmontop,4,4,tier1,representative-exact-tier
gym:tier1:彩豆,gen7,gym:伽勒尔地区:彩豆:4,彩豆,1,2,machamp,Machamp,6,4,tier2,representative-near-tier
gym:tier1:彩豆,gen7,gym:伽勒尔地区:彩豆:4,彩豆,1,3,altaria,Altaria,5,5,tier2,mega-system-fill-theme
gym:tier1:彩豆,gen7,gym:伽勒尔地区:彩豆:4,彩豆,2,1,hitmontop,Hitmontop,4,4,tier1,representative-exact-tier
gym:tier1:彩豆,gen7,gym:伽勒尔地区:彩豆:4,彩豆,2,2,machamp,Machamp,6,4,tier2,representative-near-tier
gym:tier1:彩豆,gen7,gym:伽勒尔地区:彩豆:4,彩豆,2,3,altaria,Altaria,5,5,tier2,mega-system-fill-theme
gym:tier1:彩豆,gen7,gym:伽勒尔地区:彩豆:4,彩豆,3,1,hitmontop,Hitmontop,4,4,tier1,representative-exact-tier
gym:tier1:彩豆,gen7,gym:伽勒尔地区:彩豆:4,彩豆,3,2,machamp,Machamp,6,4,tier2,representative-near-tier
gym:tier1:彩豆,gen7,gym:伽勒尔地区:彩豆:4,彩豆,3,3,altaria,Altaria,5,5,tier2,mega-system-fill-theme
gym:tier1:彩豆,gen7,gym:伽勒尔地区:彩豆:4,彩豆,4,1,hitmontop,Hitmontop,4,4,tier1,representative-exact-tier
gym:tier1:彩豆,gen7,gym:伽勒尔地区:彩豆:4,彩豆,4,2,machamp,Machamp,6,4,tier2,representative-near-tier
gym:tier1:彩豆,gen7,gym:伽勒尔地区:彩豆:4,彩豆,4,3,altaria,Altaria,5,5,tier2,mega-system-fill-theme
gym:tier1:彩豆,gen8,gym:伽勒尔地区:彩豆:4,彩豆,1,1,falinks,Falinks,4,4,tier1,representative-exact-tier
gym:tier1:彩豆,gen8,gym:伽勒尔地区:彩豆:4,彩豆,1,2,hitmontop,Hitmontop,4,4,tier2,representative-exact-tier
gym:tier1:彩豆,gen8,gym:伽勒尔地区:彩豆:4,彩豆,1,3,grimmsnarl,Grimmsnarl,5,5,tier2,gmax-system-fill-theme
gym:tier1:彩豆,gen8,gym:伽勒尔地区:彩豆:4,彩豆,2,1,falinks,Falinks,4,4,tier1,representative-exact-tier
gym:tier1:彩豆,gen8,gym:伽勒尔地区:彩豆:4,彩豆,2,2,hitmontop,Hitmontop,4,4,tier2,representative-exact-tier
gym:tier1:彩豆,gen8,gym:伽勒尔地区:彩豆:4,彩豆,2,3,grimmsnarl,Grimmsnarl,5,5,tier2,gmax-system-fill-theme
gym:tier1:彩豆,gen8,gym:伽勒尔地区:彩豆:4,彩豆,3,1,falinks,Falinks,4,4,tier1,representative-exact-tier
gym:tier1:彩豆,gen8,gym:伽勒尔地区:彩豆:4,彩豆,3,2,hitmontop,Hitmontop,4,4,tier2,representative-exact-tier
gym:tier1:彩豆,gen8,gym:伽勒尔地区:彩豆:4,彩豆,3,3,grimmsnarl,Grimmsnarl,5,5,tier2,gmax-system-fill-theme
gym:tier1:彩豆,gen8,gym:伽勒尔地区:彩豆:4,彩豆,4,1,falinks,Falinks,4,4,tier1,representative-exact-tier
gym:tier1:彩豆,gen8,gym:伽勒尔地区:彩豆:4,彩豆,4,2,hitmontop,Hitmontop,4,4,tier2,representative-exact-tier
gym:tier1:彩豆,gen8,gym:伽勒尔地区:彩豆:4,彩豆,4,3,grimmsnarl,Grimmsnarl,5,5,tier2,gmax-system-fill-theme
gym:tier1:彩豆,gen9,gym:伽勒尔地区:彩豆:4,彩豆,1,1,falinks,Falinks,4,4,tier1,representative-exact-tier
gym:tier1:彩豆,gen9,gym:伽勒尔地区:彩豆:4,彩豆,1,2,hitmontop,Hitmontop,4,4,tier2,representative-exact-tier
gym:tier1:彩豆,gen9,gym:伽勒尔地区:彩豆:4,彩豆,1,3,sirfetchd,Sirfetch’d,5,5,tier2,representative-exact-tier
gym:tier1:彩豆,gen9,gym:伽勒尔地区:彩豆:4,彩豆,2,1,falinks,Falinks,4,4,tier1,representative-exact-tier
gym:tier1:彩豆,gen9,gym:伽勒尔地区:彩豆:4,彩豆,2,2,hitmontop,Hitmontop,4,4,tier2,representative-exact-tier
gym:tier1:彩豆,gen9,gym:伽勒尔地区:彩豆:4,彩豆,2,3,sirfetchd,Sirfetch’d,5,5,tier2,representative-exact-tier
gym:tier1:彩豆,gen9,gym:伽勒尔地区:彩豆:4,彩豆,3,1,falinks,Falinks,4,4,tier1,representative-exact-tier
gym:tier1:彩豆,gen9,gym:伽勒尔地区:彩豆:4,彩豆,3,2,hitmontop,Hitmontop,4,4,tier2,representative-exact-tier
gym:tier1:彩豆,gen9,gym:伽勒尔地区:彩豆:4,彩豆,3,3,sirfetchd,Sirfetch’d,5,5,tier2,representative-exact-tier
gym:tier1:彩豆,gen9,gym:伽勒尔地区:彩豆:4,彩豆,4,1,falinks,Falinks,4,4,tier1,representative-exact-tier
gym:tier1:彩豆,gen9,gym:伽勒尔地区:彩豆:4,彩豆,4,2,hitmontop,Hitmontop,4,4,tier2,representative-exact-tier
gym:tier1:彩豆,gen9,gym:伽勒尔地区:彩豆:4,彩豆,4,3,sirfetchd,Sirfetch’d,5,5,tier2,representative-exact-tier
gym:tier2:欧尼奥,none,gym:伽勒尔地区:欧尼奥:5,欧尼奥,1,1,runerigus,Runerigus,4,4,tier2,representative-exact-tier
gym:tier2:欧尼奥,none,gym:伽勒尔地区:欧尼奥:5,欧尼奥,1,2,cursola,Cursola,5,5,tier3,representative-exact-tier
gym:tier2:欧尼奥,none,gym:伽勒尔地区:欧尼奥:5,欧尼奥,1,3,polteageist,Polteageist,5,5,tier3,representative-exact-tier
gym:tier2:欧尼奥,none,gym:伽勒尔地区:欧尼奥:5,欧尼奥,2,1,runerigus,Runerigus,4,4,tier2,representative-exact-tier
gym:tier2:欧尼奥,none,gym:伽勒尔地区:欧尼奥:5,欧尼奥,2,2,cursola,Cursola,5,5,tier3,representative-exact-tier
gym:tier2:欧尼奥,none,gym:伽勒尔地区:欧尼奥:5,欧尼奥,2,3,polteageist,Polteageist,5,5,tier3,representative-exact-tier
gym:tier2:欧尼奥,none,gym:伽勒尔地区:欧尼奥:5,欧尼奥,3,1,runerigus,Runerigus,4,4,tier2,representative-exact-tier
gym:tier2:欧尼奥,none,gym:伽勒尔地区:欧尼奥:5,欧尼奥,3,2,cursola,Cursola,5,5,tier3,representative-exact-tier
gym:tier2:欧尼奥,none,gym:伽勒尔地区:欧尼奥:5,欧尼奥,3,3,polteageist,Polteageist,5,5,tier3,representative-exact-tier
gym:tier2:欧尼奥,none,gym:伽勒尔地区:欧尼奥:5,欧尼奥,4,1,runerigus,Runerigus,4,4,tier2,representative-exact-tier
gym:tier2:欧尼奥,none,gym:伽勒尔地区:欧尼奥:5,欧尼奥,4,2,cursola,Cursola,5,5,tier3,representative-exact-tier
gym:tier2:欧尼奥,none,gym:伽勒尔地区:欧尼奥:5,欧尼奥,4,3,polteageist,Polteageist,5,5,tier3,representative-exact-tier
gym:tier2:欧尼奥,gen7,gym:伽勒尔地区:欧尼奥:5,欧尼奥,1,1,gengar,Gengar,6,4,tier2,representative-near-tier
gym:tier2:欧尼奥,gen7,gym:伽勒尔地区:欧尼奥:5,欧尼奥,1,2,dusknoir,Dusknoir,6,5,tier3,representative-near-tier
gym:tier2:欧尼奥,gen7,gym:伽勒尔地区:欧尼奥:5,欧尼奥,1,3,chandelure,Chandelure,6,5,tier3,representative-near-tier
gym:tier2:欧尼奥,gen7,gym:伽勒尔地区:欧尼奥:5,欧尼奥,2,1,gengar,Gengar,6,4,tier2,representative-near-tier
gym:tier2:欧尼奥,gen7,gym:伽勒尔地区:欧尼奥:5,欧尼奥,2,2,dusknoir,Dusknoir,6,5,tier3,representative-near-tier
gym:tier2:欧尼奥,gen7,gym:伽勒尔地区:欧尼奥:5,欧尼奥,2,3,chandelure,Chandelure,6,5,tier3,representative-near-tier
gym:tier2:欧尼奥,gen7,gym:伽勒尔地区:欧尼奥:5,欧尼奥,3,1,gengar,Gengar,6,4,tier2,representative-near-tier
gym:tier2:欧尼奥,gen7,gym:伽勒尔地区:欧尼奥:5,欧尼奥,3,2,dusknoir,Dusknoir,6,5,tier3,representative-near-tier
gym:tier2:欧尼奥,gen7,gym:伽勒尔地区:欧尼奥:5,欧尼奥,3,3,chandelure,Chandelure,6,5,tier3,representative-near-tier
gym:tier2:欧尼奥,gen7,gym:伽勒尔地区:欧尼奥:5,欧尼奥,4,1,gengar,Gengar,6,4,tier2,representative-near-tier
gym:tier2:欧尼奥,gen7,gym:伽勒尔地区:欧尼奥:5,欧尼奥,4,2,dusknoir,Dusknoir,6,5,tier3,representative-near-tier
gym:tier2:欧尼奥,gen7,gym:伽勒尔地区:欧尼奥:5,欧尼奥,4,3,chandelure,Chandelure,6,5,tier3,representative-near-tier
gym:tier2:欧尼奥,gen8,gym:伽勒尔地区:欧尼奥:5,欧尼奥,1,1,runerigus,Runerigus,4,4,tier2,representative-exact-tier
gym:tier2:欧尼奥,gen8,gym:伽勒尔地区:欧尼奥:5,欧尼奥,1,2,cursola,Cursola,5,5,tier3,representative-exact-tier
gym:tier2:欧尼奥,gen8,gym:伽勒尔地区:欧尼奥:5,欧尼奥,1,3,centiskorch,Centiskorch,5,5,tier3,gmax-system-fill-theme
gym:tier2:欧尼奥,gen8,gym:伽勒尔地区:欧尼奥:5,欧尼奥,2,1,runerigus,Runerigus,4,4,tier2,representative-exact-tier
gym:tier2:欧尼奥,gen8,gym:伽勒尔地区:欧尼奥:5,欧尼奥,2,2,cursola,Cursola,5,5,tier3,representative-exact-tier
gym:tier2:欧尼奥,gen8,gym:伽勒尔地区:欧尼奥:5,欧尼奥,2,3,centiskorch,Centiskorch,5,5,tier3,gmax-system-fill-theme
gym:tier2:欧尼奥,gen8,gym:伽勒尔地区:欧尼奥:5,欧尼奥,3,1,runerigus,Runerigus,4,4,tier2,representative-exact-tier
gym:tier2:欧尼奥,gen8,gym:伽勒尔地区:欧尼奥:5,欧尼奥,3,2,cursola,Cursola,5,5,tier3,representative-exact-tier
gym:tier2:欧尼奥,gen8,gym:伽勒尔地区:欧尼奥:5,欧尼奥,3,3,centiskorch,Centiskorch,5,5,tier3,gmax-system-fill-theme
gym:tier2:欧尼奥,gen8,gym:伽勒尔地区:欧尼奥:5,欧尼奥,4,1,runerigus,Runerigus,4,4,tier2,representative-exact-tier
gym:tier2:欧尼奥,gen8,gym:伽勒尔地区:欧尼奥:5,欧尼奥,4,2,cursola,Cursola,5,5,tier3,representative-exact-tier
gym:tier2:欧尼奥,gen8,gym:伽勒尔地区:欧尼奥:5,欧尼奥,4,3,centiskorch,Centiskorch,5,5,tier3,gmax-system-fill-theme
gym:tier2:欧尼奥,gen9,gym:伽勒尔地区:欧尼奥:5,欧尼奥,1,1,runerigus,Runerigus,4,4,tier2,representative-exact-tier
gym:tier2:欧尼奥,gen9,gym:伽勒尔地区:欧尼奥:5,欧尼奥,1,2,cursola,Cursola,5,5,tier3,representative-exact-tier
gym:tier2:欧尼奥,gen9,gym:伽勒尔地区:欧尼奥:5,欧尼奥,1,3,polteageist,Polteageist,5,5,tier3,representative-exact-tier
gym:tier2:欧尼奥,gen9,gym:伽勒尔地区:欧尼奥:5,欧尼奥,2,1,runerigus,Runerigus,4,4,tier2,representative-exact-tier
gym:tier2:欧尼奥,gen9,gym:伽勒尔地区:欧尼奥:5,欧尼奥,2,2,cursola,Cursola,5,5,tier3,representative-exact-tier
gym:tier2:欧尼奥,gen9,gym:伽勒尔地区:欧尼奥:5,欧尼奥,2,3,polteageist,Polteageist,5,5,tier3,representative-exact-tier
gym:tier2:欧尼奥,gen9,gym:伽勒尔地区:欧尼奥:5,欧尼奥,3,1,runerigus,Runerigus,4,4,tier2,representative-exact-tier
gym:tier2:欧尼奥,gen9,gym:伽勒尔地区:欧尼奥:5,欧尼奥,3,2,cursola,Cursola,5,5,tier3,representative-exact-tier
gym:tier2:欧尼奥,gen9,gym:伽勒尔地区:欧尼奥:5,欧尼奥,3,3,polteageist,Polteageist,5,5,tier3,representative-exact-tier
gym:tier2:欧尼奥,gen9,gym:伽勒尔地区:欧尼奥:5,欧尼奥,4,1,runerigus,Runerigus,4,4,tier2,representative-exact-tier
gym:tier2:欧尼奥,gen9,gym:伽勒尔地区:欧尼奥:5,欧尼奥,4,2,cursola,Cursola,5,5,tier3,representative-exact-tier
gym:tier2:欧尼奥,gen9,gym:伽勒尔地区:欧尼奥:5,欧尼奥,4,3,polteageist,Polteageist,5,5,tier3,representative-exact-tier
gym:tier2:波普菈,none,gym:伽勒尔地区:波普菈:6,波普菈,1,1,alcremie,Alcremie,4,4,tier2,representative-exact-tier
gym:tier2:波普菈,none,gym:伽勒尔地区:波普菈:6,波普菈,1,2,rapidash,Rapidash,5,5,tier3,representative-exact-tier
gym:tier2:波普菈,none,gym:伽勒尔地区:波普菈:6,波普菈,1,3,hatterene,Hatterene,5,5,tier3,representative-exact-tier
gym:tier2:波普菈,none,gym:伽勒尔地区:波普菈:6,波普菈,2,1,alcremie,Alcremie,4,4,tier2,representative-exact-tier
gym:tier2:波普菈,none,gym:伽勒尔地区:波普菈:6,波普菈,2,2,rapidash,Rapidash,5,5,tier3,representative-exact-tier
gym:tier2:波普菈,none,gym:伽勒尔地区:波普菈:6,波普菈,2,3,hatterene,Hatterene,5,5,tier3,representative-exact-tier
gym:tier2:波普菈,none,gym:伽勒尔地区:波普菈:6,波普菈,3,1,alcremie,Alcremie,4,4,tier2,representative-exact-tier
gym:tier2:波普菈,none,gym:伽勒尔地区:波普菈:6,波普菈,3,2,rapidash,Rapidash,5,5,tier3,representative-exact-tier
gym:tier2:波普菈,none,gym:伽勒尔地区:波普菈:6,波普菈,3,3,hatterene,Hatterene,5,5,tier3,representative-exact-tier
gym:tier2:波普菈,none,gym:伽勒尔地区:波普菈:6,波普菈,4,1,alcremie,Alcremie,4,4,tier2,representative-exact-tier
gym:tier2:波普菈,none,gym:伽勒尔地区:波普菈:6,波普菈,4,2,rapidash,Rapidash,5,5,tier3,representative-exact-tier
gym:tier2:波普菈,none,gym:伽勒尔地区:波普菈:6,波普菈,4,3,hatterene,Hatterene,5,5,tier3,representative-exact-tier
gym:tier2:波普菈,gen7,gym:伽勒尔地区:波普菈:6,波普菈,1,1,rapidash,Rapidash,5,4,tier2,representative-near-tier
gym:tier2:波普菈,gen7,gym:伽勒尔地区:波普菈:6,波普菈,1,2,weezing,Weezing,5,5,tier3,representative-exact-tier
gym:tier2:波普菈,gen7,gym:伽勒尔地区:波普菈:6,波普菈,1,3,gardevoir,Gardevoir,6,5,tier3,representative-near-tier
gym:tier2:波普菈,gen7,gym:伽勒尔地区:波普菈:6,波普菈,2,1,rapidash,Rapidash,5,4,tier2,representative-near-tier
gym:tier2:波普菈,gen7,gym:伽勒尔地区:波普菈:6,波普菈,2,2,weezing,Weezing,5,5,tier3,representative-exact-tier
gym:tier2:波普菈,gen7,gym:伽勒尔地区:波普菈:6,波普菈,2,3,gardevoir,Gardevoir,6,5,tier3,representative-near-tier
gym:tier2:波普菈,gen7,gym:伽勒尔地区:波普菈:6,波普菈,3,1,rapidash,Rapidash,5,4,tier2,representative-near-tier
gym:tier2:波普菈,gen7,gym:伽勒尔地区:波普菈:6,波普菈,3,2,weezing,Weezing,5,5,tier3,representative-exact-tier
gym:tier2:波普菈,gen7,gym:伽勒尔地区:波普菈:6,波普菈,3,3,gardevoir,Gardevoir,6,5,tier3,representative-near-tier
gym:tier2:波普菈,gen7,gym:伽勒尔地区:波普菈:6,波普菈,4,1,rapidash,Rapidash,5,4,tier2,representative-near-tier
gym:tier2:波普菈,gen7,gym:伽勒尔地区:波普菈:6,波普菈,4,2,weezing,Weezing,5,5,tier3,representative-exact-tier
gym:tier2:波普菈,gen7,gym:伽勒尔地区:波普菈:6,波普菈,4,3,gardevoir,Gardevoir,6,5,tier3,representative-near-tier
gym:tier2:波普菈,gen8,gym:伽勒尔地区:波普菈:6,波普菈,1,1,alcremie,Alcremie,4,4,tier2,representative-exact-tier
gym:tier2:波普菈,gen8,gym:伽勒尔地区:波普菈:6,波普菈,1,2,rapidash,Rapidash,5,5,tier3,representative-exact-tier
gym:tier2:波普菈,gen8,gym:伽勒尔地区:波普菈:6,波普菈,1,3,hatterene,Hatterene,5,5,tier3,representative-exact-tier
gym:tier2:波普菈,gen8,gym:伽勒尔地区:波普菈:6,波普菈,2,1,alcremie,Alcremie,4,4,tier2,representative-exact-tier
gym:tier2:波普菈,gen8,gym:伽勒尔地区:波普菈:6,波普菈,2,2,rapidash,Rapidash,5,5,tier3,representative-exact-tier
gym:tier2:波普菈,gen8,gym:伽勒尔地区:波普菈:6,波普菈,2,3,hatterene,Hatterene,5,5,tier3,representative-exact-tier
gym:tier2:波普菈,gen8,gym:伽勒尔地区:波普菈:6,波普菈,3,1,alcremie,Alcremie,4,4,tier2,representative-exact-tier
gym:tier2:波普菈,gen8,gym:伽勒尔地区:波普菈:6,波普菈,3,2,rapidash,Rapidash,5,5,tier3,representative-exact-tier
gym:tier2:波普菈,gen8,gym:伽勒尔地区:波普菈:6,波普菈,3,3,hatterene,Hatterene,5,5,tier3,representative-exact-tier
gym:tier2:波普菈,gen8,gym:伽勒尔地区:波普菈:6,波普菈,4,1,alcremie,Alcremie,4,4,tier2,representative-exact-tier
gym:tier2:波普菈,gen8,gym:伽勒尔地区:波普菈:6,波普菈,4,2,rapidash,Rapidash,5,5,tier3,representative-exact-tier
gym:tier2:波普菈,gen8,gym:伽勒尔地区:波普菈:6,波普菈,4,3,hatterene,Hatterene,5,5,tier3,representative-exact-tier
gym:tier2:波普菈,gen9,gym:伽勒尔地区:波普菈:6,波普菈,1,1,alcremie,Alcremie,4,4,tier2,representative-exact-tier
gym:tier2:波普菈,gen9,gym:伽勒尔地区:波普菈:6,波普菈,1,2,rapidash,Rapidash,5,5,tier3,representative-exact-tier
gym:tier2:波普菈,gen9,gym:伽勒尔地区:波普菈:6,波普菈,1,3,hatterene,Hatterene,5,5,tier3,representative-exact-tier
gym:tier2:波普菈,gen9,gym:伽勒尔地区:波普菈:6,波普菈,2,1,alcremie,Alcremie,4,4,tier2,representative-exact-tier
gym:tier2:波普菈,gen9,gym:伽勒尔地区:波普菈:6,波普菈,2,2,rapidash,Rapidash,5,5,tier3,representative-exact-tier
gym:tier2:波普菈,gen9,gym:伽勒尔地区:波普菈:6,波普菈,2,3,hatterene,Hatterene,5,5,tier3,representative-exact-tier
gym:tier2:波普菈,gen9,gym:伽勒尔地区:波普菈:6,波普菈,3,1,alcremie,Alcremie,4,4,tier2,representative-exact-tier
gym:tier2:波普菈,gen9,gym:伽勒尔地区:波普菈:6,波普菈,3,2,rapidash,Rapidash,5,5,tier3,representative-exact-tier
gym:tier2:波普菈,gen9,gym:伽勒尔地区:波普菈:6,波普菈,3,3,hatterene,Hatterene,5,5,tier3,representative-exact-tier
gym:tier2:波普菈,gen9,gym:伽勒尔地区:波普菈:6,波普菈,4,1,alcremie,Alcremie,4,4,tier2,representative-exact-tier
gym:tier2:波普菈,gen9,gym:伽勒尔地区:波普菈:6,波普菈,4,2,rapidash,Rapidash,5,5,tier3,representative-exact-tier
gym:tier2:波普菈,gen9,gym:伽勒尔地区:波普菈:6,波普菈,4,3,hatterene,Hatterene,5,5,tier3,representative-exact-tier
gym:tier2:玛瓜,none,gym:伽勒尔地区:玛瓜:7,玛瓜,1,1,stonjourner,Stonjourner,4,4,tier2,representative-exact-tier
gym:tier2:玛瓜,none,gym:伽勒尔地区:玛瓜:7,玛瓜,1,2,coalossal,Coalossal,5,5,tier3,representative-exact-tier
gym:tier2:玛瓜,none,gym:伽勒尔地区:玛瓜:7,玛瓜,1,3,shuckle,Shuckle,6,5,tier3,representative-near-tier
gym:tier2:玛瓜,none,gym:伽勒尔地区:玛瓜:7,玛瓜,2,1,stonjourner,Stonjourner,4,4,tier2,representative-exact-tier
gym:tier2:玛瓜,none,gym:伽勒尔地区:玛瓜:7,玛瓜,2,2,coalossal,Coalossal,5,5,tier3,representative-exact-tier
gym:tier2:玛瓜,none,gym:伽勒尔地区:玛瓜:7,玛瓜,2,3,shuckle,Shuckle,6,5,tier3,representative-near-tier
gym:tier2:玛瓜,none,gym:伽勒尔地区:玛瓜:7,玛瓜,3,1,stonjourner,Stonjourner,4,4,tier2,representative-exact-tier
gym:tier2:玛瓜,none,gym:伽勒尔地区:玛瓜:7,玛瓜,3,2,coalossal,Coalossal,5,5,tier3,representative-exact-tier
gym:tier2:玛瓜,none,gym:伽勒尔地区:玛瓜:7,玛瓜,3,3,shuckle,Shuckle,6,5,tier3,representative-near-tier
gym:tier2:玛瓜,none,gym:伽勒尔地区:玛瓜:7,玛瓜,4,1,stonjourner,Stonjourner,4,4,tier2,representative-exact-tier
gym:tier2:玛瓜,none,gym:伽勒尔地区:玛瓜:7,玛瓜,4,2,coalossal,Coalossal,5,5,tier3,representative-exact-tier
gym:tier2:玛瓜,none,gym:伽勒尔地区:玛瓜:7,玛瓜,4,3,shuckle,Shuckle,6,5,tier3,representative-near-tier
gym:tier2:玛瓜,gen7,gym:伽勒尔地区:玛瓜:7,玛瓜,1,1,shuckle,Shuckle,6,4,tier2,representative-near-tier
gym:tier2:玛瓜,gen7,gym:伽勒尔地区:玛瓜:7,玛瓜,1,2,barbaracle,Barbaracle,6,5,tier3,representative-near-tier
gym:tier2:玛瓜,gen7,gym:伽勒尔地区:玛瓜:7,玛瓜,1,3,tyranitar,Tyranitar,6,5,tier3,representative-near-tier
gym:tier2:玛瓜,gen7,gym:伽勒尔地区:玛瓜:7,玛瓜,2,1,shuckle,Shuckle,6,4,tier2,representative-near-tier
gym:tier2:玛瓜,gen7,gym:伽勒尔地区:玛瓜:7,玛瓜,2,2,barbaracle,Barbaracle,6,5,tier3,representative-near-tier
gym:tier2:玛瓜,gen7,gym:伽勒尔地区:玛瓜:7,玛瓜,2,3,tyranitar,Tyranitar,6,5,tier3,representative-near-tier
gym:tier2:玛瓜,gen7,gym:伽勒尔地区:玛瓜:7,玛瓜,3,1,shuckle,Shuckle,6,4,tier2,representative-near-tier
gym:tier2:玛瓜,gen7,gym:伽勒尔地区:玛瓜:7,玛瓜,3,2,barbaracle,Barbaracle,6,5,tier3,representative-near-tier
gym:tier2:玛瓜,gen7,gym:伽勒尔地区:玛瓜:7,玛瓜,3,3,tyranitar,Tyranitar,6,5,tier3,representative-near-tier
gym:tier2:玛瓜,gen7,gym:伽勒尔地区:玛瓜:7,玛瓜,4,1,shuckle,Shuckle,6,4,tier2,representative-near-tier
gym:tier2:玛瓜,gen7,gym:伽勒尔地区:玛瓜:7,玛瓜,4,2,barbaracle,Barbaracle,6,5,tier3,representative-near-tier
gym:tier2:玛瓜,gen7,gym:伽勒尔地区:玛瓜:7,玛瓜,4,3,tyranitar,Tyranitar,6,5,tier3,representative-near-tier
gym:tier2:玛瓜,gen8,gym:伽勒尔地区:玛瓜:7,玛瓜,1,1,stonjourner,Stonjourner,4,4,tier2,representative-exact-tier
gym:tier2:玛瓜,gen8,gym:伽勒尔地区:玛瓜:7,玛瓜,1,2,coalossal,Coalossal,5,5,tier3,representative-exact-tier
gym:tier2:玛瓜,gen8,gym:伽勒尔地区:玛瓜:7,玛瓜,1,3,shuckle,Shuckle,6,5,tier3,representative-near-tier
gym:tier2:玛瓜,gen8,gym:伽勒尔地区:玛瓜:7,玛瓜,2,1,stonjourner,Stonjourner,4,4,tier2,representative-exact-tier
gym:tier2:玛瓜,gen8,gym:伽勒尔地区:玛瓜:7,玛瓜,2,2,coalossal,Coalossal,5,5,tier3,representative-exact-tier
gym:tier2:玛瓜,gen8,gym:伽勒尔地区:玛瓜:7,玛瓜,2,3,shuckle,Shuckle,6,5,tier3,representative-near-tier
gym:tier2:玛瓜,gen8,gym:伽勒尔地区:玛瓜:7,玛瓜,3,1,stonjourner,Stonjourner,4,4,tier2,representative-exact-tier
gym:tier2:玛瓜,gen8,gym:伽勒尔地区:玛瓜:7,玛瓜,3,2,coalossal,Coalossal,5,5,tier3,representative-exact-tier
gym:tier2:玛瓜,gen8,gym:伽勒尔地区:玛瓜:7,玛瓜,3,3,shuckle,Shuckle,6,5,tier3,representative-near-tier
gym:tier2:玛瓜,gen8,gym:伽勒尔地区:玛瓜:7,玛瓜,4,1,stonjourner,Stonjourner,4,4,tier2,representative-exact-tier
gym:tier2:玛瓜,gen8,gym:伽勒尔地区:玛瓜:7,玛瓜,4,2,coalossal,Coalossal,5,5,tier3,representative-exact-tier
gym:tier2:玛瓜,gen8,gym:伽勒尔地区:玛瓜:7,玛瓜,4,3,shuckle,Shuckle,6,5,tier3,representative-near-tier
gym:tier2:玛瓜,gen9,gym:伽勒尔地区:玛瓜:7,玛瓜,1,1,stonjourner,Stonjourner,4,4,tier2,representative-exact-tier
gym:tier2:玛瓜,gen9,gym:伽勒尔地区:玛瓜:7,玛瓜,1,2,coalossal,Coalossal,5,5,tier3,representative-exact-tier
gym:tier2:玛瓜,gen9,gym:伽勒尔地区:玛瓜:7,玛瓜,1,3,shuckle,Shuckle,6,5,tier3,representative-near-tier
gym:tier2:玛瓜,gen9,gym:伽勒尔地区:玛瓜:7,玛瓜,2,1,stonjourner,Stonjourner,4,4,tier2,representative-exact-tier
gym:tier2:玛瓜,gen9,gym:伽勒尔地区:玛瓜:7,玛瓜,2,2,coalossal,Coalossal,5,5,tier3,representative-exact-tier
gym:tier2:玛瓜,gen9,gym:伽勒尔地区:玛瓜:7,玛瓜,2,3,shuckle,Shuckle,6,5,tier3,representative-near-tier
gym:tier2:玛瓜,gen9,gym:伽勒尔地区:玛瓜:7,玛瓜,3,1,stonjourner,Stonjourner,4,4,tier2,representative-exact-tier
gym:tier2:玛瓜,gen9,gym:伽勒尔地区:玛瓜:7,玛瓜,3,2,coalossal,Coalossal,5,5,tier3,representative-exact-tier
gym:tier2:玛瓜,gen9,gym:伽勒尔地区:玛瓜:7,玛瓜,3,3,shuckle,Shuckle,6,5,tier3,representative-near-tier
gym:tier2:玛瓜,gen9,gym:伽勒尔地区:玛瓜:7,玛瓜,4,1,stonjourner,Stonjourner,4,4,tier2,representative-exact-tier
gym:tier2:玛瓜,gen9,gym:伽勒尔地区:玛瓜:7,玛瓜,4,2,coalossal,Coalossal,5,5,tier3,representative-exact-tier
gym:tier2:玛瓜,gen9,gym:伽勒尔地区:玛瓜:7,玛瓜,4,3,shuckle,Shuckle,6,5,tier3,representative-near-tier
gym:tier3:美蓉,none,gym:伽勒尔地区:美蓉:8,美蓉,1,1,darmanitan,Darmanitan,5,5,tier3,representative-exact-tier
gym:tier3:美蓉,none,gym:伽勒尔地区:美蓉:8,美蓉,1,2,mrrime,Mr. Rime,5,5,tier4,representative-exact-tier
gym:tier3:美蓉,none,gym:伽勒尔地区:美蓉:8,美蓉,1,3,lapras,Lapras,6,6,tier4,representative-exact-tier
gym:tier3:美蓉,none,gym:伽勒尔地区:美蓉:8,美蓉,2,1,darmanitan,Darmanitan,5,5,tier3,representative-exact-tier
gym:tier3:美蓉,none,gym:伽勒尔地区:美蓉:8,美蓉,2,2,mrrime,Mr. Rime,5,5,tier4,representative-exact-tier
gym:tier3:美蓉,none,gym:伽勒尔地区:美蓉:8,美蓉,2,3,lapras,Lapras,6,6,tier4,representative-exact-tier
gym:tier3:美蓉,none,gym:伽勒尔地区:美蓉:8,美蓉,3,1,darmanitan,Darmanitan,5,5,tier3,representative-exact-tier
gym:tier3:美蓉,none,gym:伽勒尔地区:美蓉:8,美蓉,3,2,mrrime,Mr. Rime,5,5,tier4,representative-exact-tier
gym:tier3:美蓉,none,gym:伽勒尔地区:美蓉:8,美蓉,3,3,lapras,Lapras,6,6,tier4,representative-exact-tier
gym:tier3:美蓉,none,gym:伽勒尔地区:美蓉:8,美蓉,4,1,darmanitan,Darmanitan,5,5,tier3,representative-exact-tier
gym:tier3:美蓉,none,gym:伽勒尔地区:美蓉:8,美蓉,4,2,mrrime,Mr. Rime,5,5,tier4,representative-exact-tier
gym:tier3:美蓉,none,gym:伽勒尔地区:美蓉:8,美蓉,4,3,lapras,Lapras,6,6,tier4,representative-exact-tier
gym:tier3:美蓉,gen7,gym:伽勒尔地区:美蓉:8,美蓉,1,1,darmanitan,Darmanitan,5,5,tier3,representative-exact-tier
gym:tier3:美蓉,gen7,gym:伽勒尔地区:美蓉:8,美蓉,1,2,lapras,Lapras,6,5,tier4,representative-near-tier
gym:tier3:美蓉,gen7,gym:伽勒尔地区:美蓉:8,美蓉,1,3,alakazam,Alakazam,6,6,tier4,theme-fill
gym:tier3:美蓉,gen7,gym:伽勒尔地区:美蓉:8,美蓉,2,1,darmanitan,Darmanitan,5,5,tier3,representative-exact-tier
gym:tier3:美蓉,gen7,gym:伽勒尔地区:美蓉:8,美蓉,2,2,lapras,Lapras,6,5,tier4,representative-near-tier
gym:tier3:美蓉,gen7,gym:伽勒尔地区:美蓉:8,美蓉,2,3,alakazam,Alakazam,6,6,tier4,theme-fill
gym:tier3:美蓉,gen7,gym:伽勒尔地区:美蓉:8,美蓉,3,1,darmanitan,Darmanitan,5,5,tier3,representative-exact-tier
gym:tier3:美蓉,gen7,gym:伽勒尔地区:美蓉:8,美蓉,3,2,lapras,Lapras,6,5,tier4,representative-near-tier
gym:tier3:美蓉,gen7,gym:伽勒尔地区:美蓉:8,美蓉,3,3,alakazam,Alakazam,6,6,tier4,theme-fill
gym:tier3:美蓉,gen7,gym:伽勒尔地区:美蓉:8,美蓉,4,1,darmanitan,Darmanitan,5,5,tier3,representative-exact-tier
gym:tier3:美蓉,gen7,gym:伽勒尔地区:美蓉:8,美蓉,4,2,lapras,Lapras,6,5,tier4,representative-near-tier
gym:tier3:美蓉,gen7,gym:伽勒尔地区:美蓉:8,美蓉,4,3,alakazam,Alakazam,6,6,tier4,theme-fill
gym:tier3:美蓉,gen8,gym:伽勒尔地区:美蓉:8,美蓉,1,1,darmanitan,Darmanitan,5,5,tier3,representative-exact-tier
gym:tier3:美蓉,gen8,gym:伽勒尔地区:美蓉:8,美蓉,1,2,mrrime,Mr. Rime,5,5,tier4,representative-exact-tier
gym:tier3:美蓉,gen8,gym:伽勒尔地区:美蓉:8,美蓉,1,3,lapras,Lapras,6,6,tier4,representative-exact-tier
gym:tier3:美蓉,gen8,gym:伽勒尔地区:美蓉:8,美蓉,2,1,darmanitan,Darmanitan,5,5,tier3,representative-exact-tier
gym:tier3:美蓉,gen8,gym:伽勒尔地区:美蓉:8,美蓉,2,2,mrrime,Mr. Rime,5,5,tier4,representative-exact-tier
gym:tier3:美蓉,gen8,gym:伽勒尔地区:美蓉:8,美蓉,2,3,lapras,Lapras,6,6,tier4,representative-exact-tier
gym:tier3:美蓉,gen8,gym:伽勒尔地区:美蓉:8,美蓉,3,1,darmanitan,Darmanitan,5,5,tier3,representative-exact-tier
gym:tier3:美蓉,gen8,gym:伽勒尔地区:美蓉:8,美蓉,3,2,mrrime,Mr. Rime,5,5,tier4,representative-exact-tier
gym:tier3:美蓉,gen8,gym:伽勒尔地区:美蓉:8,美蓉,3,3,lapras,Lapras,6,6,tier4,representative-exact-tier
gym:tier3:美蓉,gen8,gym:伽勒尔地区:美蓉:8,美蓉,4,1,darmanitan,Darmanitan,5,5,tier3,representative-exact-tier
gym:tier3:美蓉,gen8,gym:伽勒尔地区:美蓉:8,美蓉,4,2,mrrime,Mr. Rime,5,5,tier4,representative-exact-tier
gym:tier3:美蓉,gen8,gym:伽勒尔地区:美蓉:8,美蓉,4,3,lapras,Lapras,6,6,tier4,representative-exact-tier
gym:tier3:美蓉,gen9,gym:伽勒尔地区:美蓉:8,美蓉,1,1,darmanitan,Darmanitan,5,5,tier3,representative-exact-tier
gym:tier3:美蓉,gen9,gym:伽勒尔地区:美蓉:8,美蓉,1,2,mrrime,Mr. Rime,5,5,tier4,representative-exact-tier
gym:tier3:美蓉,gen9,gym:伽勒尔地区:美蓉:8,美蓉,1,3,lapras,Lapras,6,6,tier4,representative-exact-tier
gym:tier3:美蓉,gen9,gym:伽勒尔地区:美蓉:8,美蓉,2,1,darmanitan,Darmanitan,5,5,tier3,representative-exact-tier
gym:tier3:美蓉,gen9,gym:伽勒尔地区:美蓉:8,美蓉,2,2,mrrime,Mr. Rime,5,5,tier4,representative-exact-tier
gym:tier3:美蓉,gen9,gym:伽勒尔地区:美蓉:8,美蓉,2,3,lapras,Lapras,6,6,tier4,representative-exact-tier
gym:tier3:美蓉,gen9,gym:伽勒尔地区:美蓉:8,美蓉,3,1,darmanitan,Darmanitan,5,5,tier3,representative-exact-tier
gym:tier3:美蓉,gen9,gym:伽勒尔地区:美蓉:8,美蓉,3,2,mrrime,Mr. Rime,5,5,tier4,representative-exact-tier
gym:tier3:美蓉,gen9,gym:伽勒尔地区:美蓉:8,美蓉,3,3,lapras,Lapras,6,6,tier4,representative-exact-tier
gym:tier3:美蓉,gen9,gym:伽勒尔地区:美蓉:8,美蓉,4,1,darmanitan,Darmanitan,5,5,tier3,representative-exact-tier
gym:tier3:美蓉,gen9,gym:伽勒尔地区:美蓉:8,美蓉,4,2,mrrime,Mr. Rime,5,5,tier4,representative-exact-tier
gym:tier3:美蓉,gen9,gym:伽勒尔地区:美蓉:8,美蓉,4,3,lapras,Lapras,6,6,tier4,representative-exact-tier
gym:tier3:聂梓,none,gym:伽勒尔地区:聂梓:9,聂梓,1,1,scrafty,Scrafty,5,5,tier3,representative-exact-tier
gym:tier3:聂梓,none,gym:伽勒尔地区:聂梓:9,聂梓,1,2,obstagoon,Obstagoon,5,5,tier4,representative-exact-tier
gym:tier3:聂梓,none,gym:伽勒尔地区:聂梓:9,聂梓,1,3,alakazam,Alakazam,6,6,tier4,theme-fill
gym:tier3:聂梓,none,gym:伽勒尔地区:聂梓:9,聂梓,2,1,scrafty,Scrafty,5,5,tier3,representative-exact-tier
gym:tier3:聂梓,none,gym:伽勒尔地区:聂梓:9,聂梓,2,2,obstagoon,Obstagoon,5,5,tier4,representative-exact-tier
gym:tier3:聂梓,none,gym:伽勒尔地区:聂梓:9,聂梓,2,3,alakazam,Alakazam,6,6,tier4,theme-fill
gym:tier3:聂梓,none,gym:伽勒尔地区:聂梓:9,聂梓,3,1,scrafty,Scrafty,5,5,tier3,representative-exact-tier
gym:tier3:聂梓,none,gym:伽勒尔地区:聂梓:9,聂梓,3,2,obstagoon,Obstagoon,5,5,tier4,representative-exact-tier
gym:tier3:聂梓,none,gym:伽勒尔地区:聂梓:9,聂梓,3,3,alakazam,Alakazam,6,6,tier4,theme-fill
gym:tier3:聂梓,none,gym:伽勒尔地区:聂梓:9,聂梓,4,1,scrafty,Scrafty,5,5,tier3,representative-exact-tier
gym:tier3:聂梓,none,gym:伽勒尔地区:聂梓:9,聂梓,4,2,obstagoon,Obstagoon,5,5,tier4,representative-exact-tier
gym:tier3:聂梓,none,gym:伽勒尔地区:聂梓:9,聂梓,4,3,alakazam,Alakazam,6,6,tier4,theme-fill
gym:tier3:聂梓,gen7,gym:伽勒尔地区:聂梓:9,聂梓,1,1,scrafty,Scrafty,5,5,tier3,representative-exact-tier
gym:tier3:聂梓,gen7,gym:伽勒尔地区:聂梓:9,聂梓,1,2,malamar,Malamar,5,5,tier4,representative-exact-tier
gym:tier3:聂梓,gen7,gym:伽勒尔地区:聂梓:9,聂梓,1,3,alakazam,Alakazam,6,6,tier4,theme-fill
gym:tier3:聂梓,gen7,gym:伽勒尔地区:聂梓:9,聂梓,2,1,scrafty,Scrafty,5,5,tier3,representative-exact-tier
gym:tier3:聂梓,gen7,gym:伽勒尔地区:聂梓:9,聂梓,2,2,malamar,Malamar,5,5,tier4,representative-exact-tier
gym:tier3:聂梓,gen7,gym:伽勒尔地区:聂梓:9,聂梓,2,3,alakazam,Alakazam,6,6,tier4,theme-fill
gym:tier3:聂梓,gen7,gym:伽勒尔地区:聂梓:9,聂梓,3,1,scrafty,Scrafty,5,5,tier3,representative-exact-tier
gym:tier3:聂梓,gen7,gym:伽勒尔地区:聂梓:9,聂梓,3,2,malamar,Malamar,5,5,tier4,representative-exact-tier
gym:tier3:聂梓,gen7,gym:伽勒尔地区:聂梓:9,聂梓,3,3,alakazam,Alakazam,6,6,tier4,theme-fill
gym:tier3:聂梓,gen7,gym:伽勒尔地区:聂梓:9,聂梓,4,1,scrafty,Scrafty,5,5,tier3,representative-exact-tier
gym:tier3:聂梓,gen7,gym:伽勒尔地区:聂梓:9,聂梓,4,2,malamar,Malamar,5,5,tier4,representative-exact-tier
gym:tier3:聂梓,gen7,gym:伽勒尔地区:聂梓:9,聂梓,4,3,alakazam,Alakazam,6,6,tier4,theme-fill
gym:tier3:聂梓,gen8,gym:伽勒尔地区:聂梓:9,聂梓,1,1,scrafty,Scrafty,5,5,tier3,representative-exact-tier
gym:tier3:聂梓,gen8,gym:伽勒尔地区:聂梓:9,聂梓,1,2,obstagoon,Obstagoon,5,5,tier4,representative-exact-tier
gym:tier3:聂梓,gen8,gym:伽勒尔地区:聂梓:9,聂梓,1,3,gengar,Gengar,6,6,tier4,gmax-system-fill-theme
gym:tier3:聂梓,gen8,gym:伽勒尔地区:聂梓:9,聂梓,2,1,scrafty,Scrafty,5,5,tier3,representative-exact-tier
gym:tier3:聂梓,gen8,gym:伽勒尔地区:聂梓:9,聂梓,2,2,obstagoon,Obstagoon,5,5,tier4,representative-exact-tier
gym:tier3:聂梓,gen8,gym:伽勒尔地区:聂梓:9,聂梓,2,3,gengar,Gengar,6,6,tier4,gmax-system-fill-theme
gym:tier3:聂梓,gen8,gym:伽勒尔地区:聂梓:9,聂梓,3,1,scrafty,Scrafty,5,5,tier3,representative-exact-tier
gym:tier3:聂梓,gen8,gym:伽勒尔地区:聂梓:9,聂梓,3,2,obstagoon,Obstagoon,5,5,tier4,representative-exact-tier
gym:tier3:聂梓,gen8,gym:伽勒尔地区:聂梓:9,聂梓,3,3,gengar,Gengar,6,6,tier4,gmax-system-fill-theme
gym:tier3:聂梓,gen8,gym:伽勒尔地区:聂梓:9,聂梓,4,1,scrafty,Scrafty,5,5,tier3,representative-exact-tier
gym:tier3:聂梓,gen8,gym:伽勒尔地区:聂梓:9,聂梓,4,2,obstagoon,Obstagoon,5,5,tier4,representative-exact-tier
gym:tier3:聂梓,gen8,gym:伽勒尔地区:聂梓:9,聂梓,4,3,gengar,Gengar,6,6,tier4,gmax-system-fill-theme
gym:tier3:聂梓,gen9,gym:伽勒尔地区:聂梓:9,聂梓,1,1,scrafty,Scrafty,5,5,tier3,representative-exact-tier
gym:tier3:聂梓,gen9,gym:伽勒尔地区:聂梓:9,聂梓,1,2,obstagoon,Obstagoon,5,5,tier4,representative-exact-tier
gym:tier3:聂梓,gen9,gym:伽勒尔地区:聂梓:9,聂梓,1,3,alakazam,Alakazam,6,6,tier4,theme-fill
gym:tier3:聂梓,gen9,gym:伽勒尔地区:聂梓:9,聂梓,2,1,scrafty,Scrafty,5,5,tier3,representative-exact-tier
gym:tier3:聂梓,gen9,gym:伽勒尔地区:聂梓:9,聂梓,2,2,obstagoon,Obstagoon,5,5,tier4,representative-exact-tier
gym:tier3:聂梓,gen9,gym:伽勒尔地区:聂梓:9,聂梓,2,3,alakazam,Alakazam,6,6,tier4,theme-fill
gym:tier3:聂梓,gen9,gym:伽勒尔地区:聂梓:9,聂梓,3,1,scrafty,Scrafty,5,5,tier3,representative-exact-tier
gym:tier3:聂梓,gen9,gym:伽勒尔地区:聂梓:9,聂梓,3,2,obstagoon,Obstagoon,5,5,tier4,representative-exact-tier
gym:tier3:聂梓,gen9,gym:伽勒尔地区:聂梓:9,聂梓,3,3,alakazam,Alakazam,6,6,tier4,theme-fill
gym:tier3:聂梓,gen9,gym:伽勒尔地区:聂梓:9,聂梓,4,1,scrafty,Scrafty,5,5,tier3,representative-exact-tier
gym:tier3:聂梓,gen9,gym:伽勒尔地区:聂梓:9,聂梓,4,2,obstagoon,Obstagoon,5,5,tier4,representative-exact-tier
gym:tier3:聂梓,gen9,gym:伽勒尔地区:聂梓:9,聂梓,4,3,alakazam,Alakazam,6,6,tier4,theme-fill
gym:tier3:奇巴纳,none,gym:伽勒尔地区:奇巴纳:10,奇巴纳,1,1,slowking,Slowking,5,5,tier3,representative-exact-tier
gym:tier3:奇巴纳,none,gym:伽勒尔地区:奇巴纳:10,奇巴纳,1,2,slowbro,Slowbro,5,5,tier4,representative-exact-tier
gym:tier3:奇巴纳,none,gym:伽勒尔地区:奇巴纳:10,奇巴纳,1,3,flygon,Flygon,6,6,tier4,representative-exact-tier
gym:tier3:奇巴纳,none,gym:伽勒尔地区:奇巴纳:10,奇巴纳,2,1,slowking,Slowking,5,5,tier3,representative-exact-tier
gym:tier3:奇巴纳,none,gym:伽勒尔地区:奇巴纳:10,奇巴纳,2,2,slowbro,Slowbro,5,5,tier4,representative-exact-tier
gym:tier3:奇巴纳,none,gym:伽勒尔地区:奇巴纳:10,奇巴纳,2,3,flygon,Flygon,6,6,tier4,representative-exact-tier
gym:tier3:奇巴纳,none,gym:伽勒尔地区:奇巴纳:10,奇巴纳,3,1,slowking,Slowking,5,5,tier3,representative-exact-tier
gym:tier3:奇巴纳,none,gym:伽勒尔地区:奇巴纳:10,奇巴纳,3,2,slowbro,Slowbro,5,5,tier4,representative-exact-tier
gym:tier3:奇巴纳,none,gym:伽勒尔地区:奇巴纳:10,奇巴纳,3,3,flygon,Flygon,6,6,tier4,representative-exact-tier
gym:tier3:奇巴纳,none,gym:伽勒尔地区:奇巴纳:10,奇巴纳,4,1,slowking,Slowking,5,5,tier3,representative-exact-tier
gym:tier3:奇巴纳,none,gym:伽勒尔地区:奇巴纳:10,奇巴纳,4,2,slowbro,Slowbro,5,5,tier4,representative-exact-tier
gym:tier3:奇巴纳,none,gym:伽勒尔地区:奇巴纳:10,奇巴纳,4,3,flygon,Flygon,6,6,tier4,representative-exact-tier
gym:tier3:奇巴纳,gen7,gym:伽勒尔地区:奇巴纳:10,奇巴纳,1,1,slowking,Slowking,5,5,tier3,representative-exact-tier
gym:tier3:奇巴纳,gen7,gym:伽勒尔地区:奇巴纳:10,奇巴纳,1,2,slowbro,Slowbro,5,5,tier4,representative-exact-tier
gym:tier3:奇巴纳,gen7,gym:伽勒尔地区:奇巴纳:10,奇巴纳,1,3,flygon,Flygon,6,6,tier4,representative-exact-tier
gym:tier3:奇巴纳,gen7,gym:伽勒尔地区:奇巴纳:10,奇巴纳,2,1,slowking,Slowking,5,5,tier3,representative-exact-tier
gym:tier3:奇巴纳,gen7,gym:伽勒尔地区:奇巴纳:10,奇巴纳,2,2,slowbro,Slowbro,5,5,tier4,representative-exact-tier
gym:tier3:奇巴纳,gen7,gym:伽勒尔地区:奇巴纳:10,奇巴纳,2,3,flygon,Flygon,6,6,tier4,representative-exact-tier
gym:tier3:奇巴纳,gen7,gym:伽勒尔地区:奇巴纳:10,奇巴纳,3,1,slowking,Slowking,5,5,tier3,representative-exact-tier
gym:tier3:奇巴纳,gen7,gym:伽勒尔地区:奇巴纳:10,奇巴纳,3,2,slowbro,Slowbro,5,5,tier4,representative-exact-tier
gym:tier3:奇巴纳,gen7,gym:伽勒尔地区:奇巴纳:10,奇巴纳,3,3,flygon,Flygon,6,6,tier4,representative-exact-tier
gym:tier3:奇巴纳,gen7,gym:伽勒尔地区:奇巴纳:10,奇巴纳,4,1,slowking,Slowking,5,5,tier3,representative-exact-tier
gym:tier3:奇巴纳,gen7,gym:伽勒尔地区:奇巴纳:10,奇巴纳,4,2,slowbro,Slowbro,5,5,tier4,representative-exact-tier
gym:tier3:奇巴纳,gen7,gym:伽勒尔地区:奇巴纳:10,奇巴纳,4,3,flygon,Flygon,6,6,tier4,representative-exact-tier
gym:tier3:奇巴纳,gen8,gym:伽勒尔地区:奇巴纳:10,奇巴纳,1,1,slowking,Slowking,5,5,tier3,representative-exact-tier
gym:tier3:奇巴纳,gen8,gym:伽勒尔地区:奇巴纳:10,奇巴纳,1,2,slowbro,Slowbro,5,5,tier4,representative-exact-tier
gym:tier3:奇巴纳,gen8,gym:伽勒尔地区:奇巴纳:10,奇巴纳,1,3,blastoise,Blastoise,6,6,tier4,gmax-system-fill-theme
gym:tier3:奇巴纳,gen8,gym:伽勒尔地区:奇巴纳:10,奇巴纳,2,1,slowking,Slowking,5,5,tier3,representative-exact-tier
gym:tier3:奇巴纳,gen8,gym:伽勒尔地区:奇巴纳:10,奇巴纳,2,2,slowbro,Slowbro,5,5,tier4,representative-exact-tier
gym:tier3:奇巴纳,gen8,gym:伽勒尔地区:奇巴纳:10,奇巴纳,2,3,blastoise,Blastoise,6,6,tier4,gmax-system-fill-theme
gym:tier3:奇巴纳,gen8,gym:伽勒尔地区:奇巴纳:10,奇巴纳,3,1,slowking,Slowking,5,5,tier3,representative-exact-tier
gym:tier3:奇巴纳,gen8,gym:伽勒尔地区:奇巴纳:10,奇巴纳,3,2,slowbro,Slowbro,5,5,tier4,representative-exact-tier
gym:tier3:奇巴纳,gen8,gym:伽勒尔地区:奇巴纳:10,奇巴纳,3,3,blastoise,Blastoise,6,6,tier4,gmax-system-fill-theme
gym:tier3:奇巴纳,gen8,gym:伽勒尔地区:奇巴纳:10,奇巴纳,4,1,slowking,Slowking,5,5,tier3,representative-exact-tier
gym:tier3:奇巴纳,gen8,gym:伽勒尔地区:奇巴纳:10,奇巴纳,4,2,slowbro,Slowbro,5,5,tier4,representative-exact-tier
gym:tier3:奇巴纳,gen8,gym:伽勒尔地区:奇巴纳:10,奇巴纳,4,3,blastoise,Blastoise,6,6,tier4,gmax-system-fill-theme
gym:tier3:奇巴纳,gen9,gym:伽勒尔地区:奇巴纳:10,奇巴纳,1,1,slowking,Slowking,5,5,tier3,representative-exact-tier
gym:tier3:奇巴纳,gen9,gym:伽勒尔地区:奇巴纳:10,奇巴纳,1,2,slowbro,Slowbro,5,5,tier4,representative-exact-tier
gym:tier3:奇巴纳,gen9,gym:伽勒尔地区:奇巴纳:10,奇巴纳,1,3,flygon,Flygon,6,6,tier4,representative-exact-tier
gym:tier3:奇巴纳,gen9,gym:伽勒尔地区:奇巴纳:10,奇巴纳,2,1,slowking,Slowking,5,5,tier3,representative-exact-tier
gym:tier3:奇巴纳,gen9,gym:伽勒尔地区:奇巴纳:10,奇巴纳,2,2,slowbro,Slowbro,5,5,tier4,representative-exact-tier
gym:tier3:奇巴纳,gen9,gym:伽勒尔地区:奇巴纳:10,奇巴纳,2,3,flygon,Flygon,6,6,tier4,representative-exact-tier
gym:tier3:奇巴纳,gen9,gym:伽勒尔地区:奇巴纳:10,奇巴纳,3,1,slowking,Slowking,5,5,tier3,representative-exact-tier
gym:tier3:奇巴纳,gen9,gym:伽勒尔地区:奇巴纳:10,奇巴纳,3,2,slowbro,Slowbro,5,5,tier4,representative-exact-tier
gym:tier3:奇巴纳,gen9,gym:伽勒尔地区:奇巴纳:10,奇巴纳,3,3,flygon,Flygon,6,6,tier4,representative-exact-tier
gym:tier3:奇巴纳,gen9,gym:伽勒尔地区:奇巴纳:10,奇巴纳,4,1,slowking,Slowking,5,5,tier3,representative-exact-tier
gym:tier3:奇巴纳,gen9,gym:伽勒尔地区:奇巴纳:10,奇巴纳,4,2,slowbro,Slowbro,5,5,tier4,representative-exact-tier
gym:tier3:奇巴纳,gen9,gym:伽勒尔地区:奇巴纳:10,奇巴纳,4,3,flygon,Flygon,6,6,tier4,representative-exact-tier
champion:champion:丹帝,none,champion:伽勒尔地区:丹帝:1,丹帝,1,1,simisear,Simisear,5,5,champion,tier-fill
champion:champion:丹帝,none,champion:伽勒尔地区:丹帝:1,丹帝,1,2,serperior,Serperior,6,6,champion,tier-fill
champion:champion:丹帝,none,champion:伽勒尔地区:丹帝:1,丹帝,1,3,greninja,Greninja,6,6,champion,tier-fill
champion:champion:丹帝,none,champion:伽勒尔地区:丹帝:1,丹帝,2,1,simisage,Simisage,5,5,champion,tier-fill
champion:champion:丹帝,none,champion:伽勒尔地区:丹帝:1,丹帝,2,2,celesteela,Celesteela,6,6,champion,tier-fill
champion:champion:丹帝,none,champion:伽勒尔地区:丹帝:1,丹帝,2,3,walkingwake,Walking Wake,6,6,champion,tier-fill
champion:champion:丹帝,none,champion:伽勒尔地区:丹帝:1,丹帝,3,1,skuntank,Skuntank,5,5,champion,tier-fill
champion:champion:丹帝,none,champion:伽勒尔地区:丹帝:1,丹帝,3,2,heracross,Heracross,6,6,champion,tier-fill
champion:champion:丹帝,none,champion:伽勒尔地区:丹帝:1,丹帝,3,3,milotic,Milotic,6,6,champion,tier-fill
champion:champion:丹帝,none,champion:伽勒尔地区:丹帝:1,丹帝,4,1,meowscarada,Meowscarada,5,5,champion,tier-fill
champion:champion:丹帝,none,champion:伽勒尔地区:丹帝:1,丹帝,4,2,ironcrown,Iron Crown,6,6,champion,tier-fill
champion:champion:丹帝,none,champion:伽勒尔地区:丹帝:1,丹帝,4,3,toxapex,Toxapex,6,6,champion,tier-fill
champion:champion:丹帝,gen7,champion:伽勒尔地区:丹帝:1,丹帝,1,1,jellicent,Jellicent,5,5,champion,tier-fill
champion:champion:丹帝,gen7,champion:伽勒尔地区:丹帝:1,丹帝,1,2,aerodactyl,Aerodactyl,6,6,champion,tier-fill
champion:champion:丹帝,gen7,champion:伽勒尔地区:丹帝:1,丹帝,1,3,torterra,Torterra,6,6,champion,tier-fill
champion:champion:丹帝,gen7,champion:伽勒尔地区:丹帝:1,丹帝,2,1,crustle,Crustle,5,5,champion,tier-fill
champion:champion:丹帝,gen7,champion:伽勒尔地区:丹帝:1,丹帝,2,2,mimikyu,Mimikyu,6,6,champion,tier-fill
champion:champion:丹帝,gen7,champion:伽勒尔地区:丹帝:1,丹帝,2,3,aerodactyl,Aerodactyl,6,6,champion,mega-system-fill
champion:champion:丹帝,gen7,champion:伽勒尔地区:丹帝:1,丹帝,3,1,abomasnow,Abomasnow,5,5,champion,tier-fill
champion:champion:丹帝,gen7,champion:伽勒尔地区:丹帝:1,丹帝,3,2,mukalola,Muk-Alola,6,6,champion,tier-fill
champion:champion:丹帝,gen7,champion:伽勒尔地区:丹帝:1,丹帝,3,3,primarina,Primarina,6,6,champion,tier-fill
champion:champion:丹帝,gen7,champion:伽勒尔地区:丹帝:1,丹帝,4,1,oricoriopompom,Oricorio-Pom-Pom,5,5,champion,tier-fill
champion:champion:丹帝,gen7,champion:伽勒尔地区:丹帝:1,丹帝,4,2,roserade,Roserade,6,6,champion,tier-fill
champion:champion:丹帝,gen7,champion:伽勒尔地区:丹帝:1,丹帝,4,3,steelix,Steelix,6,6,champion,mega-system-fill
champion:champion:丹帝,gen8,champion:伽勒尔地区:丹帝:1,丹帝,1,1,scrafty,Scrafty,5,5,champion,tier-fill
champion:champion:丹帝,gen8,champion:伽勒尔地区:丹帝:1,丹帝,1,2,typhlosion,Typhlosion,6,6,champion,tier-fill
champion:champion:丹帝,gen8,champion:伽勒尔地区:丹帝:1,丹帝,1,3,charizard,Charizard,6,6,champion,gmax-system-fill
champion:champion:丹帝,gen8,champion:伽勒尔地区:丹帝:1,丹帝,2,1,golem,Golem,5,5,champion,tier-fill
champion:champion:丹帝,gen8,champion:伽勒尔地区:丹帝:1,丹帝,2,2,charizard,Charizard,6,6,champion,tier-fill
champion:champion:丹帝,gen8,champion:伽勒尔地区:丹帝:1,丹帝,2,3,ursaluna,Ursaluna,6,6,champion,tier-fill
champion:champion:丹帝,gen8,champion:伽勒尔地区:丹帝:1,丹帝,3,1,komala,Komala,5,5,champion,tier-fill
champion:champion:丹帝,gen8,champion:伽勒尔地区:丹帝:1,丹帝,3,2,honchkrow,Honchkrow,6,6,champion,tier-fill
champion:champion:丹帝,gen8,champion:伽勒尔地区:丹帝:1,丹帝,3,3,machamp,Machamp,6,6,champion,gmax-system-fill
champion:champion:丹帝,gen8,champion:伽勒尔地区:丹帝:1,丹帝,4,1,basculegion,Basculegion,5,5,champion,tier-fill
champion:champion:丹帝,gen8,champion:伽勒尔地区:丹帝:1,丹帝,4,2,ninetales,Ninetales,6,6,champion,tier-fill
champion:champion:丹帝,gen8,champion:伽勒尔地区:丹帝:1,丹帝,4,3,machamp,Machamp,6,6,champion,gmax-system-fill
champion:champion:丹帝,gen9,champion:伽勒尔地区:丹帝:1,丹帝,1,1,durant,Durant,5,5,champion,tier-fill
champion:champion:丹帝,gen9,champion:伽勒尔地区:丹帝:1,丹帝,1,2,sylveon,Sylveon,6,6,champion,tier-fill
champion:champion:丹帝,gen9,champion:伽勒尔地区:丹帝:1,丹帝,1,3,blastoise,Blastoise,6,6,champion,tier-fill
champion:champion:丹帝,gen9,champion:伽勒尔地区:丹帝:1,丹帝,2,1,musharna,Musharna,5,5,champion,tier-fill
champion:champion:丹帝,gen9,champion:伽勒尔地区:丹帝:1,丹帝,2,2,roserade,Roserade,6,6,champion,tier-fill
champion:champion:丹帝,gen9,champion:伽勒尔地区:丹帝:1,丹帝,2,3,scolipede,Scolipede,6,6,champion,tier-fill
champion:champion:丹帝,gen9,champion:伽勒尔地区:丹帝:1,丹帝,3,1,dudunsparce,Dudunsparce,5,5,champion,tier-fill
champion:champion:丹帝,gen9,champion:伽勒尔地区:丹帝:1,丹帝,3,2,ditto,Ditto,6,6,champion,tier-fill
champion:champion:丹帝,gen9,champion:伽勒尔地区:丹帝:1,丹帝,3,3,archeops,Archeops,6,6,champion,tier-fill
champion:champion:丹帝,gen9,champion:伽勒尔地区:丹帝:1,丹帝,4,1,lycanrocdusk,Lycanroc-Dusk,5,5,champion,tier-fill
champion:champion:丹帝,gen9,champion:伽勒尔地区:丹帝:1,丹帝,4,2,emboar,Emboar,6,6,champion,tier-fill
champion:champion:丹帝,gen9,champion:伽勒尔地区:丹帝:1,丹帝,4,3,lucario,Lucario,6,6,champion,tier-fill
gym:tier1:阿枫,none,gym:帕底亚地区:阿枫:1,阿枫,1,1,lokix,Lokix,4,4,tier1,representative-exact-tier
gym:tier1:阿枫,none,gym:帕底亚地区:阿枫:1,阿枫,1,2,ursaring,Ursaring,4,4,tier2,representative-exact-tier
gym:tier1:阿枫,none,gym:帕底亚地区:阿枫:1,阿枫,1,3,forretress,Forretress,5,5,tier2,representative-exact-tier
gym:tier1:阿枫,none,gym:帕底亚地区:阿枫:1,阿枫,2,1,lokix,Lokix,4,4,tier1,representative-exact-tier
gym:tier1:阿枫,none,gym:帕底亚地区:阿枫:1,阿枫,2,2,ursaring,Ursaring,4,4,tier2,representative-exact-tier
gym:tier1:阿枫,none,gym:帕底亚地区:阿枫:1,阿枫,2,3,forretress,Forretress,5,5,tier2,representative-exact-tier
gym:tier1:阿枫,none,gym:帕底亚地区:阿枫:1,阿枫,3,1,lokix,Lokix,4,4,tier1,representative-exact-tier
gym:tier1:阿枫,none,gym:帕底亚地区:阿枫:1,阿枫,3,2,ursaring,Ursaring,4,4,tier2,representative-exact-tier
gym:tier1:阿枫,none,gym:帕底亚地区:阿枫:1,阿枫,3,3,forretress,Forretress,5,5,tier2,representative-exact-tier
gym:tier1:阿枫,none,gym:帕底亚地区:阿枫:1,阿枫,4,1,lokix,Lokix,4,4,tier1,representative-exact-tier
gym:tier1:阿枫,none,gym:帕底亚地区:阿枫:1,阿枫,4,2,ursaring,Ursaring,4,4,tier2,representative-exact-tier
gym:tier1:阿枫,none,gym:帕底亚地区:阿枫:1,阿枫,4,3,forretress,Forretress,5,5,tier2,representative-exact-tier
gym:tier1:阿枫,gen7,gym:帕底亚地区:阿枫:1,阿枫,1,1,ursaring,Ursaring,4,4,tier1,representative-exact-tier
gym:tier1:阿枫,gen7,gym:帕底亚地区:阿枫:1,阿枫,1,2,forretress,Forretress,5,4,tier2,representative-near-tier
gym:tier1:阿枫,gen7,gym:帕底亚地区:阿枫:1,阿枫,1,3,houndoom,Houndoom,5,5,tier2,mega-system-fill-theme
gym:tier1:阿枫,gen7,gym:帕底亚地区:阿枫:1,阿枫,2,1,ursaring,Ursaring,4,4,tier1,representative-exact-tier
gym:tier1:阿枫,gen7,gym:帕底亚地区:阿枫:1,阿枫,2,2,forretress,Forretress,5,4,tier2,representative-near-tier
gym:tier1:阿枫,gen7,gym:帕底亚地区:阿枫:1,阿枫,2,3,houndoom,Houndoom,5,5,tier2,mega-system-fill-theme
gym:tier1:阿枫,gen7,gym:帕底亚地区:阿枫:1,阿枫,3,1,ursaring,Ursaring,4,4,tier1,representative-exact-tier
gym:tier1:阿枫,gen7,gym:帕底亚地区:阿枫:1,阿枫,3,2,forretress,Forretress,5,4,tier2,representative-near-tier
gym:tier1:阿枫,gen7,gym:帕底亚地区:阿枫:1,阿枫,3,3,houndoom,Houndoom,5,5,tier2,mega-system-fill-theme
gym:tier1:阿枫,gen7,gym:帕底亚地区:阿枫:1,阿枫,4,1,ursaring,Ursaring,4,4,tier1,representative-exact-tier
gym:tier1:阿枫,gen7,gym:帕底亚地区:阿枫:1,阿枫,4,2,forretress,Forretress,5,4,tier2,representative-near-tier
gym:tier1:阿枫,gen7,gym:帕底亚地区:阿枫:1,阿枫,4,3,houndoom,Houndoom,5,5,tier2,mega-system-fill-theme
gym:tier1:阿枫,gen8,gym:帕底亚地区:阿枫:1,阿枫,1,1,ursaring,Ursaring,4,4,tier1,representative-exact-tier
gym:tier1:阿枫,gen8,gym:帕底亚地区:阿枫:1,阿枫,1,2,forretress,Forretress,5,4,tier2,representative-near-tier
gym:tier1:阿枫,gen8,gym:帕底亚地区:阿枫:1,阿枫,1,3,centiskorch,Centiskorch,5,5,tier2,gmax-system-fill-theme
gym:tier1:阿枫,gen8,gym:帕底亚地区:阿枫:1,阿枫,2,1,ursaring,Ursaring,4,4,tier1,representative-exact-tier
gym:tier1:阿枫,gen8,gym:帕底亚地区:阿枫:1,阿枫,2,2,forretress,Forretress,5,4,tier2,representative-near-tier
gym:tier1:阿枫,gen8,gym:帕底亚地区:阿枫:1,阿枫,2,3,centiskorch,Centiskorch,5,5,tier2,gmax-system-fill-theme
gym:tier1:阿枫,gen8,gym:帕底亚地区:阿枫:1,阿枫,3,1,ursaring,Ursaring,4,4,tier1,representative-exact-tier
gym:tier1:阿枫,gen8,gym:帕底亚地区:阿枫:1,阿枫,3,2,forretress,Forretress,5,4,tier2,representative-near-tier
gym:tier1:阿枫,gen8,gym:帕底亚地区:阿枫:1,阿枫,3,3,centiskorch,Centiskorch,5,5,tier2,gmax-system-fill-theme
gym:tier1:阿枫,gen8,gym:帕底亚地区:阿枫:1,阿枫,4,1,ursaring,Ursaring,4,4,tier1,representative-exact-tier
gym:tier1:阿枫,gen8,gym:帕底亚地区:阿枫:1,阿枫,4,2,forretress,Forretress,5,4,tier2,representative-near-tier
gym:tier1:阿枫,gen8,gym:帕底亚地区:阿枫:1,阿枫,4,3,centiskorch,Centiskorch,5,5,tier2,gmax-system-fill-theme
gym:tier1:阿枫,gen9,gym:帕底亚地区:阿枫:1,阿枫,1,1,lokix,Lokix,4,4,tier1,representative-exact-tier
gym:tier1:阿枫,gen9,gym:帕底亚地区:阿枫:1,阿枫,1,2,ursaring,Ursaring,4,4,tier2,representative-exact-tier
gym:tier1:阿枫,gen9,gym:帕底亚地区:阿枫:1,阿枫,1,3,forretress,Forretress,5,5,tier2,representative-exact-tier
gym:tier1:阿枫,gen9,gym:帕底亚地区:阿枫:1,阿枫,2,1,lokix,Lokix,4,4,tier1,representative-exact-tier
gym:tier1:阿枫,gen9,gym:帕底亚地区:阿枫:1,阿枫,2,2,ursaring,Ursaring,4,4,tier2,representative-exact-tier
gym:tier1:阿枫,gen9,gym:帕底亚地区:阿枫:1,阿枫,2,3,forretress,Forretress,5,5,tier2,representative-exact-tier
gym:tier1:阿枫,gen9,gym:帕底亚地区:阿枫:1,阿枫,3,1,lokix,Lokix,4,4,tier1,representative-exact-tier
gym:tier1:阿枫,gen9,gym:帕底亚地区:阿枫:1,阿枫,3,2,ursaring,Ursaring,4,4,tier2,representative-exact-tier
gym:tier1:阿枫,gen9,gym:帕底亚地区:阿枫:1,阿枫,3,3,forretress,Forretress,5,5,tier2,representative-exact-tier
gym:tier1:阿枫,gen9,gym:帕底亚地区:阿枫:1,阿枫,4,1,lokix,Lokix,4,4,tier1,representative-exact-tier
gym:tier1:阿枫,gen9,gym:帕底亚地区:阿枫:1,阿枫,4,2,ursaring,Ursaring,4,4,tier2,representative-exact-tier
gym:tier1:阿枫,gen9,gym:帕底亚地区:阿枫:1,阿枫,4,3,forretress,Forretress,5,5,tier2,representative-exact-tier
gym:tier1:寇沙,none,gym:帕底亚地区:寇沙:2,寇沙,1,1,lilligant,Lilligant,5,4,tier1,representative-near-tier
gym:tier1:寇沙,none,gym:帕底亚地区:寇沙:2,寇沙,1,2,breloom,Breloom,5,4,tier2,representative-near-tier
gym:tier1:寇沙,none,gym:帕底亚地区:寇沙:2,寇沙,1,3,arboliva,Arboliva,5,5,tier2,representative-exact-tier
gym:tier1:寇沙,none,gym:帕底亚地区:寇沙:2,寇沙,2,1,lilligant,Lilligant,5,4,tier1,representative-near-tier
gym:tier1:寇沙,none,gym:帕底亚地区:寇沙:2,寇沙,2,2,breloom,Breloom,5,4,tier2,representative-near-tier
gym:tier1:寇沙,none,gym:帕底亚地区:寇沙:2,寇沙,2,3,arboliva,Arboliva,5,5,tier2,representative-exact-tier
gym:tier1:寇沙,none,gym:帕底亚地区:寇沙:2,寇沙,3,1,lilligant,Lilligant,5,4,tier1,representative-near-tier
gym:tier1:寇沙,none,gym:帕底亚地区:寇沙:2,寇沙,3,2,breloom,Breloom,5,4,tier2,representative-near-tier
gym:tier1:寇沙,none,gym:帕底亚地区:寇沙:2,寇沙,3,3,arboliva,Arboliva,5,5,tier2,representative-exact-tier
gym:tier1:寇沙,none,gym:帕底亚地区:寇沙:2,寇沙,4,1,lilligant,Lilligant,5,4,tier1,representative-near-tier
gym:tier1:寇沙,none,gym:帕底亚地区:寇沙:2,寇沙,4,2,breloom,Breloom,5,4,tier2,representative-near-tier
gym:tier1:寇沙,none,gym:帕底亚地区:寇沙:2,寇沙,4,3,arboliva,Arboliva,5,5,tier2,representative-exact-tier
gym:tier1:寇沙,gen7,gym:帕底亚地区:寇沙:2,寇沙,1,1,lilligant,Lilligant,5,4,tier1,representative-near-tier
gym:tier1:寇沙,gen7,gym:帕底亚地区:寇沙:2,寇沙,1,2,breloom,Breloom,5,4,tier2,representative-near-tier
gym:tier1:寇沙,gen7,gym:帕底亚地区:寇沙:2,寇沙,1,3,abomasnow,Abomasnow,5,5,tier2,mega-system-fill-theme
gym:tier1:寇沙,gen7,gym:帕底亚地区:寇沙:2,寇沙,2,1,lilligant,Lilligant,5,4,tier1,representative-near-tier
gym:tier1:寇沙,gen7,gym:帕底亚地区:寇沙:2,寇沙,2,2,breloom,Breloom,5,4,tier2,representative-near-tier
gym:tier1:寇沙,gen7,gym:帕底亚地区:寇沙:2,寇沙,2,3,abomasnow,Abomasnow,5,5,tier2,mega-system-fill-theme
gym:tier1:寇沙,gen7,gym:帕底亚地区:寇沙:2,寇沙,3,1,lilligant,Lilligant,5,4,tier1,representative-near-tier
gym:tier1:寇沙,gen7,gym:帕底亚地区:寇沙:2,寇沙,3,2,breloom,Breloom,5,4,tier2,representative-near-tier
gym:tier1:寇沙,gen7,gym:帕底亚地区:寇沙:2,寇沙,3,3,abomasnow,Abomasnow,5,5,tier2,mega-system-fill-theme
gym:tier1:寇沙,gen7,gym:帕底亚地区:寇沙:2,寇沙,4,1,lilligant,Lilligant,5,4,tier1,representative-near-tier
gym:tier1:寇沙,gen7,gym:帕底亚地区:寇沙:2,寇沙,4,2,breloom,Breloom,5,4,tier2,representative-near-tier
gym:tier1:寇沙,gen7,gym:帕底亚地区:寇沙:2,寇沙,4,3,abomasnow,Abomasnow,5,5,tier2,mega-system-fill-theme
gym:tier1:寇沙,gen8,gym:帕底亚地区:寇沙:2,寇沙,1,1,lilligant,Lilligant,5,4,tier1,representative-near-tier
gym:tier1:寇沙,gen8,gym:帕底亚地区:寇沙:2,寇沙,1,2,breloom,Breloom,5,4,tier2,representative-near-tier
gym:tier1:寇沙,gen8,gym:帕底亚地区:寇沙:2,寇沙,1,3,coalossal,Coalossal,5,5,tier2,gmax-system-fill-theme
gym:tier1:寇沙,gen8,gym:帕底亚地区:寇沙:2,寇沙,2,1,lilligant,Lilligant,5,4,tier1,representative-near-tier
gym:tier1:寇沙,gen8,gym:帕底亚地区:寇沙:2,寇沙,2,2,breloom,Breloom,5,4,tier2,representative-near-tier
gym:tier1:寇沙,gen8,gym:帕底亚地区:寇沙:2,寇沙,2,3,coalossal,Coalossal,5,5,tier2,gmax-system-fill-theme
gym:tier1:寇沙,gen8,gym:帕底亚地区:寇沙:2,寇沙,3,1,lilligant,Lilligant,5,4,tier1,representative-near-tier
gym:tier1:寇沙,gen8,gym:帕底亚地区:寇沙:2,寇沙,3,2,breloom,Breloom,5,4,tier2,representative-near-tier
gym:tier1:寇沙,gen8,gym:帕底亚地区:寇沙:2,寇沙,3,3,coalossal,Coalossal,5,5,tier2,gmax-system-fill-theme
gym:tier1:寇沙,gen8,gym:帕底亚地区:寇沙:2,寇沙,4,1,lilligant,Lilligant,5,4,tier1,representative-near-tier
gym:tier1:寇沙,gen8,gym:帕底亚地区:寇沙:2,寇沙,4,2,breloom,Breloom,5,4,tier2,representative-near-tier
gym:tier1:寇沙,gen8,gym:帕底亚地区:寇沙:2,寇沙,4,3,coalossal,Coalossal,5,5,tier2,gmax-system-fill-theme
gym:tier1:寇沙,gen9,gym:帕底亚地区:寇沙:2,寇沙,1,1,lilligant,Lilligant,5,4,tier1,representative-near-tier
gym:tier1:寇沙,gen9,gym:帕底亚地区:寇沙:2,寇沙,1,2,breloom,Breloom,5,4,tier2,representative-near-tier
gym:tier1:寇沙,gen9,gym:帕底亚地区:寇沙:2,寇沙,1,3,arboliva,Arboliva,5,5,tier2,representative-exact-tier
gym:tier1:寇沙,gen9,gym:帕底亚地区:寇沙:2,寇沙,2,1,lilligant,Lilligant,5,4,tier1,representative-near-tier
gym:tier1:寇沙,gen9,gym:帕底亚地区:寇沙:2,寇沙,2,2,breloom,Breloom,5,4,tier2,representative-near-tier
gym:tier1:寇沙,gen9,gym:帕底亚地区:寇沙:2,寇沙,2,3,arboliva,Arboliva,5,5,tier2,representative-exact-tier
gym:tier1:寇沙,gen9,gym:帕底亚地区:寇沙:2,寇沙,3,1,lilligant,Lilligant,5,4,tier1,representative-near-tier
gym:tier1:寇沙,gen9,gym:帕底亚地区:寇沙:2,寇沙,3,2,breloom,Breloom,5,4,tier2,representative-near-tier
gym:tier1:寇沙,gen9,gym:帕底亚地区:寇沙:2,寇沙,3,3,arboliva,Arboliva,5,5,tier2,representative-exact-tier
gym:tier1:寇沙,gen9,gym:帕底亚地区:寇沙:2,寇沙,4,1,lilligant,Lilligant,5,4,tier1,representative-near-tier
gym:tier1:寇沙,gen9,gym:帕底亚地区:寇沙:2,寇沙,4,2,breloom,Breloom,5,4,tier2,representative-near-tier
gym:tier1:寇沙,gen9,gym:帕底亚地区:寇沙:2,寇沙,4,3,arboliva,Arboliva,5,5,tier2,representative-exact-tier
gym:tier1:奇树,none,gym:帕底亚地区:奇树:3,奇树,1,1,bellibolt,Bellibolt,4,4,tier1,representative-exact-tier
gym:tier1:奇树,none,gym:帕底亚地区:奇树:3,奇树,1,2,kilowattrel,Kilowattrel,4,4,tier2,representative-exact-tier
gym:tier1:奇树,none,gym:帕底亚地区:奇树:3,奇树,1,3,mismagius,Mismagius,5,5,tier2,representative-exact-tier
gym:tier1:奇树,none,gym:帕底亚地区:奇树:3,奇树,2,1,bellibolt,Bellibolt,4,4,tier1,representative-exact-tier
gym:tier1:奇树,none,gym:帕底亚地区:奇树:3,奇树,2,2,kilowattrel,Kilowattrel,4,4,tier2,representative-exact-tier
gym:tier1:奇树,none,gym:帕底亚地区:奇树:3,奇树,2,3,mismagius,Mismagius,5,5,tier2,representative-exact-tier
gym:tier1:奇树,none,gym:帕底亚地区:奇树:3,奇树,3,1,bellibolt,Bellibolt,4,4,tier1,representative-exact-tier
gym:tier1:奇树,none,gym:帕底亚地区:奇树:3,奇树,3,2,kilowattrel,Kilowattrel,4,4,tier2,representative-exact-tier
gym:tier1:奇树,none,gym:帕底亚地区:奇树:3,奇树,3,3,mismagius,Mismagius,5,5,tier2,representative-exact-tier
gym:tier1:奇树,none,gym:帕底亚地区:奇树:3,奇树,4,1,bellibolt,Bellibolt,4,4,tier1,representative-exact-tier
gym:tier1:奇树,none,gym:帕底亚地区:奇树:3,奇树,4,2,kilowattrel,Kilowattrel,4,4,tier2,representative-exact-tier
gym:tier1:奇树,none,gym:帕底亚地区:奇树:3,奇树,4,3,mismagius,Mismagius,5,5,tier2,representative-exact-tier
gym:tier1:奇树,gen7,gym:帕底亚地区:奇树:3,奇树,1,1,mismagius,Mismagius,5,4,tier1,representative-near-tier
gym:tier1:奇树,gen7,gym:帕底亚地区:奇树:3,奇树,1,2,electrode,Electrode,5,4,tier2,representative-near-tier
gym:tier1:奇树,gen7,gym:帕底亚地区:奇树:3,奇树,1,3,aerodactyl,Aerodactyl,6,5,tier2,mega-system-fill-theme
gym:tier1:奇树,gen7,gym:帕底亚地区:奇树:3,奇树,2,1,mismagius,Mismagius,5,4,tier1,representative-near-tier
gym:tier1:奇树,gen7,gym:帕底亚地区:奇树:3,奇树,2,2,electrode,Electrode,5,4,tier2,representative-near-tier
gym:tier1:奇树,gen7,gym:帕底亚地区:奇树:3,奇树,2,3,aerodactyl,Aerodactyl,6,5,tier2,mega-system-fill-theme
gym:tier1:奇树,gen7,gym:帕底亚地区:奇树:3,奇树,3,1,mismagius,Mismagius,5,4,tier1,representative-near-tier
gym:tier1:奇树,gen7,gym:帕底亚地区:奇树:3,奇树,3,2,electrode,Electrode,5,4,tier2,representative-near-tier
gym:tier1:奇树,gen7,gym:帕底亚地区:奇树:3,奇树,3,3,aerodactyl,Aerodactyl,6,5,tier2,mega-system-fill-theme
gym:tier1:奇树,gen7,gym:帕底亚地区:奇树:3,奇树,4,1,mismagius,Mismagius,5,4,tier1,representative-near-tier
gym:tier1:奇树,gen7,gym:帕底亚地区:奇树:3,奇树,4,2,electrode,Electrode,5,4,tier2,representative-near-tier
gym:tier1:奇树,gen7,gym:帕底亚地区:奇树:3,奇树,4,3,aerodactyl,Aerodactyl,6,5,tier2,mega-system-fill-theme
gym:tier1:奇树,gen8,gym:帕底亚地区:奇树:3,奇树,1,1,mismagius,Mismagius,5,4,tier1,representative-near-tier
gym:tier1:奇树,gen8,gym:帕底亚地区:奇树:3,奇树,1,2,electrode,Electrode,5,4,tier2,representative-near-tier
gym:tier1:奇树,gen8,gym:帕底亚地区:奇树:3,奇树,1,3,charizard,Charizard,6,5,tier2,gmax-system-fill-theme
gym:tier1:奇树,gen8,gym:帕底亚地区:奇树:3,奇树,2,1,mismagius,Mismagius,5,4,tier1,representative-near-tier
gym:tier1:奇树,gen8,gym:帕底亚地区:奇树:3,奇树,2,2,electrode,Electrode,5,4,tier2,representative-near-tier
gym:tier1:奇树,gen8,gym:帕底亚地区:奇树:3,奇树,2,3,charizard,Charizard,6,5,tier2,gmax-system-fill-theme
gym:tier1:奇树,gen8,gym:帕底亚地区:奇树:3,奇树,3,1,mismagius,Mismagius,5,4,tier1,representative-near-tier
gym:tier1:奇树,gen8,gym:帕底亚地区:奇树:3,奇树,3,2,electrode,Electrode,5,4,tier2,representative-near-tier
gym:tier1:奇树,gen8,gym:帕底亚地区:奇树:3,奇树,3,3,charizard,Charizard,6,5,tier2,gmax-system-fill-theme
gym:tier1:奇树,gen8,gym:帕底亚地区:奇树:3,奇树,4,1,mismagius,Mismagius,5,4,tier1,representative-near-tier
gym:tier1:奇树,gen8,gym:帕底亚地区:奇树:3,奇树,4,2,electrode,Electrode,5,4,tier2,representative-near-tier
gym:tier1:奇树,gen8,gym:帕底亚地区:奇树:3,奇树,4,3,charizard,Charizard,6,5,tier2,gmax-system-fill-theme
gym:tier1:奇树,gen9,gym:帕底亚地区:奇树:3,奇树,1,1,bellibolt,Bellibolt,4,4,tier1,representative-exact-tier
gym:tier1:奇树,gen9,gym:帕底亚地区:奇树:3,奇树,1,2,kilowattrel,Kilowattrel,4,4,tier2,representative-exact-tier
gym:tier1:奇树,gen9,gym:帕底亚地区:奇树:3,奇树,1,3,mismagius,Mismagius,5,5,tier2,representative-exact-tier
gym:tier1:奇树,gen9,gym:帕底亚地区:奇树:3,奇树,2,1,bellibolt,Bellibolt,4,4,tier1,representative-exact-tier
gym:tier1:奇树,gen9,gym:帕底亚地区:奇树:3,奇树,2,2,kilowattrel,Kilowattrel,4,4,tier2,representative-exact-tier
gym:tier1:奇树,gen9,gym:帕底亚地区:奇树:3,奇树,2,3,mismagius,Mismagius,5,5,tier2,representative-exact-tier
gym:tier1:奇树,gen9,gym:帕底亚地区:奇树:3,奇树,3,1,bellibolt,Bellibolt,4,4,tier1,representative-exact-tier
gym:tier1:奇树,gen9,gym:帕底亚地区:奇树:3,奇树,3,2,kilowattrel,Kilowattrel,4,4,tier2,representative-exact-tier
gym:tier1:奇树,gen9,gym:帕底亚地区:奇树:3,奇树,3,3,mismagius,Mismagius,5,5,tier2,representative-exact-tier
gym:tier1:奇树,gen9,gym:帕底亚地区:奇树:3,奇树,4,1,bellibolt,Bellibolt,4,4,tier1,representative-exact-tier
gym:tier1:奇树,gen9,gym:帕底亚地区:奇树:3,奇树,4,2,kilowattrel,Kilowattrel,4,4,tier2,representative-exact-tier
gym:tier1:奇树,gen9,gym:帕底亚地区:奇树:3,奇树,4,3,mismagius,Mismagius,5,5,tier2,representative-exact-tier
gym:tier2:海岱,none,gym:帕底亚地区:海岱:4,海岱,1,1,veluza,Veluza,4,4,tier2,representative-exact-tier
gym:tier2:海岱,none,gym:帕底亚地区:海岱:4,海岱,1,2,clawitzer,Clawitzer,5,5,tier3,representative-exact-tier
gym:tier2:海岱,none,gym:帕底亚地区:海岱:4,海岱,1,3,feraligatr,Feraligatr,6,5,tier3,representative-near-tier
gym:tier2:海岱,none,gym:帕底亚地区:海岱:4,海岱,2,1,veluza,Veluza,4,4,tier2,representative-exact-tier
gym:tier2:海岱,none,gym:帕底亚地区:海岱:4,海岱,2,2,clawitzer,Clawitzer,5,5,tier3,representative-exact-tier
gym:tier2:海岱,none,gym:帕底亚地区:海岱:4,海岱,2,3,feraligatr,Feraligatr,6,5,tier3,representative-near-tier
gym:tier2:海岱,none,gym:帕底亚地区:海岱:4,海岱,3,1,veluza,Veluza,4,4,tier2,representative-exact-tier
gym:tier2:海岱,none,gym:帕底亚地区:海岱:4,海岱,3,2,clawitzer,Clawitzer,5,5,tier3,representative-exact-tier
gym:tier2:海岱,none,gym:帕底亚地区:海岱:4,海岱,3,3,feraligatr,Feraligatr,6,5,tier3,representative-near-tier
gym:tier2:海岱,none,gym:帕底亚地区:海岱:4,海岱,4,1,veluza,Veluza,4,4,tier2,representative-exact-tier
gym:tier2:海岱,none,gym:帕底亚地区:海岱:4,海岱,4,2,clawitzer,Clawitzer,5,5,tier3,representative-exact-tier
gym:tier2:海岱,none,gym:帕底亚地区:海岱:4,海岱,4,3,feraligatr,Feraligatr,6,5,tier3,representative-near-tier
gym:tier2:海岱,gen7,gym:帕底亚地区:海岱:4,海岱,1,1,crabominable,Crabominable,4,4,tier2,representative-exact-tier
gym:tier2:海岱,gen7,gym:帕底亚地区:海岱:4,海岱,1,2,clawitzer,Clawitzer,5,5,tier3,representative-exact-tier
gym:tier2:海岱,gen7,gym:帕底亚地区:海岱:4,海岱,1,3,aerodactyl,Aerodactyl,6,5,tier3,mega-system-fill-theme
gym:tier2:海岱,gen7,gym:帕底亚地区:海岱:4,海岱,2,1,crabominable,Crabominable,4,4,tier2,representative-exact-tier
gym:tier2:海岱,gen7,gym:帕底亚地区:海岱:4,海岱,2,2,clawitzer,Clawitzer,5,5,tier3,representative-exact-tier
gym:tier2:海岱,gen7,gym:帕底亚地区:海岱:4,海岱,2,3,aerodactyl,Aerodactyl,6,5,tier3,mega-system-fill-theme
gym:tier2:海岱,gen7,gym:帕底亚地区:海岱:4,海岱,3,1,crabominable,Crabominable,4,4,tier2,representative-exact-tier
gym:tier2:海岱,gen7,gym:帕底亚地区:海岱:4,海岱,3,2,clawitzer,Clawitzer,5,5,tier3,representative-exact-tier
gym:tier2:海岱,gen7,gym:帕底亚地区:海岱:4,海岱,3,3,aerodactyl,Aerodactyl,6,5,tier3,mega-system-fill-theme
gym:tier2:海岱,gen7,gym:帕底亚地区:海岱:4,海岱,4,1,crabominable,Crabominable,4,4,tier2,representative-exact-tier
gym:tier2:海岱,gen7,gym:帕底亚地区:海岱:4,海岱,4,2,clawitzer,Clawitzer,5,5,tier3,representative-exact-tier
gym:tier2:海岱,gen7,gym:帕底亚地区:海岱:4,海岱,4,3,aerodactyl,Aerodactyl,6,5,tier3,mega-system-fill-theme
gym:tier2:海岱,gen8,gym:帕底亚地区:海岱:4,海岱,1,1,crabominable,Crabominable,4,4,tier2,representative-exact-tier
gym:tier2:海岱,gen8,gym:帕底亚地区:海岱:4,海岱,1,2,clawitzer,Clawitzer,5,5,tier3,representative-exact-tier
gym:tier2:海岱,gen8,gym:帕底亚地区:海岱:4,海岱,1,3,blastoise,Blastoise,6,5,tier3,gmax-system-fill-theme
gym:tier2:海岱,gen8,gym:帕底亚地区:海岱:4,海岱,2,1,crabominable,Crabominable,4,4,tier2,representative-exact-tier
gym:tier2:海岱,gen8,gym:帕底亚地区:海岱:4,海岱,2,2,clawitzer,Clawitzer,5,5,tier3,representative-exact-tier
gym:tier2:海岱,gen8,gym:帕底亚地区:海岱:4,海岱,2,3,blastoise,Blastoise,6,5,tier3,gmax-system-fill-theme
gym:tier2:海岱,gen8,gym:帕底亚地区:海岱:4,海岱,3,1,crabominable,Crabominable,4,4,tier2,representative-exact-tier
gym:tier2:海岱,gen8,gym:帕底亚地区:海岱:4,海岱,3,2,clawitzer,Clawitzer,5,5,tier3,representative-exact-tier
gym:tier2:海岱,gen8,gym:帕底亚地区:海岱:4,海岱,3,3,blastoise,Blastoise,6,5,tier3,gmax-system-fill-theme
gym:tier2:海岱,gen8,gym:帕底亚地区:海岱:4,海岱,4,1,crabominable,Crabominable,4,4,tier2,representative-exact-tier
gym:tier2:海岱,gen8,gym:帕底亚地区:海岱:4,海岱,4,2,clawitzer,Clawitzer,5,5,tier3,representative-exact-tier
gym:tier2:海岱,gen8,gym:帕底亚地区:海岱:4,海岱,4,3,blastoise,Blastoise,6,5,tier3,gmax-system-fill-theme
gym:tier2:海岱,gen9,gym:帕底亚地区:海岱:4,海岱,1,1,veluza,Veluza,4,4,tier2,representative-exact-tier
gym:tier2:海岱,gen9,gym:帕底亚地区:海岱:4,海岱,1,2,clawitzer,Clawitzer,5,5,tier3,representative-exact-tier
gym:tier2:海岱,gen9,gym:帕底亚地区:海岱:4,海岱,1,3,feraligatr,Feraligatr,6,5,tier3,representative-near-tier
gym:tier2:海岱,gen9,gym:帕底亚地区:海岱:4,海岱,2,1,veluza,Veluza,4,4,tier2,representative-exact-tier
gym:tier2:海岱,gen9,gym:帕底亚地区:海岱:4,海岱,2,2,clawitzer,Clawitzer,5,5,tier3,representative-exact-tier
gym:tier2:海岱,gen9,gym:帕底亚地区:海岱:4,海岱,2,3,feraligatr,Feraligatr,6,5,tier3,representative-near-tier
gym:tier2:海岱,gen9,gym:帕底亚地区:海岱:4,海岱,3,1,veluza,Veluza,4,4,tier2,representative-exact-tier
gym:tier2:海岱,gen9,gym:帕底亚地区:海岱:4,海岱,3,2,clawitzer,Clawitzer,5,5,tier3,representative-exact-tier
gym:tier2:海岱,gen9,gym:帕底亚地区:海岱:4,海岱,3,3,feraligatr,Feraligatr,6,5,tier3,representative-near-tier
gym:tier2:海岱,gen9,gym:帕底亚地区:海岱:4,海岱,4,1,veluza,Veluza,4,4,tier2,representative-exact-tier
gym:tier2:海岱,gen9,gym:帕底亚地区:海岱:4,海岱,4,2,clawitzer,Clawitzer,5,5,tier3,representative-exact-tier
gym:tier2:海岱,gen9,gym:帕底亚地区:海岱:4,海岱,4,3,feraligatr,Feraligatr,6,5,tier3,representative-near-tier
gym:tier2:青木,none,gym:帕底亚地区:青木:5,青木,1,1,flamigo,Flamigo,4,4,tier2,representative-exact-tier
gym:tier2:青木,none,gym:帕底亚地区:青木:5,青木,1,2,staraptor,Staraptor,5,5,tier3,representative-exact-tier
gym:tier2:青木,none,gym:帕底亚地区:青木:5,青木,1,3,dudunsparce,Dudunsparce,5,5,tier3,representative-exact-tier
gym:tier2:青木,none,gym:帕底亚地区:青木:5,青木,2,1,flamigo,Flamigo,4,4,tier2,representative-exact-tier
gym:tier2:青木,none,gym:帕底亚地区:青木:5,青木,2,2,staraptor,Staraptor,5,5,tier3,representative-exact-tier
gym:tier2:青木,none,gym:帕底亚地区:青木:5,青木,2,3,dudunsparce,Dudunsparce,5,5,tier3,representative-exact-tier
gym:tier2:青木,none,gym:帕底亚地区:青木:5,青木,3,1,flamigo,Flamigo,4,4,tier2,representative-exact-tier
gym:tier2:青木,none,gym:帕底亚地区:青木:5,青木,3,2,staraptor,Staraptor,5,5,tier3,representative-exact-tier
gym:tier2:青木,none,gym:帕底亚地区:青木:5,青木,3,3,dudunsparce,Dudunsparce,5,5,tier3,representative-exact-tier
gym:tier2:青木,none,gym:帕底亚地区:青木:5,青木,4,1,flamigo,Flamigo,4,4,tier2,representative-exact-tier
gym:tier2:青木,none,gym:帕底亚地区:青木:5,青木,4,2,staraptor,Staraptor,5,5,tier3,representative-exact-tier
gym:tier2:青木,none,gym:帕底亚地区:青木:5,青木,4,3,dudunsparce,Dudunsparce,5,5,tier3,representative-exact-tier
gym:tier2:青木,gen7,gym:帕底亚地区:青木:5,青木,1,1,oricorio,Oricorio,4,4,tier2,representative-exact-tier
gym:tier2:青木,gen7,gym:帕底亚地区:青木:5,青木,1,2,staraptor,Staraptor,5,5,tier3,representative-exact-tier
gym:tier2:青木,gen7,gym:帕底亚地区:青木:5,青木,1,3,altaria,Altaria,5,5,tier3,representative-exact-tier
gym:tier2:青木,gen7,gym:帕底亚地区:青木:5,青木,2,1,oricorio,Oricorio,4,4,tier2,representative-exact-tier
gym:tier2:青木,gen7,gym:帕底亚地区:青木:5,青木,2,2,staraptor,Staraptor,5,5,tier3,representative-exact-tier
gym:tier2:青木,gen7,gym:帕底亚地区:青木:5,青木,2,3,altaria,Altaria,5,5,tier3,representative-exact-tier
gym:tier2:青木,gen7,gym:帕底亚地区:青木:5,青木,3,1,oricorio,Oricorio,4,4,tier2,representative-exact-tier
gym:tier2:青木,gen7,gym:帕底亚地区:青木:5,青木,3,2,staraptor,Staraptor,5,5,tier3,representative-exact-tier
gym:tier2:青木,gen7,gym:帕底亚地区:青木:5,青木,3,3,altaria,Altaria,5,5,tier3,representative-exact-tier
gym:tier2:青木,gen7,gym:帕底亚地区:青木:5,青木,4,1,oricorio,Oricorio,4,4,tier2,representative-exact-tier
gym:tier2:青木,gen7,gym:帕底亚地区:青木:5,青木,4,2,staraptor,Staraptor,5,5,tier3,representative-exact-tier
gym:tier2:青木,gen7,gym:帕底亚地区:青木:5,青木,4,3,altaria,Altaria,5,5,tier3,representative-exact-tier
gym:tier2:青木,gen8,gym:帕底亚地区:青木:5,青木,1,1,oricorio,Oricorio,4,4,tier2,representative-exact-tier
gym:tier2:青木,gen8,gym:帕底亚地区:青木:5,青木,1,2,staraptor,Staraptor,5,5,tier3,representative-exact-tier
gym:tier2:青木,gen8,gym:帕底亚地区:青木:5,青木,1,3,centiskorch,Centiskorch,5,5,tier3,gmax-system-fill-theme
gym:tier2:青木,gen8,gym:帕底亚地区:青木:5,青木,2,1,oricorio,Oricorio,4,4,tier2,representative-exact-tier
gym:tier2:青木,gen8,gym:帕底亚地区:青木:5,青木,2,2,staraptor,Staraptor,5,5,tier3,representative-exact-tier
gym:tier2:青木,gen8,gym:帕底亚地区:青木:5,青木,2,3,centiskorch,Centiskorch,5,5,tier3,gmax-system-fill-theme
gym:tier2:青木,gen8,gym:帕底亚地区:青木:5,青木,3,1,oricorio,Oricorio,4,4,tier2,representative-exact-tier
gym:tier2:青木,gen8,gym:帕底亚地区:青木:5,青木,3,2,staraptor,Staraptor,5,5,tier3,representative-exact-tier
gym:tier2:青木,gen8,gym:帕底亚地区:青木:5,青木,3,3,centiskorch,Centiskorch,5,5,tier3,gmax-system-fill-theme
gym:tier2:青木,gen8,gym:帕底亚地区:青木:5,青木,4,1,oricorio,Oricorio,4,4,tier2,representative-exact-tier
gym:tier2:青木,gen8,gym:帕底亚地区:青木:5,青木,4,2,staraptor,Staraptor,5,5,tier3,representative-exact-tier
gym:tier2:青木,gen8,gym:帕底亚地区:青木:5,青木,4,3,centiskorch,Centiskorch,5,5,tier3,gmax-system-fill-theme
gym:tier2:青木,gen9,gym:帕底亚地区:青木:5,青木,1,1,flamigo,Flamigo,4,4,tier2,representative-exact-tier
gym:tier2:青木,gen9,gym:帕底亚地区:青木:5,青木,1,2,staraptor,Staraptor,5,5,tier3,representative-exact-tier
gym:tier2:青木,gen9,gym:帕底亚地区:青木:5,青木,1,3,dudunsparce,Dudunsparce,5,5,tier3,representative-exact-tier
gym:tier2:青木,gen9,gym:帕底亚地区:青木:5,青木,2,1,flamigo,Flamigo,4,4,tier2,representative-exact-tier
gym:tier2:青木,gen9,gym:帕底亚地区:青木:5,青木,2,2,staraptor,Staraptor,5,5,tier3,representative-exact-tier
gym:tier2:青木,gen9,gym:帕底亚地区:青木:5,青木,2,3,dudunsparce,Dudunsparce,5,5,tier3,representative-exact-tier
gym:tier2:青木,gen9,gym:帕底亚地区:青木:5,青木,3,1,flamigo,Flamigo,4,4,tier2,representative-exact-tier
gym:tier2:青木,gen9,gym:帕底亚地区:青木:5,青木,3,2,staraptor,Staraptor,5,5,tier3,representative-exact-tier
gym:tier2:青木,gen9,gym:帕底亚地区:青木:5,青木,3,3,dudunsparce,Dudunsparce,5,5,tier3,representative-exact-tier
gym:tier2:青木,gen9,gym:帕底亚地区:青木:5,青木,4,1,flamigo,Flamigo,4,4,tier2,representative-exact-tier
gym:tier2:青木,gen9,gym:帕底亚地区:青木:5,青木,4,2,staraptor,Staraptor,5,5,tier3,representative-exact-tier
gym:tier2:青木,gen9,gym:帕底亚地区:青木:5,青木,4,3,dudunsparce,Dudunsparce,5,5,tier3,representative-exact-tier
gym:tier2:莱姆,none,gym:帕底亚地区:莱姆:6,莱姆,1,1,houndstone,Houndstone,4,4,tier2,representative-exact-tier
gym:tier2:莱姆,none,gym:帕底亚地区:莱姆:6,莱姆,1,2,spiritomb,Spiritomb,5,5,tier3,representative-exact-tier
gym:tier2:莱姆,none,gym:帕底亚地区:莱姆:6,莱姆,1,3,golurk,Golurk,5,5,tier3,representative-exact-tier
gym:tier2:莱姆,none,gym:帕底亚地区:莱姆:6,莱姆,2,1,houndstone,Houndstone,4,4,tier2,representative-exact-tier
gym:tier2:莱姆,none,gym:帕底亚地区:莱姆:6,莱姆,2,2,spiritomb,Spiritomb,5,5,tier3,representative-exact-tier
gym:tier2:莱姆,none,gym:帕底亚地区:莱姆:6,莱姆,2,3,golurk,Golurk,5,5,tier3,representative-exact-tier
gym:tier2:莱姆,none,gym:帕底亚地区:莱姆:6,莱姆,3,1,houndstone,Houndstone,4,4,tier2,representative-exact-tier
gym:tier2:莱姆,none,gym:帕底亚地区:莱姆:6,莱姆,3,2,spiritomb,Spiritomb,5,5,tier3,representative-exact-tier
gym:tier2:莱姆,none,gym:帕底亚地区:莱姆:6,莱姆,3,3,golurk,Golurk,5,5,tier3,representative-exact-tier
gym:tier2:莱姆,none,gym:帕底亚地区:莱姆:6,莱姆,4,1,houndstone,Houndstone,4,4,tier2,representative-exact-tier
gym:tier2:莱姆,none,gym:帕底亚地区:莱姆:6,莱姆,4,2,spiritomb,Spiritomb,5,5,tier3,representative-exact-tier
gym:tier2:莱姆,none,gym:帕底亚地区:莱姆:6,莱姆,4,3,golurk,Golurk,5,5,tier3,representative-exact-tier
gym:tier2:莱姆,gen7,gym:帕底亚地区:莱姆:6,莱姆,1,1,banette,Banette,4,4,tier2,representative-exact-tier
gym:tier2:莱姆,gen7,gym:帕底亚地区:莱姆:6,莱姆,1,2,spiritomb,Spiritomb,5,5,tier3,representative-exact-tier
gym:tier2:莱姆,gen7,gym:帕底亚地区:莱姆:6,莱姆,1,3,golurk,Golurk,5,5,tier3,representative-exact-tier
gym:tier2:莱姆,gen7,gym:帕底亚地区:莱姆:6,莱姆,2,1,banette,Banette,4,4,tier2,representative-exact-tier
gym:tier2:莱姆,gen7,gym:帕底亚地区:莱姆:6,莱姆,2,2,spiritomb,Spiritomb,5,5,tier3,representative-exact-tier
gym:tier2:莱姆,gen7,gym:帕底亚地区:莱姆:6,莱姆,2,3,golurk,Golurk,5,5,tier3,representative-exact-tier
gym:tier2:莱姆,gen7,gym:帕底亚地区:莱姆:6,莱姆,3,1,banette,Banette,4,4,tier2,representative-exact-tier
gym:tier2:莱姆,gen7,gym:帕底亚地区:莱姆:6,莱姆,3,2,spiritomb,Spiritomb,5,5,tier3,representative-exact-tier
gym:tier2:莱姆,gen7,gym:帕底亚地区:莱姆:6,莱姆,3,3,golurk,Golurk,5,5,tier3,representative-exact-tier
gym:tier2:莱姆,gen7,gym:帕底亚地区:莱姆:6,莱姆,4,1,banette,Banette,4,4,tier2,representative-exact-tier
gym:tier2:莱姆,gen7,gym:帕底亚地区:莱姆:6,莱姆,4,2,spiritomb,Spiritomb,5,5,tier3,representative-exact-tier
gym:tier2:莱姆,gen7,gym:帕底亚地区:莱姆:6,莱姆,4,3,golurk,Golurk,5,5,tier3,representative-exact-tier
gym:tier2:莱姆,gen8,gym:帕底亚地区:莱姆:6,莱姆,1,1,toxtricity,Toxtricity,4,4,tier2,representative-exact-tier
gym:tier2:莱姆,gen8,gym:帕底亚地区:莱姆:6,莱姆,1,2,spiritomb,Spiritomb,5,5,tier3,representative-exact-tier
gym:tier2:莱姆,gen8,gym:帕底亚地区:莱姆:6,莱姆,1,3,golurk,Golurk,5,5,tier3,representative-exact-tier
gym:tier2:莱姆,gen8,gym:帕底亚地区:莱姆:6,莱姆,2,1,toxtricity,Toxtricity,4,4,tier2,representative-exact-tier
gym:tier2:莱姆,gen8,gym:帕底亚地区:莱姆:6,莱姆,2,2,spiritomb,Spiritomb,5,5,tier3,representative-exact-tier
gym:tier2:莱姆,gen8,gym:帕底亚地区:莱姆:6,莱姆,2,3,golurk,Golurk,5,5,tier3,representative-exact-tier
gym:tier2:莱姆,gen8,gym:帕底亚地区:莱姆:6,莱姆,3,1,toxtricity,Toxtricity,4,4,tier2,representative-exact-tier
gym:tier2:莱姆,gen8,gym:帕底亚地区:莱姆:6,莱姆,3,2,spiritomb,Spiritomb,5,5,tier3,representative-exact-tier
gym:tier2:莱姆,gen8,gym:帕底亚地区:莱姆:6,莱姆,3,3,golurk,Golurk,5,5,tier3,representative-exact-tier
gym:tier2:莱姆,gen8,gym:帕底亚地区:莱姆:6,莱姆,4,1,toxtricity,Toxtricity,4,4,tier2,representative-exact-tier
gym:tier2:莱姆,gen8,gym:帕底亚地区:莱姆:6,莱姆,4,2,spiritomb,Spiritomb,5,5,tier3,representative-exact-tier
gym:tier2:莱姆,gen8,gym:帕底亚地区:莱姆:6,莱姆,4,3,golurk,Golurk,5,5,tier3,representative-exact-tier
gym:tier2:莱姆,gen9,gym:帕底亚地区:莱姆:6,莱姆,1,1,houndstone,Houndstone,4,4,tier2,representative-exact-tier
gym:tier2:莱姆,gen9,gym:帕底亚地区:莱姆:6,莱姆,1,2,spiritomb,Spiritomb,5,5,tier3,representative-exact-tier
gym:tier2:莱姆,gen9,gym:帕底亚地区:莱姆:6,莱姆,1,3,golurk,Golurk,5,5,tier3,representative-exact-tier
gym:tier2:莱姆,gen9,gym:帕底亚地区:莱姆:6,莱姆,2,1,houndstone,Houndstone,4,4,tier2,representative-exact-tier
gym:tier2:莱姆,gen9,gym:帕底亚地区:莱姆:6,莱姆,2,2,spiritomb,Spiritomb,5,5,tier3,representative-exact-tier
gym:tier2:莱姆,gen9,gym:帕底亚地区:莱姆:6,莱姆,2,3,golurk,Golurk,5,5,tier3,representative-exact-tier
gym:tier2:莱姆,gen9,gym:帕底亚地区:莱姆:6,莱姆,3,1,houndstone,Houndstone,4,4,tier2,representative-exact-tier
gym:tier2:莱姆,gen9,gym:帕底亚地区:莱姆:6,莱姆,3,2,spiritomb,Spiritomb,5,5,tier3,representative-exact-tier
gym:tier2:莱姆,gen9,gym:帕底亚地区:莱姆:6,莱姆,3,3,golurk,Golurk,5,5,tier3,representative-exact-tier
gym:tier2:莱姆,gen9,gym:帕底亚地区:莱姆:6,莱姆,4,1,houndstone,Houndstone,4,4,tier2,representative-exact-tier
gym:tier2:莱姆,gen9,gym:帕底亚地区:莱姆:6,莱姆,4,2,spiritomb,Spiritomb,5,5,tier3,representative-exact-tier
gym:tier2:莱姆,gen9,gym:帕底亚地区:莱姆:6,莱姆,4,3,golurk,Golurk,5,5,tier3,representative-exact-tier
gym:tier3:莉普,none,gym:帕底亚地区:莉普:7,莉普,1,1,farigiraf,Farigiraf,5,5,tier3,representative-exact-tier
gym:tier3:莉普,none,gym:帕底亚地区:莉普:7,莉普,1,2,gardevoir,Gardevoir,6,5,tier4,representative-near-tier
gym:tier3:莉普,none,gym:帕底亚地区:莉普:7,莉普,1,3,florges,Florges,6,6,tier4,representative-exact-tier
gym:tier3:莉普,none,gym:帕底亚地区:莉普:7,莉普,2,1,farigiraf,Farigiraf,5,5,tier3,representative-exact-tier
gym:tier3:莉普,none,gym:帕底亚地区:莉普:7,莉普,2,2,gardevoir,Gardevoir,6,5,tier4,representative-near-tier
gym:tier3:莉普,none,gym:帕底亚地区:莉普:7,莉普,2,3,florges,Florges,6,6,tier4,representative-exact-tier
gym:tier3:莉普,none,gym:帕底亚地区:莉普:7,莉普,3,1,farigiraf,Farigiraf,5,5,tier3,representative-exact-tier
gym:tier3:莉普,none,gym:帕底亚地区:莉普:7,莉普,3,2,gardevoir,Gardevoir,6,5,tier4,representative-near-tier
gym:tier3:莉普,none,gym:帕底亚地区:莉普:7,莉普,3,3,florges,Florges,6,6,tier4,representative-exact-tier
gym:tier3:莉普,none,gym:帕底亚地区:莉普:7,莉普,4,1,farigiraf,Farigiraf,5,5,tier3,representative-exact-tier
gym:tier3:莉普,none,gym:帕底亚地区:莉普:7,莉普,4,2,gardevoir,Gardevoir,6,5,tier4,representative-near-tier
gym:tier3:莉普,none,gym:帕底亚地区:莉普:7,莉普,4,3,florges,Florges,6,6,tier4,representative-exact-tier
gym:tier3:莉普,gen7,gym:帕底亚地区:莉普:7,莉普,1,1,gardevoir,Gardevoir,6,5,tier3,representative-near-tier
gym:tier3:莉普,gen7,gym:帕底亚地区:莉普:7,莉普,1,2,florges,Florges,6,5,tier4,representative-near-tier
gym:tier3:莉普,gen7,gym:帕底亚地区:莉普:7,莉普,1,3,gallade,Gallade,6,6,tier4,representative-exact-tier
gym:tier3:莉普,gen7,gym:帕底亚地区:莉普:7,莉普,2,1,gardevoir,Gardevoir,6,5,tier3,representative-near-tier
gym:tier3:莉普,gen7,gym:帕底亚地区:莉普:7,莉普,2,2,florges,Florges,6,5,tier4,representative-near-tier
gym:tier3:莉普,gen7,gym:帕底亚地区:莉普:7,莉普,2,3,gallade,Gallade,6,6,tier4,representative-exact-tier
gym:tier3:莉普,gen7,gym:帕底亚地区:莉普:7,莉普,3,1,gardevoir,Gardevoir,6,5,tier3,representative-near-tier
gym:tier3:莉普,gen7,gym:帕底亚地区:莉普:7,莉普,3,2,florges,Florges,6,5,tier4,representative-near-tier
gym:tier3:莉普,gen7,gym:帕底亚地区:莉普:7,莉普,3,3,gallade,Gallade,6,6,tier4,representative-exact-tier
gym:tier3:莉普,gen7,gym:帕底亚地区:莉普:7,莉普,4,1,gardevoir,Gardevoir,6,5,tier3,representative-near-tier
gym:tier3:莉普,gen7,gym:帕底亚地区:莉普:7,莉普,4,2,florges,Florges,6,5,tier4,representative-near-tier
gym:tier3:莉普,gen7,gym:帕底亚地区:莉普:7,莉普,4,3,gallade,Gallade,6,6,tier4,representative-exact-tier
gym:tier3:莉普,gen8,gym:帕底亚地区:莉普:7,莉普,1,1,gardevoir,Gardevoir,6,5,tier3,representative-near-tier
gym:tier3:莉普,gen8,gym:帕底亚地区:莉普:7,莉普,1,2,florges,Florges,6,5,tier4,representative-near-tier
gym:tier3:莉普,gen8,gym:帕底亚地区:莉普:7,莉普,1,3,charizard,Charizard,6,6,tier4,gmax-system-fill-theme
gym:tier3:莉普,gen8,gym:帕底亚地区:莉普:7,莉普,2,1,gardevoir,Gardevoir,6,5,tier3,representative-near-tier
gym:tier3:莉普,gen8,gym:帕底亚地区:莉普:7,莉普,2,2,florges,Florges,6,5,tier4,representative-near-tier
gym:tier3:莉普,gen8,gym:帕底亚地区:莉普:7,莉普,2,3,charizard,Charizard,6,6,tier4,gmax-system-fill-theme
gym:tier3:莉普,gen8,gym:帕底亚地区:莉普:7,莉普,3,1,gardevoir,Gardevoir,6,5,tier3,representative-near-tier
gym:tier3:莉普,gen8,gym:帕底亚地区:莉普:7,莉普,3,2,florges,Florges,6,5,tier4,representative-near-tier
gym:tier3:莉普,gen8,gym:帕底亚地区:莉普:7,莉普,3,3,charizard,Charizard,6,6,tier4,gmax-system-fill-theme
gym:tier3:莉普,gen8,gym:帕底亚地区:莉普:7,莉普,4,1,gardevoir,Gardevoir,6,5,tier3,representative-near-tier
gym:tier3:莉普,gen8,gym:帕底亚地区:莉普:7,莉普,4,2,florges,Florges,6,5,tier4,representative-near-tier
gym:tier3:莉普,gen8,gym:帕底亚地区:莉普:7,莉普,4,3,charizard,Charizard,6,6,tier4,gmax-system-fill-theme
gym:tier3:莉普,gen9,gym:帕底亚地区:莉普:7,莉普,1,1,farigiraf,Farigiraf,5,5,tier3,representative-exact-tier
gym:tier3:莉普,gen9,gym:帕底亚地区:莉普:7,莉普,1,2,gardevoir,Gardevoir,6,5,tier4,representative-near-tier
gym:tier3:莉普,gen9,gym:帕底亚地区:莉普:7,莉普,1,3,florges,Florges,6,6,tier4,representative-exact-tier
gym:tier3:莉普,gen9,gym:帕底亚地区:莉普:7,莉普,2,1,farigiraf,Farigiraf,5,5,tier3,representative-exact-tier
gym:tier3:莉普,gen9,gym:帕底亚地区:莉普:7,莉普,2,2,gardevoir,Gardevoir,6,5,tier4,representative-near-tier
gym:tier3:莉普,gen9,gym:帕底亚地区:莉普:7,莉普,2,3,florges,Florges,6,6,tier4,representative-exact-tier
gym:tier3:莉普,gen9,gym:帕底亚地区:莉普:7,莉普,3,1,farigiraf,Farigiraf,5,5,tier3,representative-exact-tier
gym:tier3:莉普,gen9,gym:帕底亚地区:莉普:7,莉普,3,2,gardevoir,Gardevoir,6,5,tier4,representative-near-tier
gym:tier3:莉普,gen9,gym:帕底亚地区:莉普:7,莉普,3,3,florges,Florges,6,6,tier4,representative-exact-tier
gym:tier3:莉普,gen9,gym:帕底亚地区:莉普:7,莉普,4,1,farigiraf,Farigiraf,5,5,tier3,representative-exact-tier
gym:tier3:莉普,gen9,gym:帕底亚地区:莉普:7,莉普,4,2,gardevoir,Gardevoir,6,5,tier4,representative-near-tier
gym:tier3:莉普,gen9,gym:帕底亚地区:莉普:7,莉普,4,3,florges,Florges,6,6,tier4,representative-exact-tier
gym:tier3:古鲁夏,none,gym:帕底亚地区:古鲁夏:8,古鲁夏,1,1,cetitan,Cetitan,5,5,tier3,representative-exact-tier
gym:tier3:古鲁夏,none,gym:帕底亚地区:古鲁夏:8,古鲁夏,1,2,altaria,Altaria,5,5,tier4,representative-exact-tier
gym:tier3:古鲁夏,none,gym:帕底亚地区:古鲁夏:8,古鲁夏,1,3,weavile,Weavile,6,6,tier4,representative-exact-tier
gym:tier3:古鲁夏,none,gym:帕底亚地区:古鲁夏:8,古鲁夏,2,1,cetitan,Cetitan,5,5,tier3,representative-exact-tier
gym:tier3:古鲁夏,none,gym:帕底亚地区:古鲁夏:8,古鲁夏,2,2,altaria,Altaria,5,5,tier4,representative-exact-tier
gym:tier3:古鲁夏,none,gym:帕底亚地区:古鲁夏:8,古鲁夏,2,3,weavile,Weavile,6,6,tier4,representative-exact-tier
gym:tier3:古鲁夏,none,gym:帕底亚地区:古鲁夏:8,古鲁夏,3,1,cetitan,Cetitan,5,5,tier3,representative-exact-tier
gym:tier3:古鲁夏,none,gym:帕底亚地区:古鲁夏:8,古鲁夏,3,2,altaria,Altaria,5,5,tier4,representative-exact-tier
gym:tier3:古鲁夏,none,gym:帕底亚地区:古鲁夏:8,古鲁夏,3,3,weavile,Weavile,6,6,tier4,representative-exact-tier
gym:tier3:古鲁夏,none,gym:帕底亚地区:古鲁夏:8,古鲁夏,4,1,cetitan,Cetitan,5,5,tier3,representative-exact-tier
gym:tier3:古鲁夏,none,gym:帕底亚地区:古鲁夏:8,古鲁夏,4,2,altaria,Altaria,5,5,tier4,representative-exact-tier
gym:tier3:古鲁夏,none,gym:帕底亚地区:古鲁夏:8,古鲁夏,4,3,weavile,Weavile,6,6,tier4,representative-exact-tier
gym:tier3:古鲁夏,gen7,gym:帕底亚地区:古鲁夏:8,古鲁夏,1,1,altaria,Altaria,5,5,tier3,representative-exact-tier
gym:tier3:古鲁夏,gen7,gym:帕底亚地区:古鲁夏:8,古鲁夏,1,2,beartic,Beartic,5,5,tier4,representative-exact-tier
gym:tier3:古鲁夏,gen7,gym:帕底亚地区:古鲁夏:8,古鲁夏,1,3,weavile,Weavile,6,6,tier4,representative-exact-tier
gym:tier3:古鲁夏,gen7,gym:帕底亚地区:古鲁夏:8,古鲁夏,2,1,altaria,Altaria,5,5,tier3,representative-exact-tier
gym:tier3:古鲁夏,gen7,gym:帕底亚地区:古鲁夏:8,古鲁夏,2,2,beartic,Beartic,5,5,tier4,representative-exact-tier
gym:tier3:古鲁夏,gen7,gym:帕底亚地区:古鲁夏:8,古鲁夏,2,3,weavile,Weavile,6,6,tier4,representative-exact-tier
gym:tier3:古鲁夏,gen7,gym:帕底亚地区:古鲁夏:8,古鲁夏,3,1,altaria,Altaria,5,5,tier3,representative-exact-tier
gym:tier3:古鲁夏,gen7,gym:帕底亚地区:古鲁夏:8,古鲁夏,3,2,beartic,Beartic,5,5,tier4,representative-exact-tier
gym:tier3:古鲁夏,gen7,gym:帕底亚地区:古鲁夏:8,古鲁夏,3,3,weavile,Weavile,6,6,tier4,representative-exact-tier
gym:tier3:古鲁夏,gen7,gym:帕底亚地区:古鲁夏:8,古鲁夏,4,1,altaria,Altaria,5,5,tier3,representative-exact-tier
gym:tier3:古鲁夏,gen7,gym:帕底亚地区:古鲁夏:8,古鲁夏,4,2,beartic,Beartic,5,5,tier4,representative-exact-tier
gym:tier3:古鲁夏,gen7,gym:帕底亚地区:古鲁夏:8,古鲁夏,4,3,weavile,Weavile,6,6,tier4,representative-exact-tier
gym:tier3:古鲁夏,gen8,gym:帕底亚地区:古鲁夏:8,古鲁夏,1,1,altaria,Altaria,5,5,tier3,representative-exact-tier
gym:tier3:古鲁夏,gen8,gym:帕底亚地区:古鲁夏:8,古鲁夏,1,2,beartic,Beartic,5,5,tier4,representative-exact-tier
gym:tier3:古鲁夏,gen8,gym:帕底亚地区:古鲁夏:8,古鲁夏,1,3,blastoise,Blastoise,6,6,tier4,gmax-system-fill-theme
gym:tier3:古鲁夏,gen8,gym:帕底亚地区:古鲁夏:8,古鲁夏,2,1,altaria,Altaria,5,5,tier3,representative-exact-tier
gym:tier3:古鲁夏,gen8,gym:帕底亚地区:古鲁夏:8,古鲁夏,2,2,beartic,Beartic,5,5,tier4,representative-exact-tier
gym:tier3:古鲁夏,gen8,gym:帕底亚地区:古鲁夏:8,古鲁夏,2,3,blastoise,Blastoise,6,6,tier4,gmax-system-fill-theme
gym:tier3:古鲁夏,gen8,gym:帕底亚地区:古鲁夏:8,古鲁夏,3,1,altaria,Altaria,5,5,tier3,representative-exact-tier
gym:tier3:古鲁夏,gen8,gym:帕底亚地区:古鲁夏:8,古鲁夏,3,2,beartic,Beartic,5,5,tier4,representative-exact-tier
gym:tier3:古鲁夏,gen8,gym:帕底亚地区:古鲁夏:8,古鲁夏,3,3,blastoise,Blastoise,6,6,tier4,gmax-system-fill-theme
gym:tier3:古鲁夏,gen8,gym:帕底亚地区:古鲁夏:8,古鲁夏,4,1,altaria,Altaria,5,5,tier3,representative-exact-tier
gym:tier3:古鲁夏,gen8,gym:帕底亚地区:古鲁夏:8,古鲁夏,4,2,beartic,Beartic,5,5,tier4,representative-exact-tier
gym:tier3:古鲁夏,gen8,gym:帕底亚地区:古鲁夏:8,古鲁夏,4,3,blastoise,Blastoise,6,6,tier4,gmax-system-fill-theme
gym:tier3:古鲁夏,gen9,gym:帕底亚地区:古鲁夏:8,古鲁夏,1,1,cetitan,Cetitan,5,5,tier3,representative-exact-tier
gym:tier3:古鲁夏,gen9,gym:帕底亚地区:古鲁夏:8,古鲁夏,1,2,altaria,Altaria,5,5,tier4,representative-exact-tier
gym:tier3:古鲁夏,gen9,gym:帕底亚地区:古鲁夏:8,古鲁夏,1,3,weavile,Weavile,6,6,tier4,representative-exact-tier
gym:tier3:古鲁夏,gen9,gym:帕底亚地区:古鲁夏:8,古鲁夏,2,1,cetitan,Cetitan,5,5,tier3,representative-exact-tier
gym:tier3:古鲁夏,gen9,gym:帕底亚地区:古鲁夏:8,古鲁夏,2,2,altaria,Altaria,5,5,tier4,representative-exact-tier
gym:tier3:古鲁夏,gen9,gym:帕底亚地区:古鲁夏:8,古鲁夏,2,3,weavile,Weavile,6,6,tier4,representative-exact-tier
gym:tier3:古鲁夏,gen9,gym:帕底亚地区:古鲁夏:8,古鲁夏,3,1,cetitan,Cetitan,5,5,tier3,representative-exact-tier
gym:tier3:古鲁夏,gen9,gym:帕底亚地区:古鲁夏:8,古鲁夏,3,2,altaria,Altaria,5,5,tier4,representative-exact-tier
gym:tier3:古鲁夏,gen9,gym:帕底亚地区:古鲁夏:8,古鲁夏,3,3,weavile,Weavile,6,6,tier4,representative-exact-tier
gym:tier3:古鲁夏,gen9,gym:帕底亚地区:古鲁夏:8,古鲁夏,4,1,cetitan,Cetitan,5,5,tier3,representative-exact-tier
gym:tier3:古鲁夏,gen9,gym:帕底亚地区:古鲁夏:8,古鲁夏,4,2,altaria,Altaria,5,5,tier4,representative-exact-tier
gym:tier3:古鲁夏,gen9,gym:帕底亚地区:古鲁夏:8,古鲁夏,4,3,weavile,Weavile,6,6,tier4,representative-exact-tier
elite4:elite4:辛俐,none,elite4:帕底亚地区:辛俐:1,辛俐,1,1,donphan,Donphan,6,5,tier3,representative-near-tier
elite4:elite4:辛俐,none,elite4:帕底亚地区:辛俐:1,辛俐,1,2,torterra,Torterra,6,5,tier4,representative-near-tier
elite4:elite4:辛俐,none,elite4:帕底亚地区:辛俐:1,辛俐,1,3,arcanine,Arcanine,6,6,tier4,theme-fill
elite4:elite4:辛俐,none,elite4:帕底亚地区:辛俐:1,辛俐,2,1,donphan,Donphan,6,5,tier3,representative-near-tier
elite4:elite4:辛俐,none,elite4:帕底亚地区:辛俐:1,辛俐,2,2,torterra,Torterra,6,5,tier4,representative-near-tier
elite4:elite4:辛俐,none,elite4:帕底亚地区:辛俐:1,辛俐,2,3,arcanine,Arcanine,6,6,tier4,theme-fill
elite4:elite4:辛俐,none,elite4:帕底亚地区:辛俐:1,辛俐,3,1,donphan,Donphan,6,5,tier3,representative-near-tier
elite4:elite4:辛俐,none,elite4:帕底亚地区:辛俐:1,辛俐,3,2,torterra,Torterra,6,5,tier4,representative-near-tier
elite4:elite4:辛俐,none,elite4:帕底亚地区:辛俐:1,辛俐,3,3,arcanine,Arcanine,6,6,tier4,theme-fill
elite4:elite4:辛俐,none,elite4:帕底亚地区:辛俐:1,辛俐,4,1,donphan,Donphan,6,5,tier3,representative-near-tier
elite4:elite4:辛俐,none,elite4:帕底亚地区:辛俐:1,辛俐,4,2,torterra,Torterra,6,5,tier4,representative-near-tier
elite4:elite4:辛俐,none,elite4:帕底亚地区:辛俐:1,辛俐,4,3,arcanine,Arcanine,6,6,tier4,theme-fill
elite4:elite4:辛俐,gen7,elite4:帕底亚地区:辛俐:1,辛俐,1,1,donphan,Donphan,6,5,tier3,representative-near-tier
elite4:elite4:辛俐,gen7,elite4:帕底亚地区:辛俐:1,辛俐,1,2,torterra,Torterra,6,5,tier4,representative-near-tier
elite4:elite4:辛俐,gen7,elite4:帕底亚地区:辛俐:1,辛俐,1,3,blastoise,Blastoise,6,6,tier4,mega-system-fill-theme
elite4:elite4:辛俐,gen7,elite4:帕底亚地区:辛俐:1,辛俐,2,1,donphan,Donphan,6,5,tier3,representative-near-tier
elite4:elite4:辛俐,gen7,elite4:帕底亚地区:辛俐:1,辛俐,2,2,torterra,Torterra,6,5,tier4,representative-near-tier
elite4:elite4:辛俐,gen7,elite4:帕底亚地区:辛俐:1,辛俐,2,3,blastoise,Blastoise,6,6,tier4,mega-system-fill-theme
elite4:elite4:辛俐,gen7,elite4:帕底亚地区:辛俐:1,辛俐,3,1,donphan,Donphan,6,5,tier3,representative-near-tier
elite4:elite4:辛俐,gen7,elite4:帕底亚地区:辛俐:1,辛俐,3,2,torterra,Torterra,6,5,tier4,representative-near-tier
elite4:elite4:辛俐,gen7,elite4:帕底亚地区:辛俐:1,辛俐,3,3,blastoise,Blastoise,6,6,tier4,mega-system-fill-theme
elite4:elite4:辛俐,gen7,elite4:帕底亚地区:辛俐:1,辛俐,4,1,donphan,Donphan,6,5,tier3,representative-near-tier
elite4:elite4:辛俐,gen7,elite4:帕底亚地区:辛俐:1,辛俐,4,2,torterra,Torterra,6,5,tier4,representative-near-tier
elite4:elite4:辛俐,gen7,elite4:帕底亚地区:辛俐:1,辛俐,4,3,blastoise,Blastoise,6,6,tier4,mega-system-fill-theme
elite4:elite4:辛俐,gen8,elite4:帕底亚地区:辛俐:1,辛俐,1,1,donphan,Donphan,6,5,tier3,representative-near-tier
elite4:elite4:辛俐,gen8,elite4:帕底亚地区:辛俐:1,辛俐,1,2,torterra,Torterra,6,5,tier4,representative-near-tier
elite4:elite4:辛俐,gen8,elite4:帕底亚地区:辛俐:1,辛俐,1,3,blastoise,Blastoise,6,6,tier4,gmax-system-fill-theme
elite4:elite4:辛俐,gen8,elite4:帕底亚地区:辛俐:1,辛俐,2,1,donphan,Donphan,6,5,tier3,representative-near-tier
elite4:elite4:辛俐,gen8,elite4:帕底亚地区:辛俐:1,辛俐,2,2,torterra,Torterra,6,5,tier4,representative-near-tier
elite4:elite4:辛俐,gen8,elite4:帕底亚地区:辛俐:1,辛俐,2,3,blastoise,Blastoise,6,6,tier4,gmax-system-fill-theme
elite4:elite4:辛俐,gen8,elite4:帕底亚地区:辛俐:1,辛俐,3,1,donphan,Donphan,6,5,tier3,representative-near-tier
elite4:elite4:辛俐,gen8,elite4:帕底亚地区:辛俐:1,辛俐,3,2,torterra,Torterra,6,5,tier4,representative-near-tier
elite4:elite4:辛俐,gen8,elite4:帕底亚地区:辛俐:1,辛俐,3,3,blastoise,Blastoise,6,6,tier4,gmax-system-fill-theme
elite4:elite4:辛俐,gen8,elite4:帕底亚地区:辛俐:1,辛俐,4,1,donphan,Donphan,6,5,tier3,representative-near-tier
elite4:elite4:辛俐,gen8,elite4:帕底亚地区:辛俐:1,辛俐,4,2,torterra,Torterra,6,5,tier4,representative-near-tier
elite4:elite4:辛俐,gen8,elite4:帕底亚地区:辛俐:1,辛俐,4,3,blastoise,Blastoise,6,6,tier4,gmax-system-fill-theme
elite4:elite4:辛俐,gen9,elite4:帕底亚地区:辛俐:1,辛俐,1,1,donphan,Donphan,6,5,tier3,representative-near-tier
elite4:elite4:辛俐,gen9,elite4:帕底亚地区:辛俐:1,辛俐,1,2,torterra,Torterra,6,5,tier4,representative-near-tier
elite4:elite4:辛俐,gen9,elite4:帕底亚地区:辛俐:1,辛俐,1,3,arcanine,Arcanine,6,6,tier4,theme-fill
elite4:elite4:辛俐,gen9,elite4:帕底亚地区:辛俐:1,辛俐,2,1,donphan,Donphan,6,5,tier3,representative-near-tier
elite4:elite4:辛俐,gen9,elite4:帕底亚地区:辛俐:1,辛俐,2,2,torterra,Torterra,6,5,tier4,representative-near-tier
elite4:elite4:辛俐,gen9,elite4:帕底亚地区:辛俐:1,辛俐,2,3,arcanine,Arcanine,6,6,tier4,theme-fill
elite4:elite4:辛俐,gen9,elite4:帕底亚地区:辛俐:1,辛俐,3,1,donphan,Donphan,6,5,tier3,representative-near-tier
elite4:elite4:辛俐,gen9,elite4:帕底亚地区:辛俐:1,辛俐,3,2,torterra,Torterra,6,5,tier4,representative-near-tier
elite4:elite4:辛俐,gen9,elite4:帕底亚地区:辛俐:1,辛俐,3,3,arcanine,Arcanine,6,6,tier4,theme-fill
elite4:elite4:辛俐,gen9,elite4:帕底亚地区:辛俐:1,辛俐,4,1,donphan,Donphan,6,5,tier3,representative-near-tier
elite4:elite4:辛俐,gen9,elite4:帕底亚地区:辛俐:1,辛俐,4,2,torterra,Torterra,6,5,tier4,representative-near-tier
elite4:elite4:辛俐,gen9,elite4:帕底亚地区:辛俐:1,辛俐,4,3,arcanine,Arcanine,6,6,tier4,theme-fill
elite4:elite4:波琵,none,elite4:帕底亚地区:波琵:2,波琵,1,1,bronzong,Bronzong,5,5,tier3,representative-exact-tier
elite4:elite4:波琵,none,elite4:帕底亚地区:波琵:2,波琵,1,2,bastiodon,Bastiodon,5,5,tier4,representative-exact-tier
elite4:elite4:波琵,none,elite4:帕底亚地区:波琵:2,波琵,1,3,magnezone,Magnezone,6,6,tier4,representative-exact-tier
elite4:elite4:波琵,none,elite4:帕底亚地区:波琵:2,波琵,2,1,bronzong,Bronzong,5,5,tier3,representative-exact-tier
elite4:elite4:波琵,none,elite4:帕底亚地区:波琵:2,波琵,2,2,bastiodon,Bastiodon,5,5,tier4,representative-exact-tier
elite4:elite4:波琵,none,elite4:帕底亚地区:波琵:2,波琵,2,3,magnezone,Magnezone,6,6,tier4,representative-exact-tier
elite4:elite4:波琵,none,elite4:帕底亚地区:波琵:2,波琵,3,1,bronzong,Bronzong,5,5,tier3,representative-exact-tier
elite4:elite4:波琵,none,elite4:帕底亚地区:波琵:2,波琵,3,2,bastiodon,Bastiodon,5,5,tier4,representative-exact-tier
elite4:elite4:波琵,none,elite4:帕底亚地区:波琵:2,波琵,3,3,magnezone,Magnezone,6,6,tier4,representative-exact-tier
elite4:elite4:波琵,none,elite4:帕底亚地区:波琵:2,波琵,4,1,bronzong,Bronzong,5,5,tier3,representative-exact-tier
elite4:elite4:波琵,none,elite4:帕底亚地区:波琵:2,波琵,4,2,bastiodon,Bastiodon,5,5,tier4,representative-exact-tier
elite4:elite4:波琵,none,elite4:帕底亚地区:波琵:2,波琵,4,3,magnezone,Magnezone,6,6,tier4,representative-exact-tier
elite4:elite4:波琵,gen7,elite4:帕底亚地区:波琵:2,波琵,1,1,bronzong,Bronzong,5,5,tier3,representative-exact-tier
elite4:elite4:波琵,gen7,elite4:帕底亚地区:波琵:2,波琵,1,2,bastiodon,Bastiodon,5,5,tier4,representative-exact-tier
elite4:elite4:波琵,gen7,elite4:帕底亚地区:波琵:2,波琵,1,3,aerodactyl,Aerodactyl,6,6,tier4,mega-system-fill-theme
elite4:elite4:波琵,gen7,elite4:帕底亚地区:波琵:2,波琵,2,1,bronzong,Bronzong,5,5,tier3,representative-exact-tier
elite4:elite4:波琵,gen7,elite4:帕底亚地区:波琵:2,波琵,2,2,bastiodon,Bastiodon,5,5,tier4,representative-exact-tier
elite4:elite4:波琵,gen7,elite4:帕底亚地区:波琵:2,波琵,2,3,aerodactyl,Aerodactyl,6,6,tier4,mega-system-fill-theme
elite4:elite4:波琵,gen7,elite4:帕底亚地区:波琵:2,波琵,3,1,bronzong,Bronzong,5,5,tier3,representative-exact-tier
elite4:elite4:波琵,gen7,elite4:帕底亚地区:波琵:2,波琵,3,2,bastiodon,Bastiodon,5,5,tier4,representative-exact-tier
elite4:elite4:波琵,gen7,elite4:帕底亚地区:波琵:2,波琵,3,3,aerodactyl,Aerodactyl,6,6,tier4,mega-system-fill-theme
elite4:elite4:波琵,gen7,elite4:帕底亚地区:波琵:2,波琵,4,1,bronzong,Bronzong,5,5,tier3,representative-exact-tier
elite4:elite4:波琵,gen7,elite4:帕底亚地区:波琵:2,波琵,4,2,bastiodon,Bastiodon,5,5,tier4,representative-exact-tier
elite4:elite4:波琵,gen7,elite4:帕底亚地区:波琵:2,波琵,4,3,aerodactyl,Aerodactyl,6,6,tier4,mega-system-fill-theme
elite4:elite4:波琵,gen8,elite4:帕底亚地区:波琵:2,波琵,1,1,bronzong,Bronzong,5,5,tier3,representative-exact-tier
elite4:elite4:波琵,gen8,elite4:帕底亚地区:波琵:2,波琵,1,2,bastiodon,Bastiodon,5,5,tier4,representative-exact-tier
elite4:elite4:波琵,gen8,elite4:帕底亚地区:波琵:2,波琵,1,3,charizard,Charizard,6,6,tier4,gmax-system-fill-theme
elite4:elite4:波琵,gen8,elite4:帕底亚地区:波琵:2,波琵,2,1,bronzong,Bronzong,5,5,tier3,representative-exact-tier
elite4:elite4:波琵,gen8,elite4:帕底亚地区:波琵:2,波琵,2,2,bastiodon,Bastiodon,5,5,tier4,representative-exact-tier
elite4:elite4:波琵,gen8,elite4:帕底亚地区:波琵:2,波琵,2,3,charizard,Charizard,6,6,tier4,gmax-system-fill-theme
elite4:elite4:波琵,gen8,elite4:帕底亚地区:波琵:2,波琵,3,1,bronzong,Bronzong,5,5,tier3,representative-exact-tier
elite4:elite4:波琵,gen8,elite4:帕底亚地区:波琵:2,波琵,3,2,bastiodon,Bastiodon,5,5,tier4,representative-exact-tier
elite4:elite4:波琵,gen8,elite4:帕底亚地区:波琵:2,波琵,3,3,charizard,Charizard,6,6,tier4,gmax-system-fill-theme
elite4:elite4:波琵,gen8,elite4:帕底亚地区:波琵:2,波琵,4,1,bronzong,Bronzong,5,5,tier3,representative-exact-tier
elite4:elite4:波琵,gen8,elite4:帕底亚地区:波琵:2,波琵,4,2,bastiodon,Bastiodon,5,5,tier4,representative-exact-tier
elite4:elite4:波琵,gen8,elite4:帕底亚地区:波琵:2,波琵,4,3,charizard,Charizard,6,6,tier4,gmax-system-fill-theme
elite4:elite4:波琵,gen9,elite4:帕底亚地区:波琵:2,波琵,1,1,bronzong,Bronzong,5,5,tier3,representative-exact-tier
elite4:elite4:波琵,gen9,elite4:帕底亚地区:波琵:2,波琵,1,2,bastiodon,Bastiodon,5,5,tier4,representative-exact-tier
elite4:elite4:波琵,gen9,elite4:帕底亚地区:波琵:2,波琵,1,3,magnezone,Magnezone,6,6,tier4,representative-exact-tier
elite4:elite4:波琵,gen9,elite4:帕底亚地区:波琵:2,波琵,2,1,bronzong,Bronzong,5,5,tier3,representative-exact-tier
elite4:elite4:波琵,gen9,elite4:帕底亚地区:波琵:2,波琵,2,2,bastiodon,Bastiodon,5,5,tier4,representative-exact-tier
elite4:elite4:波琵,gen9,elite4:帕底亚地区:波琵:2,波琵,2,3,magnezone,Magnezone,6,6,tier4,representative-exact-tier
elite4:elite4:波琵,gen9,elite4:帕底亚地区:波琵:2,波琵,3,1,bronzong,Bronzong,5,5,tier3,representative-exact-tier
elite4:elite4:波琵,gen9,elite4:帕底亚地区:波琵:2,波琵,3,2,bastiodon,Bastiodon,5,5,tier4,representative-exact-tier
elite4:elite4:波琵,gen9,elite4:帕底亚地区:波琵:2,波琵,3,3,magnezone,Magnezone,6,6,tier4,representative-exact-tier
elite4:elite4:波琵,gen9,elite4:帕底亚地区:波琵:2,波琵,4,1,bronzong,Bronzong,5,5,tier3,representative-exact-tier
elite4:elite4:波琵,gen9,elite4:帕底亚地区:波琵:2,波琵,4,2,bastiodon,Bastiodon,5,5,tier4,representative-exact-tier
elite4:elite4:波琵,gen9,elite4:帕底亚地区:波琵:2,波琵,4,3,magnezone,Magnezone,6,6,tier4,representative-exact-tier
elite4:elite4:青木,none,elite4:帕底亚地区:青木:3,青木,1,1,staraptor,Staraptor,5,5,tier3,representative-exact-tier
elite4:elite4:青木,none,elite4:帕底亚地区:青木:3,青木,1,2,dudunsparce,Dudunsparce,5,5,tier4,representative-exact-tier
elite4:elite4:青木,none,elite4:帕底亚地区:青木:3,青木,1,3,braviary,Braviary,6,6,tier4,representative-exact-tier
elite4:elite4:青木,none,elite4:帕底亚地区:青木:3,青木,2,1,staraptor,Staraptor,5,5,tier3,representative-exact-tier
elite4:elite4:青木,none,elite4:帕底亚地区:青木:3,青木,2,2,dudunsparce,Dudunsparce,5,5,tier4,representative-exact-tier
elite4:elite4:青木,none,elite4:帕底亚地区:青木:3,青木,2,3,braviary,Braviary,6,6,tier4,representative-exact-tier
elite4:elite4:青木,none,elite4:帕底亚地区:青木:3,青木,3,1,staraptor,Staraptor,5,5,tier3,representative-exact-tier
elite4:elite4:青木,none,elite4:帕底亚地区:青木:3,青木,3,2,dudunsparce,Dudunsparce,5,5,tier4,representative-exact-tier
elite4:elite4:青木,none,elite4:帕底亚地区:青木:3,青木,3,3,braviary,Braviary,6,6,tier4,representative-exact-tier
elite4:elite4:青木,none,elite4:帕底亚地区:青木:3,青木,4,1,staraptor,Staraptor,5,5,tier3,representative-exact-tier
elite4:elite4:青木,none,elite4:帕底亚地区:青木:3,青木,4,2,dudunsparce,Dudunsparce,5,5,tier4,representative-exact-tier
elite4:elite4:青木,none,elite4:帕底亚地区:青木:3,青木,4,3,braviary,Braviary,6,6,tier4,representative-exact-tier
elite4:elite4:青木,gen7,elite4:帕底亚地区:青木:3,青木,1,1,staraptor,Staraptor,5,5,tier3,representative-exact-tier
elite4:elite4:青木,gen7,elite4:帕底亚地区:青木:3,青木,1,2,altaria,Altaria,5,5,tier4,representative-exact-tier
elite4:elite4:青木,gen7,elite4:帕底亚地区:青木:3,青木,1,3,braviary,Braviary,6,6,tier4,representative-exact-tier
elite4:elite4:青木,gen7,elite4:帕底亚地区:青木:3,青木,2,1,staraptor,Staraptor,5,5,tier3,representative-exact-tier
elite4:elite4:青木,gen7,elite4:帕底亚地区:青木:3,青木,2,2,altaria,Altaria,5,5,tier4,representative-exact-tier
elite4:elite4:青木,gen7,elite4:帕底亚地区:青木:3,青木,2,3,braviary,Braviary,6,6,tier4,representative-exact-tier
elite4:elite4:青木,gen7,elite4:帕底亚地区:青木:3,青木,3,1,staraptor,Staraptor,5,5,tier3,representative-exact-tier
elite4:elite4:青木,gen7,elite4:帕底亚地区:青木:3,青木,3,2,altaria,Altaria,5,5,tier4,representative-exact-tier
elite4:elite4:青木,gen7,elite4:帕底亚地区:青木:3,青木,3,3,braviary,Braviary,6,6,tier4,representative-exact-tier
elite4:elite4:青木,gen7,elite4:帕底亚地区:青木:3,青木,4,1,staraptor,Staraptor,5,5,tier3,representative-exact-tier
elite4:elite4:青木,gen7,elite4:帕底亚地区:青木:3,青木,4,2,altaria,Altaria,5,5,tier4,representative-exact-tier
elite4:elite4:青木,gen7,elite4:帕底亚地区:青木:3,青木,4,3,braviary,Braviary,6,6,tier4,representative-exact-tier
elite4:elite4:青木,gen8,elite4:帕底亚地区:青木:3,青木,1,1,staraptor,Staraptor,5,5,tier3,representative-exact-tier
elite4:elite4:青木,gen8,elite4:帕底亚地区:青木:3,青木,1,2,altaria,Altaria,5,5,tier4,representative-exact-tier
elite4:elite4:青木,gen8,elite4:帕底亚地区:青木:3,青木,1,3,charizard,Charizard,6,6,tier4,gmax-system-fill-theme
elite4:elite4:青木,gen8,elite4:帕底亚地区:青木:3,青木,2,1,staraptor,Staraptor,5,5,tier3,representative-exact-tier
elite4:elite4:青木,gen8,elite4:帕底亚地区:青木:3,青木,2,2,altaria,Altaria,5,5,tier4,representative-exact-tier
elite4:elite4:青木,gen8,elite4:帕底亚地区:青木:3,青木,2,3,charizard,Charizard,6,6,tier4,gmax-system-fill-theme
elite4:elite4:青木,gen8,elite4:帕底亚地区:青木:3,青木,3,1,staraptor,Staraptor,5,5,tier3,representative-exact-tier
elite4:elite4:青木,gen8,elite4:帕底亚地区:青木:3,青木,3,2,altaria,Altaria,5,5,tier4,representative-exact-tier
elite4:elite4:青木,gen8,elite4:帕底亚地区:青木:3,青木,3,3,charizard,Charizard,6,6,tier4,gmax-system-fill-theme
elite4:elite4:青木,gen8,elite4:帕底亚地区:青木:3,青木,4,1,staraptor,Staraptor,5,5,tier3,representative-exact-tier
elite4:elite4:青木,gen8,elite4:帕底亚地区:青木:3,青木,4,2,altaria,Altaria,5,5,tier4,representative-exact-tier
elite4:elite4:青木,gen8,elite4:帕底亚地区:青木:3,青木,4,3,charizard,Charizard,6,6,tier4,gmax-system-fill-theme
elite4:elite4:青木,gen9,elite4:帕底亚地区:青木:3,青木,1,1,staraptor,Staraptor,5,5,tier3,representative-exact-tier
elite4:elite4:青木,gen9,elite4:帕底亚地区:青木:3,青木,1,2,dudunsparce,Dudunsparce,5,5,tier4,representative-exact-tier
elite4:elite4:青木,gen9,elite4:帕底亚地区:青木:3,青木,1,3,braviary,Braviary,6,6,tier4,representative-exact-tier
elite4:elite4:青木,gen9,elite4:帕底亚地区:青木:3,青木,2,1,staraptor,Staraptor,5,5,tier3,representative-exact-tier
elite4:elite4:青木,gen9,elite4:帕底亚地区:青木:3,青木,2,2,dudunsparce,Dudunsparce,5,5,tier4,representative-exact-tier
elite4:elite4:青木,gen9,elite4:帕底亚地区:青木:3,青木,2,3,braviary,Braviary,6,6,tier4,representative-exact-tier
elite4:elite4:青木,gen9,elite4:帕底亚地区:青木:3,青木,3,1,staraptor,Staraptor,5,5,tier3,representative-exact-tier
elite4:elite4:青木,gen9,elite4:帕底亚地区:青木:3,青木,3,2,dudunsparce,Dudunsparce,5,5,tier4,representative-exact-tier
elite4:elite4:青木,gen9,elite4:帕底亚地区:青木:3,青木,3,3,braviary,Braviary,6,6,tier4,representative-exact-tier
elite4:elite4:青木,gen9,elite4:帕底亚地区:青木:3,青木,4,1,staraptor,Staraptor,5,5,tier3,representative-exact-tier
elite4:elite4:青木,gen9,elite4:帕底亚地区:青木:3,青木,4,2,dudunsparce,Dudunsparce,5,5,tier4,representative-exact-tier
elite4:elite4:青木,gen9,elite4:帕底亚地区:青木:3,青木,4,3,braviary,Braviary,6,6,tier4,representative-exact-tier
elite4:elite4:八朔,none,elite4:帕底亚地区:八朔:4,八朔,1,1,dragalge,Dragalge,5,5,tier3,representative-exact-tier
elite4:elite4:八朔,none,elite4:帕底亚地区:八朔:4,八朔,1,2,noivern,Noivern,6,5,tier4,representative-near-tier
elite4:elite4:八朔,none,elite4:帕底亚地区:八朔:4,八朔,1,3,haxorus,Haxorus,6,6,tier4,representative-exact-tier
elite4:elite4:八朔,none,elite4:帕底亚地区:八朔:4,八朔,2,1,dragalge,Dragalge,5,5,tier3,representative-exact-tier
elite4:elite4:八朔,none,elite4:帕底亚地区:八朔:4,八朔,2,2,noivern,Noivern,6,5,tier4,representative-near-tier
elite4:elite4:八朔,none,elite4:帕底亚地区:八朔:4,八朔,2,3,haxorus,Haxorus,6,6,tier4,representative-exact-tier
elite4:elite4:八朔,none,elite4:帕底亚地区:八朔:4,八朔,3,1,dragalge,Dragalge,5,5,tier3,representative-exact-tier
elite4:elite4:八朔,none,elite4:帕底亚地区:八朔:4,八朔,3,2,noivern,Noivern,6,5,tier4,representative-near-tier
elite4:elite4:八朔,none,elite4:帕底亚地区:八朔:4,八朔,3,3,haxorus,Haxorus,6,6,tier4,representative-exact-tier
elite4:elite4:八朔,none,elite4:帕底亚地区:八朔:4,八朔,4,1,dragalge,Dragalge,5,5,tier3,representative-exact-tier
elite4:elite4:八朔,none,elite4:帕底亚地区:八朔:4,八朔,4,2,noivern,Noivern,6,5,tier4,representative-near-tier
elite4:elite4:八朔,none,elite4:帕底亚地区:八朔:4,八朔,4,3,haxorus,Haxorus,6,6,tier4,representative-exact-tier
elite4:elite4:八朔,gen7,elite4:帕底亚地区:八朔:4,八朔,1,1,dragalge,Dragalge,5,5,tier3,representative-exact-tier
elite4:elite4:八朔,gen7,elite4:帕底亚地区:八朔:4,八朔,1,2,noivern,Noivern,6,5,tier4,representative-near-tier
elite4:elite4:八朔,gen7,elite4:帕底亚地区:八朔:4,八朔,1,3,aerodactyl,Aerodactyl,6,6,tier4,mega-system-fill-theme
elite4:elite4:八朔,gen7,elite4:帕底亚地区:八朔:4,八朔,2,1,dragalge,Dragalge,5,5,tier3,representative-exact-tier
elite4:elite4:八朔,gen7,elite4:帕底亚地区:八朔:4,八朔,2,2,noivern,Noivern,6,5,tier4,representative-near-tier
elite4:elite4:八朔,gen7,elite4:帕底亚地区:八朔:4,八朔,2,3,aerodactyl,Aerodactyl,6,6,tier4,mega-system-fill-theme
elite4:elite4:八朔,gen7,elite4:帕底亚地区:八朔:4,八朔,3,1,dragalge,Dragalge,5,5,tier3,representative-exact-tier
elite4:elite4:八朔,gen7,elite4:帕底亚地区:八朔:4,八朔,3,2,noivern,Noivern,6,5,tier4,representative-near-tier
elite4:elite4:八朔,gen7,elite4:帕底亚地区:八朔:4,八朔,3,3,aerodactyl,Aerodactyl,6,6,tier4,mega-system-fill-theme
elite4:elite4:八朔,gen7,elite4:帕底亚地区:八朔:4,八朔,4,1,dragalge,Dragalge,5,5,tier3,representative-exact-tier
elite4:elite4:八朔,gen7,elite4:帕底亚地区:八朔:4,八朔,4,2,noivern,Noivern,6,5,tier4,representative-near-tier
elite4:elite4:八朔,gen7,elite4:帕底亚地区:八朔:4,八朔,4,3,aerodactyl,Aerodactyl,6,6,tier4,mega-system-fill-theme
elite4:elite4:八朔,gen8,elite4:帕底亚地区:八朔:4,八朔,1,1,dragalge,Dragalge,5,5,tier3,representative-exact-tier
elite4:elite4:八朔,gen8,elite4:帕底亚地区:八朔:4,八朔,1,2,noivern,Noivern,6,5,tier4,representative-near-tier
elite4:elite4:八朔,gen8,elite4:帕底亚地区:八朔:4,八朔,1,3,charizard,Charizard,6,6,tier4,gmax-system-fill-theme
elite4:elite4:八朔,gen8,elite4:帕底亚地区:八朔:4,八朔,2,1,dragalge,Dragalge,5,5,tier3,representative-exact-tier
elite4:elite4:八朔,gen8,elite4:帕底亚地区:八朔:4,八朔,2,2,noivern,Noivern,6,5,tier4,representative-near-tier
elite4:elite4:八朔,gen8,elite4:帕底亚地区:八朔:4,八朔,2,3,charizard,Charizard,6,6,tier4,gmax-system-fill-theme
elite4:elite4:八朔,gen8,elite4:帕底亚地区:八朔:4,八朔,3,1,dragalge,Dragalge,5,5,tier3,representative-exact-tier
elite4:elite4:八朔,gen8,elite4:帕底亚地区:八朔:4,八朔,3,2,noivern,Noivern,6,5,tier4,representative-near-tier
elite4:elite4:八朔,gen8,elite4:帕底亚地区:八朔:4,八朔,3,3,charizard,Charizard,6,6,tier4,gmax-system-fill-theme
elite4:elite4:八朔,gen8,elite4:帕底亚地区:八朔:4,八朔,4,1,dragalge,Dragalge,5,5,tier3,representative-exact-tier
elite4:elite4:八朔,gen8,elite4:帕底亚地区:八朔:4,八朔,4,2,noivern,Noivern,6,5,tier4,representative-near-tier
elite4:elite4:八朔,gen8,elite4:帕底亚地区:八朔:4,八朔,4,3,charizard,Charizard,6,6,tier4,gmax-system-fill-theme
elite4:elite4:八朔,gen9,elite4:帕底亚地区:八朔:4,八朔,1,1,dragalge,Dragalge,5,5,tier3,representative-exact-tier
elite4:elite4:八朔,gen9,elite4:帕底亚地区:八朔:4,八朔,1,2,noivern,Noivern,6,5,tier4,representative-near-tier
elite4:elite4:八朔,gen9,elite4:帕底亚地区:八朔:4,八朔,1,3,haxorus,Haxorus,6,6,tier4,representative-exact-tier
elite4:elite4:八朔,gen9,elite4:帕底亚地区:八朔:4,八朔,2,1,dragalge,Dragalge,5,5,tier3,representative-exact-tier
elite4:elite4:八朔,gen9,elite4:帕底亚地区:八朔:4,八朔,2,2,noivern,Noivern,6,5,tier4,representative-near-tier
elite4:elite4:八朔,gen9,elite4:帕底亚地区:八朔:4,八朔,2,3,haxorus,Haxorus,6,6,tier4,representative-exact-tier
elite4:elite4:八朔,gen9,elite4:帕底亚地区:八朔:4,八朔,3,1,dragalge,Dragalge,5,5,tier3,representative-exact-tier
elite4:elite4:八朔,gen9,elite4:帕底亚地区:八朔:4,八朔,3,2,noivern,Noivern,6,5,tier4,representative-near-tier
elite4:elite4:八朔,gen9,elite4:帕底亚地区:八朔:4,八朔,3,3,haxorus,Haxorus,6,6,tier4,representative-exact-tier
elite4:elite4:八朔,gen9,elite4:帕底亚地区:八朔:4,八朔,4,1,dragalge,Dragalge,5,5,tier3,representative-exact-tier
elite4:elite4:八朔,gen9,elite4:帕底亚地区:八朔:4,八朔,4,2,noivern,Noivern,6,5,tier4,representative-near-tier
elite4:elite4:八朔,gen9,elite4:帕底亚地区:八朔:4,八朔,4,3,haxorus,Haxorus,6,6,tier4,representative-exact-tier
champion:champion:也慈,none,champion:帕底亚地区:也慈:1,也慈,1,1,dondozo,Dondozo,5,5,champion,tier-fill
champion:champion:也慈,none,champion:帕底亚地区:也慈:1,也慈,1,2,haxorus,Haxorus,6,6,champion,tier-fill
champion:champion:也慈,none,champion:帕底亚地区:也慈:1,也慈,1,3,ferrothorn,Ferrothorn,6,6,champion,tier-fill
champion:champion:也慈,none,champion:帕底亚地区:也慈:1,也慈,2,1,gourgeistlarge,Gourgeist-Large,5,5,champion,tier-fill
champion:champion:也慈,none,champion:帕底亚地区:也慈:1,也慈,2,2,magmortar,Magmortar,6,6,champion,tier-fill
champion:champion:也慈,none,champion:帕底亚地区:也慈:1,也慈,2,3,probopass,Probopass,6,6,champion,tier-fill
champion:champion:也慈,none,champion:帕底亚地区:也慈:1,也慈,3,1,klefki,Klefki,5,5,champion,tier-fill
champion:champion:也慈,none,champion:帕底亚地区:也慈:1,也慈,3,2,baxcalibur,Baxcalibur,6,6,champion,tier-fill
champion:champion:也慈,none,champion:帕底亚地区:也慈:1,也慈,3,3,celesteela,Celesteela,6,6,champion,tier-fill
champion:champion:也慈,none,champion:帕底亚地区:也慈:1,也慈,4,1,pyroar,Pyroar,5,5,champion,tier-fill
champion:champion:也慈,none,champion:帕底亚地区:也慈:1,也慈,4,2,nidoking,Nidoking,6,6,champion,tier-fill
champion:champion:也慈,none,champion:帕底亚地区:也慈:1,也慈,4,3,aggron,Aggron,6,6,champion,tier-fill
champion:champion:也慈,gen7,champion:帕底亚地区:也慈:1,也慈,1,1,abomasnow,Abomasnow,5,5,champion,tier-fill
champion:champion:也慈,gen7,champion:帕底亚地区:也慈:1,也慈,1,2,pheromosa,Pheromosa,6,6,champion,tier-fill
champion:champion:也慈,gen7,champion:帕底亚地区:也慈:1,也慈,1,3,drapion,Drapion,6,6,champion,tier-fill
champion:champion:也慈,gen7,champion:帕底亚地区:也慈:1,也慈,2,1,vileplume,Vileplume,5,5,champion,tier-fill
champion:champion:也慈,gen7,champion:帕底亚地区:也慈:1,也慈,2,2,tentacruel,Tentacruel,6,6,champion,tier-fill
champion:champion:也慈,gen7,champion:帕底亚地区:也慈:1,也慈,2,3,aerodactyl,Aerodactyl,6,6,champion,mega-system-fill
champion:champion:也慈,gen7,champion:帕底亚地区:也慈:1,也慈,3,1,druddigon,Druddigon,5,5,champion,tier-fill
champion:champion:也慈,gen7,champion:帕底亚地区:也慈:1,也慈,3,2,rhyperior,Rhyperior,6,6,champion,tier-fill
champion:champion:也慈,gen7,champion:帕底亚地区:也慈:1,也慈,3,3,gallade,Gallade,6,6,champion,tier-fill
champion:champion:也慈,gen7,champion:帕底亚地区:也慈:1,也慈,4,1,lycanrocmidnight,Lycanroc-Midnight,5,5,champion,tier-fill
champion:champion:也慈,gen7,champion:帕底亚地区:也慈:1,也慈,4,2,sceptile,Sceptile,6,6,champion,tier-fill
champion:champion:也慈,gen7,champion:帕底亚地区:也慈:1,也慈,4,3,mukalola,Muk-Alola,6,6,champion,tier-fill
champion:champion:也慈,gen8,champion:帕底亚地区:也慈:1,也慈,1,1,gourgeist,Gourgeist,5,5,champion,tier-fill
champion:champion:也慈,gen8,champion:帕底亚地区:也慈:1,也慈,1,2,chesnaught,Chesnaught,6,6,champion,tier-fill
champion:champion:也慈,gen8,champion:帕底亚地区:也慈:1,也慈,1,3,machamp,Machamp,6,6,champion,gmax-system-fill
champion:champion:也慈,gen8,champion:帕底亚地区:也慈:1,也慈,2,1,scrafty,Scrafty,5,5,champion,tier-fill
champion:champion:也慈,gen8,champion:帕底亚地区:也慈:1,也慈,2,2,hippowdon,Hippowdon,6,6,champion,tier-fill
champion:champion:也慈,gen8,champion:帕底亚地区:也慈:1,也慈,2,3,venusaur,Venusaur,6,6,champion,gmax-system-fill
champion:champion:也慈,gen8,champion:帕底亚地区:也慈:1,也慈,3,1,dragalge,Dragalge,5,5,champion,tier-fill
champion:champion:也慈,gen8,champion:帕底亚地区:也慈:1,也慈,3,2,toxapex,Toxapex,6,6,champion,tier-fill
champion:champion:也慈,gen8,champion:帕底亚地区:也慈:1,也慈,3,3,charizard,Charizard,6,6,champion,gmax-system-fill
champion:champion:也慈,gen8,champion:帕底亚地区:也慈:1,也慈,4,1,basculegion,Basculegion,5,5,champion,tier-fill
champion:champion:也慈,gen8,champion:帕底亚地区:也慈:1,也慈,4,2,tsareena,Tsareena,6,6,champion,tier-fill
champion:champion:也慈,gen8,champion:帕底亚地区:也慈:1,也慈,4,3,machamp,Machamp,6,6,champion,gmax-system-fill
champion:champion:也慈,gen9,champion:帕底亚地区:也慈:1,也慈,1,1,heliolisk,Heliolisk,5,5,champion,tier-fill
champion:champion:也慈,gen9,champion:帕底亚地区:也慈:1,也慈,1,2,roserade,Roserade,6,6,champion,tier-fill
champion:champion:也慈,gen9,champion:帕底亚地区:也慈:1,也慈,1,3,emboar,Emboar,6,6,champion,tier-fill
champion:champion:也慈,gen9,champion:帕底亚地区:也慈:1,也慈,2,1,houndoom,Houndoom,5,5,champion,tier-fill
champion:champion:也慈,gen9,champion:帕底亚地区:也慈:1,也慈,2,2,honchkrow,Honchkrow,6,6,champion,tier-fill
champion:champion:也慈,gen9,champion:帕底亚地区:也慈:1,也慈,2,3,minior,Minior,6,6,champion,tier-fill
champion:champion:也慈,gen9,champion:帕底亚地区:也慈:1,也慈,3,1,glimmora,Glimmora,5,5,champion,tier-fill
champion:champion:也慈,gen9,champion:帕底亚地区:也慈:1,也慈,3,2,ursaluna,Ursaluna,6,6,champion,tier-fill
champion:champion:也慈,gen9,champion:帕底亚地区:也慈:1,也慈,3,3,emboar,Emboar,6,6,champion,tier-fill
champion:champion:也慈,gen9,champion:帕底亚地区:也慈:1,也慈,4,1,leavanny,Leavanny,5,5,champion,tier-fill
champion:champion:也慈,gen9,champion:帕底亚地区:也慈:1,也慈,4,2,umbreon,Umbreon,6,6,champion,tier-fill
champion:champion:也慈,gen9,champion:帕底亚地区:也慈:1,也慈,4,3,steelix,Steelix,6,6,champion,tier-fill
champion:champion:妮莫,none,champion:帕底亚地区:妮莫:2,妮莫,1,1,manectric,Manectric,5,5,champion,tier-fill
champion:champion:妮莫,none,champion:帕底亚地区:妮莫:2,妮莫,1,2,delphox,Delphox,6,6,champion,tier-fill
champion:champion:妮莫,none,champion:帕底亚地区:妮莫:2,妮莫,1,3,heracross,Heracross,6,6,champion,tier-fill
champion:champion:妮莫,none,champion:帕底亚地区:妮莫:2,妮莫,2,1,skarmory,Skarmory,5,5,champion,tier-fill
champion:champion:妮莫,none,champion:帕底亚地区:妮莫:2,妮莫,2,2,chandelure,Chandelure,6,6,champion,tier-fill
champion:champion:妮莫,none,champion:帕底亚地区:妮莫:2,妮莫,2,3,tsareena,Tsareena,6,6,champion,tier-fill
champion:champion:妮莫,none,champion:帕底亚地区:妮莫:2,妮莫,3,1,meowscarada,Meowscarada,5,5,champion,tier-fill
champion:champion:妮莫,none,champion:帕底亚地区:妮莫:2,妮莫,3,2,swampert,Swampert,6,6,champion,tier-fill
champion:champion:妮莫,none,champion:帕底亚地区:妮莫:2,妮莫,3,3,infernape,Infernape,6,6,champion,tier-fill
champion:champion:妮莫,none,champion:帕底亚地区:妮莫:2,妮莫,4,1,miltank,Miltank,5,5,champion,tier-fill
champion:champion:妮莫,none,champion:帕底亚地区:妮莫:2,妮莫,4,2,leafeon,Leafeon,6,6,champion,tier-fill
champion:champion:妮莫,none,champion:帕底亚地区:妮莫:2,妮莫,4,3,baxcalibur,Baxcalibur,6,6,champion,tier-fill
champion:champion:妮莫,gen7,champion:帕底亚地区:妮莫:2,妮莫,1,1,palossand,Palossand,5,5,champion,tier-fill
champion:champion:妮莫,gen7,champion:帕底亚地区:妮莫:2,妮莫,1,2,weavile,Weavile,6,6,champion,tier-fill
champion:champion:妮莫,gen7,champion:帕底亚地区:妮莫:2,妮莫,1,3,charizard,Charizard,6,6,champion,tier-fill
champion:champion:妮莫,gen7,champion:帕底亚地区:妮莫:2,妮莫,2,1,chansey,Chansey,5,5,champion,tier-fill
champion:champion:妮莫,gen7,champion:帕底亚地区:妮莫:2,妮莫,2,2,gallade,Gallade,6,6,champion,tier-fill
champion:champion:妮莫,gen7,champion:帕底亚地区:妮莫:2,妮莫,2,3,gengar,Gengar,6,6,champion,tier-fill
champion:champion:妮莫,gen7,champion:帕底亚地区:妮莫:2,妮莫,3,1,slowbro,Slowbro,5,5,champion,tier-fill
champion:champion:妮莫,gen7,champion:帕底亚地区:妮莫:2,妮莫,3,2,klinklang,Klinklang,6,6,champion,tier-fill
champion:champion:妮莫,gen7,champion:帕底亚地区:妮莫:2,妮莫,3,3,tsareena,Tsareena,6,6,champion,tier-fill
champion:champion:妮莫,gen7,champion:帕底亚地区:妮莫:2,妮莫,4,1,dodrio,Dodrio,5,5,champion,tier-fill
champion:champion:妮莫,gen7,champion:帕底亚地区:妮莫:2,妮莫,4,2,guzzlord,Guzzlord,6,6,champion,tier-fill
champion:champion:妮莫,gen7,champion:帕底亚地区:妮莫:2,妮莫,4,3,aggron,Aggron,6,6,champion,mega-system-fill
champion:champion:妮莫,gen8,champion:帕底亚地区:妮莫:2,妮莫,1,1,golduck,Golduck,5,5,champion,tier-fill
champion:champion:妮莫,gen8,champion:帕底亚地区:妮莫:2,妮莫,1,2,probopass,Probopass,6,6,champion,tier-fill
champion:champion:妮莫,gen8,champion:帕底亚地区:妮莫:2,妮莫,1,3,lapras,Lapras,6,6,champion,gmax-system-fill
champion:champion:妮莫,gen8,champion:帕底亚地区:妮莫:2,妮莫,2,1,lycanroc,Lycanroc,5,5,champion,tier-fill
champion:champion:妮莫,gen8,champion:帕底亚地区:妮莫:2,妮莫,2,2,tyrantrum,Tyrantrum,6,6,champion,tier-fill
champion:champion:妮莫,gen8,champion:帕底亚地区:妮莫:2,妮莫,2,3,lapras,Lapras,6,6,champion,gmax-system-fill
champion:champion:妮莫,gen8,champion:帕底亚地区:妮莫:2,妮莫,3,1,crustle,Crustle,5,5,champion,tier-fill
champion:champion:妮莫,gen8,champion:帕底亚地区:妮莫:2,妮莫,3,2,mudsdale,Mudsdale,6,6,champion,tier-fill
champion:champion:妮莫,gen8,champion:帕底亚地区:妮莫:2,妮莫,3,3,gengar,Gengar,6,6,champion,gmax-system-fill
champion:champion:妮莫,gen8,champion:帕底亚地区:妮莫:2,妮莫,4,1,kangaskhan,Kangaskhan,5,5,champion,tier-fill
champion:champion:妮莫,gen8,champion:帕底亚地区:妮莫:2,妮莫,4,2,empoleon,Empoleon,6,6,champion,tier-fill
champion:champion:妮莫,gen8,champion:帕底亚地区:妮莫:2,妮莫,4,3,machamp,Machamp,6,6,champion,gmax-system-fill
champion:champion:妮莫,gen9,champion:帕底亚地区:妮莫:2,妮莫,1,1,typhlosionhisui,Typhlosion-Hisui,5,5,champion,tier-fill
champion:champion:妮莫,gen9,champion:帕底亚地区:妮莫:2,妮莫,1,2,ironvaliant,Iron Valiant,6,6,champion,tier-fill
champion:champion:妮莫,gen9,champion:帕底亚地区:妮莫:2,妮莫,1,3,honchkrow,Honchkrow,6,6,champion,tier-fill
champion:champion:妮莫,gen9,champion:帕底亚地区:妮莫:2,妮莫,2,1,glimmora,Glimmora,5,5,champion,tier-fill
champion:champion:妮莫,gen9,champion:帕底亚地区:妮莫:2,妮莫,2,2,sandyshocks,Sandy Shocks,6,6,champion,tier-fill
champion:champion:妮莫,gen9,champion:帕底亚地区:妮莫:2,妮莫,2,3,goodrahisui,Goodra-Hisui,6,6,champion,tier-fill
champion:champion:妮莫,gen9,champion:帕底亚地区:妮莫:2,妮莫,3,1,simisear,Simisear,5,5,champion,tier-fill
champion:champion:妮莫,gen9,champion:帕底亚地区:妮莫:2,妮莫,3,2,ninetalesalola,Ninetales-Alola,6,6,champion,tier-fill
champion:champion:妮莫,gen9,champion:帕底亚地区:妮莫:2,妮莫,3,3,ironmoth,Iron Moth,6,6,champion,tier-fill
champion:champion:妮莫,gen9,champion:帕底亚地区:妮莫:2,妮莫,4,1,dudunsparce,Dudunsparce,5,5,champion,tier-fill
champion:champion:妮莫,gen9,champion:帕底亚地区:妮莫:2,妮莫,4,2,kommoo,Kommo-o,6,6,champion,tier-fill
champion:champion:妮莫,gen9,champion:帕底亚地区:妮莫:2,妮莫,4,3,ironleaves,Iron Leaves,6,6,champion,tier-fill
elite4:elite4:赤松,none,elite4:蓝莓学园:赤松:1,赤松,1,1,talonflame,Talonflame,6,5,tier3,representative-near-tier
elite4:elite4:赤松,none,elite4:蓝莓学园:赤松:1,赤松,1,2,exeggutor,Exeggutor,6,5,tier4,representative-near-tier
elite4:elite4:赤松,none,elite4:蓝莓学园:赤松:1,赤松,1,3,magmortar,Magmortar,6,6,tier4,representative-exact-tier
elite4:elite4:赤松,none,elite4:蓝莓学园:赤松:1,赤松,2,1,talonflame,Talonflame,6,5,tier3,representative-near-tier
elite4:elite4:赤松,none,elite4:蓝莓学园:赤松:1,赤松,2,2,exeggutor,Exeggutor,6,5,tier4,representative-near-tier
elite4:elite4:赤松,none,elite4:蓝莓学园:赤松:1,赤松,2,3,magmortar,Magmortar,6,6,tier4,representative-exact-tier
elite4:elite4:赤松,none,elite4:蓝莓学园:赤松:1,赤松,3,1,talonflame,Talonflame,6,5,tier3,representative-near-tier
elite4:elite4:赤松,none,elite4:蓝莓学园:赤松:1,赤松,3,2,exeggutor,Exeggutor,6,5,tier4,representative-near-tier
elite4:elite4:赤松,none,elite4:蓝莓学园:赤松:1,赤松,3,3,magmortar,Magmortar,6,6,tier4,representative-exact-tier
elite4:elite4:赤松,none,elite4:蓝莓学园:赤松:1,赤松,4,1,talonflame,Talonflame,6,5,tier3,representative-near-tier
elite4:elite4:赤松,none,elite4:蓝莓学园:赤松:1,赤松,4,2,exeggutor,Exeggutor,6,5,tier4,representative-near-tier
elite4:elite4:赤松,none,elite4:蓝莓学园:赤松:1,赤松,4,3,magmortar,Magmortar,6,6,tier4,representative-exact-tier
elite4:elite4:赤松,gen7,elite4:蓝莓学园:赤松:1,赤松,1,1,talonflame,Talonflame,6,5,tier3,representative-near-tier
elite4:elite4:赤松,gen7,elite4:蓝莓学园:赤松:1,赤松,1,2,exeggutor,Exeggutor,6,5,tier4,representative-near-tier
elite4:elite4:赤松,gen7,elite4:蓝莓学园:赤松:1,赤松,1,3,aerodactyl,Aerodactyl,6,6,tier4,mega-system-fill-theme
elite4:elite4:赤松,gen7,elite4:蓝莓学园:赤松:1,赤松,2,1,talonflame,Talonflame,6,5,tier3,representative-near-tier
elite4:elite4:赤松,gen7,elite4:蓝莓学园:赤松:1,赤松,2,2,exeggutor,Exeggutor,6,5,tier4,representative-near-tier
elite4:elite4:赤松,gen7,elite4:蓝莓学园:赤松:1,赤松,2,3,aerodactyl,Aerodactyl,6,6,tier4,mega-system-fill-theme
elite4:elite4:赤松,gen7,elite4:蓝莓学园:赤松:1,赤松,3,1,talonflame,Talonflame,6,5,tier3,representative-near-tier
elite4:elite4:赤松,gen7,elite4:蓝莓学园:赤松:1,赤松,3,2,exeggutor,Exeggutor,6,5,tier4,representative-near-tier
elite4:elite4:赤松,gen7,elite4:蓝莓学园:赤松:1,赤松,3,3,aerodactyl,Aerodactyl,6,6,tier4,mega-system-fill-theme
elite4:elite4:赤松,gen7,elite4:蓝莓学园:赤松:1,赤松,4,1,talonflame,Talonflame,6,5,tier3,representative-near-tier
elite4:elite4:赤松,gen7,elite4:蓝莓学园:赤松:1,赤松,4,2,exeggutor,Exeggutor,6,5,tier4,representative-near-tier
elite4:elite4:赤松,gen7,elite4:蓝莓学园:赤松:1,赤松,4,3,aerodactyl,Aerodactyl,6,6,tier4,mega-system-fill-theme
elite4:elite4:赤松,gen8,elite4:蓝莓学园:赤松:1,赤松,1,1,talonflame,Talonflame,6,5,tier3,representative-near-tier
elite4:elite4:赤松,gen8,elite4:蓝莓学园:赤松:1,赤松,1,2,exeggutor,Exeggutor,6,5,tier4,representative-near-tier
elite4:elite4:赤松,gen8,elite4:蓝莓学园:赤松:1,赤松,1,3,charizard,Charizard,6,6,tier4,gmax-system-fill-theme
elite4:elite4:赤松,gen8,elite4:蓝莓学园:赤松:1,赤松,2,1,talonflame,Talonflame,6,5,tier3,representative-near-tier
elite4:elite4:赤松,gen8,elite4:蓝莓学园:赤松:1,赤松,2,2,exeggutor,Exeggutor,6,5,tier4,representative-near-tier
elite4:elite4:赤松,gen8,elite4:蓝莓学园:赤松:1,赤松,2,3,charizard,Charizard,6,6,tier4,gmax-system-fill-theme
elite4:elite4:赤松,gen8,elite4:蓝莓学园:赤松:1,赤松,3,1,talonflame,Talonflame,6,5,tier3,representative-near-tier
elite4:elite4:赤松,gen8,elite4:蓝莓学园:赤松:1,赤松,3,2,exeggutor,Exeggutor,6,5,tier4,representative-near-tier
elite4:elite4:赤松,gen8,elite4:蓝莓学园:赤松:1,赤松,3,3,charizard,Charizard,6,6,tier4,gmax-system-fill-theme
elite4:elite4:赤松,gen8,elite4:蓝莓学园:赤松:1,赤松,4,1,talonflame,Talonflame,6,5,tier3,representative-near-tier
elite4:elite4:赤松,gen8,elite4:蓝莓学园:赤松:1,赤松,4,2,exeggutor,Exeggutor,6,5,tier4,representative-near-tier
elite4:elite4:赤松,gen8,elite4:蓝莓学园:赤松:1,赤松,4,3,charizard,Charizard,6,6,tier4,gmax-system-fill-theme
elite4:elite4:赤松,gen9,elite4:蓝莓学园:赤松:1,赤松,1,1,talonflame,Talonflame,6,5,tier3,representative-near-tier
elite4:elite4:赤松,gen9,elite4:蓝莓学园:赤松:1,赤松,1,2,exeggutor,Exeggutor,6,5,tier4,representative-near-tier
elite4:elite4:赤松,gen9,elite4:蓝莓学园:赤松:1,赤松,1,3,magmortar,Magmortar,6,6,tier4,representative-exact-tier
elite4:elite4:赤松,gen9,elite4:蓝莓学园:赤松:1,赤松,2,1,talonflame,Talonflame,6,5,tier3,representative-near-tier
elite4:elite4:赤松,gen9,elite4:蓝莓学园:赤松:1,赤松,2,2,exeggutor,Exeggutor,6,5,tier4,representative-near-tier
elite4:elite4:赤松,gen9,elite4:蓝莓学园:赤松:1,赤松,2,3,magmortar,Magmortar,6,6,tier4,representative-exact-tier
elite4:elite4:赤松,gen9,elite4:蓝莓学园:赤松:1,赤松,3,1,talonflame,Talonflame,6,5,tier3,representative-near-tier
elite4:elite4:赤松,gen9,elite4:蓝莓学园:赤松:1,赤松,3,2,exeggutor,Exeggutor,6,5,tier4,representative-near-tier
elite4:elite4:赤松,gen9,elite4:蓝莓学园:赤松:1,赤松,3,3,magmortar,Magmortar,6,6,tier4,representative-exact-tier
elite4:elite4:赤松,gen9,elite4:蓝莓学园:赤松:1,赤松,4,1,talonflame,Talonflame,6,5,tier3,representative-near-tier
elite4:elite4:赤松,gen9,elite4:蓝莓学园:赤松:1,赤松,4,2,exeggutor,Exeggutor,6,5,tier4,representative-near-tier
elite4:elite4:赤松,gen9,elite4:蓝莓学园:赤松:1,赤松,4,3,magmortar,Magmortar,6,6,tier4,representative-exact-tier
elite4:elite4:纳莉,none,elite4:蓝莓学园:纳莉:2,纳莉,1,1,skarmory,Skarmory,5,5,tier3,representative-exact-tier
elite4:elite4:纳莉,none,elite4:蓝莓学园:纳莉:2,纳莉,1,2,reuniclus,Reuniclus,5,5,tier4,representative-exact-tier
elite4:elite4:纳莉,none,elite4:蓝莓学园:纳莉:2,纳莉,1,3,empoleon,Empoleon,6,6,tier4,representative-exact-tier
elite4:elite4:纳莉,none,elite4:蓝莓学园:纳莉:2,纳莉,2,1,skarmory,Skarmory,5,5,tier3,representative-exact-tier
elite4:elite4:纳莉,none,elite4:蓝莓学园:纳莉:2,纳莉,2,2,reuniclus,Reuniclus,5,5,tier4,representative-exact-tier
elite4:elite4:纳莉,none,elite4:蓝莓学园:纳莉:2,纳莉,2,3,empoleon,Empoleon,6,6,tier4,representative-exact-tier
elite4:elite4:纳莉,none,elite4:蓝莓学园:纳莉:2,纳莉,3,1,skarmory,Skarmory,5,5,tier3,representative-exact-tier
elite4:elite4:纳莉,none,elite4:蓝莓学园:纳莉:2,纳莉,3,2,reuniclus,Reuniclus,5,5,tier4,representative-exact-tier
elite4:elite4:纳莉,none,elite4:蓝莓学园:纳莉:2,纳莉,3,3,empoleon,Empoleon,6,6,tier4,representative-exact-tier
elite4:elite4:纳莉,none,elite4:蓝莓学园:纳莉:2,纳莉,4,1,skarmory,Skarmory,5,5,tier3,representative-exact-tier
elite4:elite4:纳莉,none,elite4:蓝莓学园:纳莉:2,纳莉,4,2,reuniclus,Reuniclus,5,5,tier4,representative-exact-tier
elite4:elite4:纳莉,none,elite4:蓝莓学园:纳莉:2,纳莉,4,3,empoleon,Empoleon,6,6,tier4,representative-exact-tier
elite4:elite4:纳莉,gen7,elite4:蓝莓学园:纳莉:2,纳莉,1,1,skarmory,Skarmory,5,5,tier3,representative-exact-tier
elite4:elite4:纳莉,gen7,elite4:蓝莓学园:纳莉:2,纳莉,1,2,reuniclus,Reuniclus,5,5,tier4,representative-exact-tier
elite4:elite4:纳莉,gen7,elite4:蓝莓学园:纳莉:2,纳莉,1,3,aerodactyl,Aerodactyl,6,6,tier4,mega-system-fill-theme
elite4:elite4:纳莉,gen7,elite4:蓝莓学园:纳莉:2,纳莉,2,1,skarmory,Skarmory,5,5,tier3,representative-exact-tier
elite4:elite4:纳莉,gen7,elite4:蓝莓学园:纳莉:2,纳莉,2,2,reuniclus,Reuniclus,5,5,tier4,representative-exact-tier
elite4:elite4:纳莉,gen7,elite4:蓝莓学园:纳莉:2,纳莉,2,3,aerodactyl,Aerodactyl,6,6,tier4,mega-system-fill-theme
elite4:elite4:纳莉,gen7,elite4:蓝莓学园:纳莉:2,纳莉,3,1,skarmory,Skarmory,5,5,tier3,representative-exact-tier
elite4:elite4:纳莉,gen7,elite4:蓝莓学园:纳莉:2,纳莉,3,2,reuniclus,Reuniclus,5,5,tier4,representative-exact-tier
elite4:elite4:纳莉,gen7,elite4:蓝莓学园:纳莉:2,纳莉,3,3,aerodactyl,Aerodactyl,6,6,tier4,mega-system-fill-theme
elite4:elite4:纳莉,gen7,elite4:蓝莓学园:纳莉:2,纳莉,4,1,skarmory,Skarmory,5,5,tier3,representative-exact-tier
elite4:elite4:纳莉,gen7,elite4:蓝莓学园:纳莉:2,纳莉,4,2,reuniclus,Reuniclus,5,5,tier4,representative-exact-tier
elite4:elite4:纳莉,gen7,elite4:蓝莓学园:纳莉:2,纳莉,4,3,aerodactyl,Aerodactyl,6,6,tier4,mega-system-fill-theme
elite4:elite4:纳莉,gen8,elite4:蓝莓学园:纳莉:2,纳莉,1,1,skarmory,Skarmory,5,5,tier3,representative-exact-tier
elite4:elite4:纳莉,gen8,elite4:蓝莓学园:纳莉:2,纳莉,1,2,reuniclus,Reuniclus,5,5,tier4,representative-exact-tier
elite4:elite4:纳莉,gen8,elite4:蓝莓学园:纳莉:2,纳莉,1,3,blastoise,Blastoise,6,6,tier4,gmax-system-fill-theme
elite4:elite4:纳莉,gen8,elite4:蓝莓学园:纳莉:2,纳莉,2,1,skarmory,Skarmory,5,5,tier3,representative-exact-tier
elite4:elite4:纳莉,gen8,elite4:蓝莓学园:纳莉:2,纳莉,2,2,reuniclus,Reuniclus,5,5,tier4,representative-exact-tier
elite4:elite4:纳莉,gen8,elite4:蓝莓学园:纳莉:2,纳莉,2,3,blastoise,Blastoise,6,6,tier4,gmax-system-fill-theme
elite4:elite4:纳莉,gen8,elite4:蓝莓学园:纳莉:2,纳莉,3,1,skarmory,Skarmory,5,5,tier3,representative-exact-tier
elite4:elite4:纳莉,gen8,elite4:蓝莓学园:纳莉:2,纳莉,3,2,reuniclus,Reuniclus,5,5,tier4,representative-exact-tier
elite4:elite4:纳莉,gen8,elite4:蓝莓学园:纳莉:2,纳莉,3,3,blastoise,Blastoise,6,6,tier4,gmax-system-fill-theme
elite4:elite4:纳莉,gen8,elite4:蓝莓学园:纳莉:2,纳莉,4,1,skarmory,Skarmory,5,5,tier3,representative-exact-tier
elite4:elite4:纳莉,gen8,elite4:蓝莓学园:纳莉:2,纳莉,4,2,reuniclus,Reuniclus,5,5,tier4,representative-exact-tier
elite4:elite4:纳莉,gen8,elite4:蓝莓学园:纳莉:2,纳莉,4,3,blastoise,Blastoise,6,6,tier4,gmax-system-fill-theme
elite4:elite4:纳莉,gen9,elite4:蓝莓学园:纳莉:2,纳莉,1,1,skarmory,Skarmory,5,5,tier3,representative-exact-tier
elite4:elite4:纳莉,gen9,elite4:蓝莓学园:纳莉:2,纳莉,1,2,reuniclus,Reuniclus,5,5,tier4,representative-exact-tier
elite4:elite4:纳莉,gen9,elite4:蓝莓学园:纳莉:2,纳莉,1,3,empoleon,Empoleon,6,6,tier4,representative-exact-tier
elite4:elite4:纳莉,gen9,elite4:蓝莓学园:纳莉:2,纳莉,2,1,skarmory,Skarmory,5,5,tier3,representative-exact-tier
elite4:elite4:纳莉,gen9,elite4:蓝莓学园:纳莉:2,纳莉,2,2,reuniclus,Reuniclus,5,5,tier4,representative-exact-tier
elite4:elite4:纳莉,gen9,elite4:蓝莓学园:纳莉:2,纳莉,2,3,empoleon,Empoleon,6,6,tier4,representative-exact-tier
elite4:elite4:纳莉,gen9,elite4:蓝莓学园:纳莉:2,纳莉,3,1,skarmory,Skarmory,5,5,tier3,representative-exact-tier
elite4:elite4:纳莉,gen9,elite4:蓝莓学园:纳莉:2,纳莉,3,2,reuniclus,Reuniclus,5,5,tier4,representative-exact-tier
elite4:elite4:纳莉,gen9,elite4:蓝莓学园:纳莉:2,纳莉,3,3,empoleon,Empoleon,6,6,tier4,representative-exact-tier
elite4:elite4:纳莉,gen9,elite4:蓝莓学园:纳莉:2,纳莉,4,1,skarmory,Skarmory,5,5,tier3,representative-exact-tier
elite4:elite4:纳莉,gen9,elite4:蓝莓学园:纳莉:2,纳莉,4,2,reuniclus,Reuniclus,5,5,tier4,representative-exact-tier
elite4:elite4:纳莉,gen9,elite4:蓝莓学园:纳莉:2,纳莉,4,3,empoleon,Empoleon,6,6,tier4,representative-exact-tier
elite4:elite4:紫竽,none,elite4:蓝莓学园:紫竽:3,紫竽,1,1,whimsicott,Whimsicott,5,5,tier3,representative-exact-tier
elite4:elite4:紫竽,none,elite4:蓝莓学园:紫竽:3,紫竽,1,2,slowbro,Slowbro,5,5,tier4,representative-exact-tier
elite4:elite4:紫竽,none,elite4:蓝莓学园:紫竽:3,紫竽,1,3,primarina,Primarina,6,6,tier4,representative-exact-tier
elite4:elite4:紫竽,none,elite4:蓝莓学园:紫竽:3,紫竽,2,1,whimsicott,Whimsicott,5,5,tier3,representative-exact-tier
elite4:elite4:紫竽,none,elite4:蓝莓学园:紫竽:3,紫竽,2,2,slowbro,Slowbro,5,5,tier4,representative-exact-tier
elite4:elite4:紫竽,none,elite4:蓝莓学园:紫竽:3,紫竽,2,3,primarina,Primarina,6,6,tier4,representative-exact-tier
elite4:elite4:紫竽,none,elite4:蓝莓学园:紫竽:3,紫竽,3,1,whimsicott,Whimsicott,5,5,tier3,representative-exact-tier
elite4:elite4:紫竽,none,elite4:蓝莓学园:紫竽:3,紫竽,3,2,slowbro,Slowbro,5,5,tier4,representative-exact-tier
elite4:elite4:紫竽,none,elite4:蓝莓学园:紫竽:3,紫竽,3,3,primarina,Primarina,6,6,tier4,representative-exact-tier
elite4:elite4:紫竽,none,elite4:蓝莓学园:紫竽:3,紫竽,4,1,whimsicott,Whimsicott,5,5,tier3,representative-exact-tier
elite4:elite4:紫竽,none,elite4:蓝莓学园:紫竽:3,紫竽,4,2,slowbro,Slowbro,5,5,tier4,representative-exact-tier
elite4:elite4:紫竽,none,elite4:蓝莓学园:紫竽:3,紫竽,4,3,primarina,Primarina,6,6,tier4,representative-exact-tier
elite4:elite4:紫竽,gen7,elite4:蓝莓学园:紫竽:3,紫竽,1,1,whimsicott,Whimsicott,5,5,tier3,representative-exact-tier
elite4:elite4:紫竽,gen7,elite4:蓝莓学园:紫竽:3,紫竽,1,2,slowbro,Slowbro,5,5,tier4,representative-exact-tier
elite4:elite4:紫竽,gen7,elite4:蓝莓学园:紫竽:3,紫竽,1,3,primarina,Primarina,6,6,tier4,representative-exact-tier
elite4:elite4:紫竽,gen7,elite4:蓝莓学园:紫竽:3,紫竽,2,1,whimsicott,Whimsicott,5,5,tier3,representative-exact-tier
elite4:elite4:紫竽,gen7,elite4:蓝莓学园:紫竽:3,紫竽,2,2,slowbro,Slowbro,5,5,tier4,representative-exact-tier
elite4:elite4:紫竽,gen7,elite4:蓝莓学园:紫竽:3,紫竽,2,3,primarina,Primarina,6,6,tier4,representative-exact-tier
elite4:elite4:紫竽,gen7,elite4:蓝莓学园:紫竽:3,紫竽,3,1,whimsicott,Whimsicott,5,5,tier3,representative-exact-tier
elite4:elite4:紫竽,gen7,elite4:蓝莓学园:紫竽:3,紫竽,3,2,slowbro,Slowbro,5,5,tier4,representative-exact-tier
elite4:elite4:紫竽,gen7,elite4:蓝莓学园:紫竽:3,紫竽,3,3,primarina,Primarina,6,6,tier4,representative-exact-tier
elite4:elite4:紫竽,gen7,elite4:蓝莓学园:紫竽:3,紫竽,4,1,whimsicott,Whimsicott,5,5,tier3,representative-exact-tier
elite4:elite4:紫竽,gen7,elite4:蓝莓学园:紫竽:3,紫竽,4,2,slowbro,Slowbro,5,5,tier4,representative-exact-tier
elite4:elite4:紫竽,gen7,elite4:蓝莓学园:紫竽:3,紫竽,4,3,primarina,Primarina,6,6,tier4,representative-exact-tier
elite4:elite4:紫竽,gen8,elite4:蓝莓学园:紫竽:3,紫竽,1,1,whimsicott,Whimsicott,5,5,tier3,representative-exact-tier
elite4:elite4:紫竽,gen8,elite4:蓝莓学园:紫竽:3,紫竽,1,2,slowbro,Slowbro,5,5,tier4,representative-exact-tier
elite4:elite4:紫竽,gen8,elite4:蓝莓学园:紫竽:3,紫竽,1,3,blastoise,Blastoise,6,6,tier4,gmax-system-fill-theme
elite4:elite4:紫竽,gen8,elite4:蓝莓学园:紫竽:3,紫竽,2,1,whimsicott,Whimsicott,5,5,tier3,representative-exact-tier
elite4:elite4:紫竽,gen8,elite4:蓝莓学园:紫竽:3,紫竽,2,2,slowbro,Slowbro,5,5,tier4,representative-exact-tier
elite4:elite4:紫竽,gen8,elite4:蓝莓学园:紫竽:3,紫竽,2,3,blastoise,Blastoise,6,6,tier4,gmax-system-fill-theme
elite4:elite4:紫竽,gen8,elite4:蓝莓学园:紫竽:3,紫竽,3,1,whimsicott,Whimsicott,5,5,tier3,representative-exact-tier
elite4:elite4:紫竽,gen8,elite4:蓝莓学园:紫竽:3,紫竽,3,2,slowbro,Slowbro,5,5,tier4,representative-exact-tier
elite4:elite4:紫竽,gen8,elite4:蓝莓学园:紫竽:3,紫竽,3,3,blastoise,Blastoise,6,6,tier4,gmax-system-fill-theme
elite4:elite4:紫竽,gen8,elite4:蓝莓学园:紫竽:3,紫竽,4,1,whimsicott,Whimsicott,5,5,tier3,representative-exact-tier
elite4:elite4:紫竽,gen8,elite4:蓝莓学园:紫竽:3,紫竽,4,2,slowbro,Slowbro,5,5,tier4,representative-exact-tier
elite4:elite4:紫竽,gen8,elite4:蓝莓学园:紫竽:3,紫竽,4,3,blastoise,Blastoise,6,6,tier4,gmax-system-fill-theme
elite4:elite4:紫竽,gen9,elite4:蓝莓学园:紫竽:3,紫竽,1,1,whimsicott,Whimsicott,5,5,tier3,representative-exact-tier
elite4:elite4:紫竽,gen9,elite4:蓝莓学园:紫竽:3,紫竽,1,2,slowbro,Slowbro,5,5,tier4,representative-exact-tier
elite4:elite4:紫竽,gen9,elite4:蓝莓学园:紫竽:3,紫竽,1,3,primarina,Primarina,6,6,tier4,representative-exact-tier
elite4:elite4:紫竽,gen9,elite4:蓝莓学园:紫竽:3,紫竽,2,1,whimsicott,Whimsicott,5,5,tier3,representative-exact-tier
elite4:elite4:紫竽,gen9,elite4:蓝莓学园:紫竽:3,紫竽,2,2,slowbro,Slowbro,5,5,tier4,representative-exact-tier
elite4:elite4:紫竽,gen9,elite4:蓝莓学园:紫竽:3,紫竽,2,3,primarina,Primarina,6,6,tier4,representative-exact-tier
elite4:elite4:紫竽,gen9,elite4:蓝莓学园:紫竽:3,紫竽,3,1,whimsicott,Whimsicott,5,5,tier3,representative-exact-tier
elite4:elite4:紫竽,gen9,elite4:蓝莓学园:紫竽:3,紫竽,3,2,slowbro,Slowbro,5,5,tier4,representative-exact-tier
elite4:elite4:紫竽,gen9,elite4:蓝莓学园:紫竽:3,紫竽,3,3,primarina,Primarina,6,6,tier4,representative-exact-tier
elite4:elite4:紫竽,gen9,elite4:蓝莓学园:紫竽:3,紫竽,4,1,whimsicott,Whimsicott,5,5,tier3,representative-exact-tier
elite4:elite4:紫竽,gen9,elite4:蓝莓学园:紫竽:3,紫竽,4,2,slowbro,Slowbro,5,5,tier4,representative-exact-tier
elite4:elite4:紫竽,gen9,elite4:蓝莓学园:紫竽:3,紫竽,4,3,primarina,Primarina,6,6,tier4,representative-exact-tier
elite4:elite4:杜若,none,elite4:蓝莓学园:杜若:4,杜若,1,1,furfrou,Furfrou,5,5,tier3,representative-exact-tier
elite4:elite4:杜若,none,elite4:蓝莓学园:杜若:4,杜若,1,2,flygon,Flygon,6,5,tier4,representative-near-tier
elite4:elite4:杜若,none,elite4:蓝莓学园:杜若:4,杜若,1,3,dragonite,Dragonite,6,6,tier4,representative-exact-tier
elite4:elite4:杜若,none,elite4:蓝莓学园:杜若:4,杜若,2,1,furfrou,Furfrou,5,5,tier3,representative-exact-tier
elite4:elite4:杜若,none,elite4:蓝莓学园:杜若:4,杜若,2,2,flygon,Flygon,6,5,tier4,representative-near-tier
elite4:elite4:杜若,none,elite4:蓝莓学园:杜若:4,杜若,2,3,dragonite,Dragonite,6,6,tier4,representative-exact-tier
elite4:elite4:杜若,none,elite4:蓝莓学园:杜若:4,杜若,3,1,furfrou,Furfrou,5,5,tier3,representative-exact-tier
elite4:elite4:杜若,none,elite4:蓝莓学园:杜若:4,杜若,3,2,flygon,Flygon,6,5,tier4,representative-near-tier
elite4:elite4:杜若,none,elite4:蓝莓学园:杜若:4,杜若,3,3,dragonite,Dragonite,6,6,tier4,representative-exact-tier
elite4:elite4:杜若,none,elite4:蓝莓学园:杜若:4,杜若,4,1,furfrou,Furfrou,5,5,tier3,representative-exact-tier
elite4:elite4:杜若,none,elite4:蓝莓学园:杜若:4,杜若,4,2,flygon,Flygon,6,5,tier4,representative-near-tier
elite4:elite4:杜若,none,elite4:蓝莓学园:杜若:4,杜若,4,3,dragonite,Dragonite,6,6,tier4,representative-exact-tier
elite4:elite4:杜若,gen7,elite4:蓝莓学园:杜若:4,杜若,1,1,furfrou,Furfrou,5,5,tier3,representative-exact-tier
elite4:elite4:杜若,gen7,elite4:蓝莓学园:杜若:4,杜若,1,2,flygon,Flygon,6,5,tier4,representative-near-tier
elite4:elite4:杜若,gen7,elite4:蓝莓学园:杜若:4,杜若,1,3,aerodactyl,Aerodactyl,6,6,tier4,mega-system-fill-theme
elite4:elite4:杜若,gen7,elite4:蓝莓学园:杜若:4,杜若,2,1,furfrou,Furfrou,5,5,tier3,representative-exact-tier
elite4:elite4:杜若,gen7,elite4:蓝莓学园:杜若:4,杜若,2,2,flygon,Flygon,6,5,tier4,representative-near-tier
elite4:elite4:杜若,gen7,elite4:蓝莓学园:杜若:4,杜若,2,3,aerodactyl,Aerodactyl,6,6,tier4,mega-system-fill-theme
elite4:elite4:杜若,gen7,elite4:蓝莓学园:杜若:4,杜若,3,1,furfrou,Furfrou,5,5,tier3,representative-exact-tier
elite4:elite4:杜若,gen7,elite4:蓝莓学园:杜若:4,杜若,3,2,flygon,Flygon,6,5,tier4,representative-near-tier
elite4:elite4:杜若,gen7,elite4:蓝莓学园:杜若:4,杜若,3,3,aerodactyl,Aerodactyl,6,6,tier4,mega-system-fill-theme
elite4:elite4:杜若,gen7,elite4:蓝莓学园:杜若:4,杜若,4,1,furfrou,Furfrou,5,5,tier3,representative-exact-tier
elite4:elite4:杜若,gen7,elite4:蓝莓学园:杜若:4,杜若,4,2,flygon,Flygon,6,5,tier4,representative-near-tier
elite4:elite4:杜若,gen7,elite4:蓝莓学园:杜若:4,杜若,4,3,aerodactyl,Aerodactyl,6,6,tier4,mega-system-fill-theme
elite4:elite4:杜若,gen8,elite4:蓝莓学园:杜若:4,杜若,1,1,furfrou,Furfrou,5,5,tier3,representative-exact-tier
elite4:elite4:杜若,gen8,elite4:蓝莓学园:杜若:4,杜若,1,2,flygon,Flygon,6,5,tier4,representative-near-tier
elite4:elite4:杜若,gen8,elite4:蓝莓学园:杜若:4,杜若,1,3,blastoise,Blastoise,6,6,tier4,gmax-system-fill-theme
elite4:elite4:杜若,gen8,elite4:蓝莓学园:杜若:4,杜若,2,1,furfrou,Furfrou,5,5,tier3,representative-exact-tier
elite4:elite4:杜若,gen8,elite4:蓝莓学园:杜若:4,杜若,2,2,flygon,Flygon,6,5,tier4,representative-near-tier
elite4:elite4:杜若,gen8,elite4:蓝莓学园:杜若:4,杜若,2,3,blastoise,Blastoise,6,6,tier4,gmax-system-fill-theme
elite4:elite4:杜若,gen8,elite4:蓝莓学园:杜若:4,杜若,3,1,furfrou,Furfrou,5,5,tier3,representative-exact-tier
elite4:elite4:杜若,gen8,elite4:蓝莓学园:杜若:4,杜若,3,2,flygon,Flygon,6,5,tier4,representative-near-tier
elite4:elite4:杜若,gen8,elite4:蓝莓学园:杜若:4,杜若,3,3,blastoise,Blastoise,6,6,tier4,gmax-system-fill-theme
elite4:elite4:杜若,gen8,elite4:蓝莓学园:杜若:4,杜若,4,1,furfrou,Furfrou,5,5,tier3,representative-exact-tier
elite4:elite4:杜若,gen8,elite4:蓝莓学园:杜若:4,杜若,4,2,flygon,Flygon,6,5,tier4,representative-near-tier
elite4:elite4:杜若,gen8,elite4:蓝莓学园:杜若:4,杜若,4,3,blastoise,Blastoise,6,6,tier4,gmax-system-fill-theme
elite4:elite4:杜若,gen9,elite4:蓝莓学园:杜若:4,杜若,1,1,furfrou,Furfrou,5,5,tier3,representative-exact-tier
elite4:elite4:杜若,gen9,elite4:蓝莓学园:杜若:4,杜若,1,2,flygon,Flygon,6,5,tier4,representative-near-tier
elite4:elite4:杜若,gen9,elite4:蓝莓学园:杜若:4,杜若,1,3,dragonite,Dragonite,6,6,tier4,representative-exact-tier
elite4:elite4:杜若,gen9,elite4:蓝莓学园:杜若:4,杜若,2,1,furfrou,Furfrou,5,5,tier3,representative-exact-tier
elite4:elite4:杜若,gen9,elite4:蓝莓学园:杜若:4,杜若,2,2,flygon,Flygon,6,5,tier4,representative-near-tier
elite4:elite4:杜若,gen9,elite4:蓝莓学园:杜若:4,杜若,2,3,dragonite,Dragonite,6,6,tier4,representative-exact-tier
elite4:elite4:杜若,gen9,elite4:蓝莓学园:杜若:4,杜若,3,1,furfrou,Furfrou,5,5,tier3,representative-exact-tier
elite4:elite4:杜若,gen9,elite4:蓝莓学园:杜若:4,杜若,3,2,flygon,Flygon,6,5,tier4,representative-near-tier
elite4:elite4:杜若,gen9,elite4:蓝莓学园:杜若:4,杜若,3,3,dragonite,Dragonite,6,6,tier4,representative-exact-tier
elite4:elite4:杜若,gen9,elite4:蓝莓学园:杜若:4,杜若,4,1,furfrou,Furfrou,5,5,tier3,representative-exact-tier
elite4:elite4:杜若,gen9,elite4:蓝莓学园:杜若:4,杜若,4,2,flygon,Flygon,6,5,tier4,representative-near-tier
elite4:elite4:杜若,gen9,elite4:蓝莓学园:杜若:4,杜若,4,3,dragonite,Dragonite,6,6,tier4,representative-exact-tier
