species_id,name,national_dex,sprite_index,image,confidence,note
bulbasaur,Bulbasaur,1,1,assets/pokemon-green/pokemon/0001/front_normal.png,emerald-internal-index,edit this row if the sprite is wrong
ivysaur,Ivysaur,2,2,assets/pokemon-green/pokemon/0002/front_normal.png,emerald-internal-index,edit this row if the sprite is wrong
venusaur,Venusaur,3,3,assets/pokemon-green/pokemon/0003/front_normal.png,emerald-internal-index,edit this row if the sprite is wrong
venusaurgmax,Venusaur-Gmax,3,3,assets/pokemon-green/pokemon/0003/front_normal.png,base-species-fallback,edit this row if the sprite is wrong
venusaurmega,Venusaur-Mega,3,254,assets/pokemon-green/pokemon/0254/front_normal.png,manual-verified,manual contact-sheet match; edit this row if the sprite is wrong
charmander,Charmander,4,4,assets/pokemon-green/pokemon/0004/front_normal.png,emerald-internal-index,edit this row if the sprite is wrong
charmeleon,Charmeleon,5,5,assets/pokemon-green/pokemon/0005/front_normal.png,emerald-internal-index,edit this row if the sprite is wrong
charizard,Charizard,6,6,assets/pokemon-green/pokemon/0006/front_normal.png,emerald-internal-index,edit this row if the sprite is wrong
charizardgmax,Charizard-Gmax,6,252,assets/pokemon-green/pokemon/0252/front_normal.png,manual-verified,manual contact-sheet match; edit this row if the sprite is wrong
charizardmegax,Charizard-Mega-X,6,1079,assets/pokemon-green/pokemon/1079/front_normal.png,manual-verified,manual contact-sheet match; edit this row if the sprite is wrong
charizardmegay,Charizard-Mega-Y,6,6,assets/pokemon-green/pokemon/0006/front_normal.png,base-species-fallback,edit this row if the sprite is wrong
squirtle,Squirtle,7,7,assets/pokemon-green/pokemon/0007/front_normal.png,emerald-internal-index,edit this row if the sprite is wrong
wartortle,Wartortle,8,8,assets/pokemon-green/pokemon/0008/front_normal.png,emerald-internal-index,edit this row if the sprite is wrong
blastoise,Blastoise,9,9,assets/pokemon-green/pokemon/0009/front_normal.png,emerald-internal-index,edit this row if the sprite is wrong
blastoisegmax,Blastoise-Gmax,9,9,assets/pokemon-green/pokemon/0009/front_normal.png,base-species-fallback,edit this row if the sprite is wrong
blastoisemega,Blastoise-Mega,9,253,assets/pokemon-green/pokemon/0253/front_normal.png,manual-verified,manual contact-sheet match; edit this row if the sprite is wrong
caterpie,Caterpie,10,10,assets/pokemon-green/pokemon/0010/front_normal.png,emerald-internal-index,edit this row if the sprite is wrong
metapod,Metapod,11,11,assets/pokemon-green/pokemon/0011/front_normal.png,emerald-internal-index,edit this row if the sprite is wrong
butterfree,Butterfree,12,12,assets/pokemon-green/pokemon/0012/front_normal.png,emerald-internal-index,edit this row if the sprite is wrong
butterfreegmax,Butterfree-Gmax,12,259,assets/pokemon-green/pokemon/0259/front_normal.png,manual-verified,manual contact-sheet match; edit this row if the sprite is wrong
weedle,Weedle,13,13,assets/pokemon-green/pokemon/0013/front_normal.png,emerald-internal-index,edit this row if the sprite is wrong
kakuna,Kakuna,14,14,assets/pokemon-green/pokemon/0014/front_normal.png,emerald-internal-index,edit this row if the sprite is wrong
beedrill,Beedrill,15,15,assets/pokemon-green/pokemon/0015/front_normal.png,emerald-internal-index,edit this row if the sprite is wrong
beedrillmega,Beedrill-Mega,15,15,assets/pokemon-green/pokemon/0015/front_normal.png,base-species-fallback,edit this row if the sprite is wrong
pidgey,Pidgey,16,16,assets/pokemon-green/pokemon/0016/front_normal.png,emerald-internal-index,edit this row if the sprite is wrong
pidgeotto,Pidgeotto,17,17,assets/pokemon-green/pokemon/0017/front_normal.png,emerald-internal-index,edit this row if the sprite is wrong
pidgeot,Pidgeot,18,18,assets/pokemon-green/pokemon/0018/front_normal.png,emerald-internal-index,edit this row if the sprite is wrong
pidgeotmega,Pidgeot-Mega,18,18,assets/pokemon-green/pokemon/0018/front_normal.png,base-species-fallback,edit this row if the sprite is wrong
rattata,Rattata,19,19,assets/pokemon-green/pokemon/0019/front_normal.png,emerald-internal-index,edit this row if the sprite is wrong
rattataalola,Rattata-Alola,19,19,assets/pokemon-green/pokemon/0019/front_normal.png,base-species-fallback,edit this row if the sprite is wrong
raticate,Raticate,20,20,assets/pokemon-green/pokemon/0020/front_normal.png,emerald-internal-index,edit this row if the sprite is wrong
raticatealola,Raticate-Alola,20,261,assets/pokemon-green/pokemon/0261/front_normal.png,manual-verified,manual contact-sheet match; edit this row if the sprite is wrong
raticatealolatotem,Raticate-Alola-Totem,20,20,assets/pokemon-green/pokemon/0020/front_normal.png,base-species-fallback,edit this row if the sprite is wrong
spearow,Spearow,21,21,assets/pokemon-green/pokemon/0021/front_normal.png,emerald-internal-index,edit this row if the sprite is wrong
fearow,Fearow,22,22,assets/pokemon-green/pokemon/0022/front_normal.png,emerald-internal-index,edit this row if the sprite is wrong
ekans,Ekans,23,23,assets/pokemon-green/pokemon/0023/front_normal.png,emerald-internal-index,edit this row if the sprite is wrong
arbok,Arbok,24,24,assets/pokemon-green/pokemon/0024/front_normal.png,emerald-internal-index,edit this row if the sprite is wrong
pikachu,Pikachu,25,25,assets/pokemon-green/pokemon/0025/front_normal.png,emerald-internal-index,edit this row if the sprite is wrong
pikachualola,Pikachu-Alola,25,25,assets/pokemon-green/pokemon/0025/front_normal.png,base-species-fallback,edit this row if the sprite is wrong
pikachubelle,Pikachu-Belle,25,25,assets/pokemon-green/pokemon/0025/front_normal.png,base-species-fallback,edit this row if the sprite is wrong
pikachucosplay,Pikachu-Cosplay,25,25,assets/pokemon-green/pokemon/0025/front_normal.png,base-species-fallback,edit this row if the sprite is wrong
pikachugmax,Pikachu-Gmax,25,25,assets/pokemon-green/pokemon/0025/front_normal.png,base-species-fallback,edit this row if the sprite is wrong
pikachuhoenn,Pikachu-Hoenn,25,25,assets/pokemon-green/pokemon/0025/front_normal.png,base-species-fallback,edit this row if the sprite is wrong
pikachukalos,Pikachu-Kalos,25,25,assets/pokemon-green/pokemon/0025/front_normal.png,base-species-fallback,edit this row if the sprite is wrong
pikachulibre,Pikachu-Libre,25,25,assets/pokemon-green/pokemon/0025/front_normal.png,base-species-fallback,edit this row if the sprite is wrong
pikachuoriginal,Pikachu-Original,25,25,assets/pokemon-green/pokemon/0025/front_normal.png,base-species-fallback,edit this row if the sprite is wrong
pikachupartner,Pikachu-Partner,25,25,assets/pokemon-green/pokemon/0025/front_normal.png,base-species-fallback,edit this row if the sprite is wrong
pikachuphd,Pikachu-PhD,25,25,assets/pokemon-green/pokemon/0025/front_normal.png,base-species-fallback,edit this row if the sprite is wrong
pikachupopstar,Pikachu-Pop-Star,25,25,assets/pokemon-green/pokemon/0025/front_normal.png,base-species-fallback,edit this row if the sprite is wrong
pikachurockstar,Pikachu-Rock-Star,25,25,assets/pokemon-green/pokemon/0025/front_normal.png,base-species-fallback,edit this row if the sprite is wrong
pikachusinnoh,Pikachu-Sinnoh,25,25,assets/pokemon-green/pokemon/0025/front_normal.png,base-species-fallback,edit this row if the sprite is wrong
pikachustarter,Pikachu-Starter,25,25,assets/pokemon-green/pokemon/0025/front_normal.png,base-species-fallback,edit this row if the sprite is wrong
pikachuunova,Pikachu-Unova,25,25,assets/pokemon-green/pokemon/0025/front_normal.png,base-species-fallback,edit this row if the sprite is wrong
pikachuworld,Pikachu-World,25,25,assets/pokemon-green/pokemon/0025/front_normal.png,base-species-fallback,edit this row if the sprite is wrong
raichu,Raichu,26,26,assets/pokemon-green/pokemon/0026/front_normal.png,emerald-internal-index,edit this row if the sprite is wrong
raichualola,Raichu-Alola,26,26,assets/pokemon-green/pokemon/0026/front_normal.png,base-species-fallback,edit this row if the sprite is wrong
raichumegax,Raichu-Mega-X,26,26,assets/pokemon-green/pokemon/0026/front_normal.png,base-species-fallback,edit this row if the sprite is wrong
raichumegay,Raichu-Mega-Y,26,26,assets/pokemon-green/pokemon/0026/front_normal.png,base-species-fallback,edit this row if the sprite is wrong
sandshrew,Sandshrew,27,27,assets/pokemon-green/pokemon/0027/front_normal.png,emerald-internal-index,edit this row if the sprite is wrong
sandshrewalola,Sandshrew-Alola,27,27,assets/pokemon-green/pokemon/0027/front_normal.png,base-species-fallback,edit this row if the sprite is wrong
sandslash,Sandslash,28,28,assets/pokemon-green/pokemon/0028/front_normal.png,emerald-internal-index,edit this row if the sprite is wrong
sandslashalola,Sandslash-Alola,28,28,assets/pokemon-green/pokemon/0028/front_normal.png,base-species-fallback,edit this row if the sprite is wrong
nidoranf,Nidoran-F,29,29,assets/pokemon-green/pokemon/0029/front_normal.png,emerald-internal-index,edit this row if the sprite is wrong
nidorina,Nidorina,30,30,assets/pokemon-green/pokemon/0030/front_normal.png,emerald-internal-index,edit this row if the sprite is wrong
nidoqueen,Nidoqueen,31,31,assets/pokemon-green/pokemon/0031/front_normal.png,emerald-internal-index,edit this row if the sprite is wrong
nidoranm,Nidoran-M,32,32,assets/pokemon-green/pokemon/0032/front_normal.png,emerald-internal-index,edit this row if the sprite is wrong
nidorino,Nidorino,33,33,assets/pokemon-green/pokemon/0033/front_normal.png,emerald-internal-index,edit this row if the sprite is wrong
nidoking,Nidoking,34,34,assets/pokemon-green/pokemon/0034/front_normal.png,emerald-internal-index,edit this row if the sprite is wrong
clefairy,Clefairy,35,35,assets/pokemon-green/pokemon/0035/front_normal.png,emerald-internal-index,edit this row if the sprite is wrong
clefable,Clefable,36,36,assets/pokemon-green/pokemon/0036/front_normal.png,emerald-internal-index,edit this row if the sprite is wrong
clefablemega,Clefable-Mega,36,36,assets/pokemon-green/pokemon/0036/front_normal.png,base-species-fallback,edit this row if the sprite is wrong
vulpix,Vulpix,37,37,assets/pokemon-green/pokemon/0037/front_normal.png,emerald-internal-index,edit this row if the sprite is wrong
vulpixalola,Vulpix-Alola,37,37,assets/pokemon-green/pokemon/0037/front_normal.png,base-species-fallback,edit this row if the sprite is wrong
ninetales,Ninetales,38,38,assets/pokemon-green/pokemon/0038/front_normal.png,emerald-internal-index,edit this row if the sprite is wrong
ninetalesalola,Ninetales-Alola,38,38,assets/pokemon-green/pokemon/0038/front_normal.png,base-species-fallback,edit this row if the sprite is wrong
jigglypuff,Jigglypuff,39,39,assets/pokemon-green/pokemon/0039/front_normal.png,emerald-internal-index,edit this row if the sprite is wrong
wigglytuff,Wigglytuff,40,40,assets/pokemon-green/pokemon/0040/front_normal.png,emerald-internal-index,edit this row if the sprite is wrong
zubat,Zubat,41,41,assets/pokemon-green/pokemon/0041/front_normal.png,emerald-internal-index,edit this row if the sprite is wrong
golbat,Golbat,42,42,assets/pokemon-green/pokemon/0042/front_normal.png,emerald-internal-index,edit this row if the sprite is wrong
oddish,Oddish,43,43,assets/pokemon-green/pokemon/0043/front_normal.png,emerald-internal-index,edit this row if the sprite is wrong
gloom,Gloom,44,44,assets/pokemon-green/pokemon/0044/front_normal.png,emerald-internal-index,edit this row if the sprite is wrong
vileplume,Vileplume,45,45,assets/pokemon-green/pokemon/0045/front_normal.png,emerald-internal-index,edit this row if the sprite is wrong
paras,Paras,46,46,assets/pokemon-green/pokemon/0046/front_normal.png,emerald-internal-index,edit this row if the sprite is wrong
parasect,Parasect,47,47,assets/pokemon-green/pokemon/0047/front_normal.png,emerald-internal-index,edit this row if the sprite is wrong
venonat,Venonat,48,48,assets/pokemon-green/pokemon/0048/front_normal.png,emerald-internal-index,edit this row if the sprite is wrong
venomoth,Venomoth,49,49,assets/pokemon-green/pokemon/0049/front_normal.png,emerald-internal-index,edit this row if the sprite is wrong
diglett,Diglett,50,50,assets/pokemon-green/pokemon/0050/front_normal.png,emerald-internal-index,edit this row if the sprite is wrong
diglettalola,Diglett-Alola,50,50,assets/pokemon-green/pokemon/0050/front_normal.png,base-species-fallback,edit this row if the sprite is wrong
dugtrio,Dugtrio,51,51,assets/pokemon-green/pokemon/0051/front_normal.png,emerald-internal-index,edit this row if the sprite is wrong
dugtrioalola,Dugtrio-Alola,51,51,assets/pokemon-green/pokemon/0051/front_normal.png,base-species-fallback,edit this row if the sprite is wrong
meowth,Meowth,52,52,assets/pokemon-green/pokemon/0052/front_normal.png,emerald-internal-index,edit this row if the sprite is wrong
meowthalola,Meowth-Alola,52,52,assets/pokemon-green/pokemon/0052/front_normal.png,base-species-fallback,edit this row if the sprite is wrong
meowthgalar,Meowth-Galar,52,52,assets/pokemon-green/pokemon/0052/front_normal.png,base-species-fallback,edit this row if the sprite is wrong
meowthgmax,Meowth-Gmax,52,52,assets/pokemon-green/pokemon/0052/front_normal.png,base-species-fallback,edit this row if the sprite is wrong
persian,Persian,53,53,assets/pokemon-green/pokemon/0053/front_normal.png,emerald-internal-index,edit this row if the sprite is wrong
persianalola,Persian-Alola,53,260,assets/pokemon-green/pokemon/0260/front_normal.png,manual-verified,manual contact-sheet match; edit this row if the sprite is wrong
psyduck,Psyduck,54,54,assets/pokemon-green/pokemon/0054/front_normal.png,emerald-internal-index,edit this row if the sprite is wrong
golduck,Golduck,55,55,assets/pokemon-green/pokemon/0055/front_normal.png,emerald-internal-index,edit this row if the sprite is wrong
mankey,Mankey,56,56,assets/pokemon-green/pokemon/0056/front_normal.png,emerald-internal-index,edit this row if the sprite is wrong
primeape,Primeape,57,57,assets/pokemon-green/pokemon/0057/front_normal.png,emerald-internal-index,edit this row if the sprite is wrong
growlithe,Growlithe,58,58,assets/pokemon-green/pokemon/0058/front_normal.png,emerald-internal-index,edit this row if the sprite is wrong
growlithehisui,Growlithe-Hisui,58,58,assets/pokemon-green/pokemon/0058/front_normal.png,base-species-fallback,edit this row if the sprite is wrong
arcanine,Arcanine,59,59,assets/pokemon-green/pokemon/0059/front_normal.png,emerald-internal-index,edit this row if the sprite is wrong
arcaninehisui,Arcanine-Hisui,59,59,assets/pokemon-green/pokemon/0059/front_normal.png,base-species-fallback,edit this row if the sprite is wrong
poliwag,Poliwag,60,60,assets/pokemon-green/pokemon/0060/front_normal.png,emerald-internal-index,edit this row if the sprite is wrong
poliwhirl,Poliwhirl,61,61,assets/pokemon-green/pokemon/0061/front_normal.png,emerald-internal-index,edit this row if the sprite is wrong
poliwrath,Poliwrath,62,62,assets/pokemon-green/pokemon/0062/front_normal.png,emerald-internal-index,edit this row if the sprite is wrong
abra,Abra,63,63,assets/pokemon-green/pokemon/0063/front_normal.png,emerald-internal-index,edit this row if the sprite is wrong
kadabra,Kadabra,64,64,assets/pokemon-green/pokemon/0064/front_normal.png,emerald-internal-index,edit this row if the sprite is wrong
alakazam,Alakazam,65,65,assets/pokemon-green/pokemon/0065/front_normal.png,emerald-internal-index,edit this row if the sprite is wrong
alakazammega,Alakazam-Mega,65,65,assets/pokemon-green/pokemon/0065/front_normal.png,base-species-fallback,edit this row if the sprite is wrong
machop,Machop,66,66,assets/pokemon-green/pokemon/0066/front_normal.png,emerald-internal-index,edit this row if the sprite is wrong
machoke,Machoke,67,67,assets/pokemon-green/pokemon/0067/front_normal.png,emerald-internal-index,edit this row if the sprite is wrong
machamp,Machamp,68,68,assets/pokemon-green/pokemon/0068/front_normal.png,emerald-internal-index,edit this row if the sprite is wrong
machampgmax,Machamp-Gmax,68,256,assets/pokemon-green/pokemon/0256/front_normal.png,manual-verified,manual contact-sheet match; edit this row if the sprite is wrong
bellsprout,Bellsprout,69,69,assets/pokemon-green/pokemon/0069/front_normal.png,emerald-internal-index,edit this row if the sprite is wrong
weepinbell,Weepinbell,70,70,assets/pokemon-green/pokemon/0070/front_normal.png,emerald-internal-index,edit this row if the sprite is wrong
victreebel,Victreebel,71,71,assets/pokemon-green/pokemon/0071/front_normal.png,emerald-internal-index,edit this row if the sprite is wrong
victreebelmega,Victreebel-Mega,71,71,assets/pokemon-green/pokemon/0071/front_normal.png,base-species-fallback,edit this row if the sprite is wrong
tentacool,Tentacool,72,72,assets/pokemon-green/pokemon/0072/front_normal.png,emerald-internal-index,edit this row if the sprite is wrong
tentacruel,Tentacruel,73,73,assets/pokemon-green/pokemon/0073/front_normal.png,emerald-internal-index,edit this row if the sprite is wrong
geodude,Geodude,74,74,assets/pokemon-green/pokemon/0074/front_normal.png,emerald-internal-index,edit this row if the sprite is wrong
geodudealola,Geodude-Alola,74,74,assets/pokemon-green/pokemon/0074/front_normal.png,base-species-fallback,edit this row if the sprite is wrong
graveler,Graveler,75,75,assets/pokemon-green/pokemon/0075/front_normal.png,emerald-internal-index,edit this row if the sprite is wrong
graveleralola,Graveler-Alola,75,75,assets/pokemon-green/pokemon/0075/front_normal.png,base-species-fallback,edit this row if the sprite is wrong
golem,Golem,76,76,assets/pokemon-green/pokemon/0076/front_normal.png,emerald-internal-index,edit this row if the sprite is wrong
golemalola,Golem-Alola,76,76,assets/pokemon-green/pokemon/0076/front_normal.png,base-species-fallback,edit this row if the sprite is wrong
ponyta,Ponyta,77,77,assets/pokemon-green/pokemon/0077/front_normal.png,emerald-internal-index,edit this row if the sprite is wrong
ponytagalar,Ponyta-Galar,77,77,assets/pokemon-green/pokemon/0077/front_normal.png,base-species-fallback,edit this row if the sprite is wrong
rapidash,Rapidash,78,78,assets/pokemon-green/pokemon/0078/front_normal.png,emerald-internal-index,edit this row if the sprite is wrong
rapidashgalar,Rapidash-Galar,78,78,assets/pokemon-green/pokemon/0078/front_normal.png,base-species-fallback,edit this row if the sprite is wrong
slowpoke,Slowpoke,79,79,assets/pokemon-green/pokemon/0079/front_normal.png,emerald-internal-index,edit this row if the sprite is wrong
slowpokegalar,Slowpoke-Galar,79,79,assets/pokemon-green/pokemon/0079/front_normal.png,base-species-fallback,edit this row if the sprite is wrong
slowbro,Slowbro,80,80,assets/pokemon-green/pokemon/0080/front_normal.png,emerald-internal-index,edit this row if the sprite is wrong
slowbrogalar,Slowbro-Galar,80,80,assets/pokemon-green/pokemon/0080/front_normal.png,base-species-fallback,edit this row if the sprite is wrong
slowbromega,Slowbro-Mega,80,80,assets/pokemon-green/pokemon/0080/front_normal.png,base-species-fallback,edit this row if the sprite is wrong
magnemite,Magnemite,81,81,assets/pokemon-green/pokemon/0081/front_normal.png,emerald-internal-index,edit this row if the sprite is wrong
magneton,Magneton,82,82,assets/pokemon-green/pokemon/0082/front_normal.png,emerald-internal-index,edit this row if the sprite is wrong
farfetchd,Farfetch’d,83,83,assets/pokemon-green/pokemon/0083/front_normal.png,emerald-internal-index,edit this row if the sprite is wrong
farfetchdgalar,Farfetch’d-Galar,83,83,assets/pokemon-green/pokemon/0083/front_normal.png,base-species-fallback,edit this row if the sprite is wrong
doduo,Doduo,84,84,assets/pokemon-green/pokemon/0084/front_normal.png,emerald-internal-index,edit this row if the sprite is wrong
dodrio,Dodrio,85,85,assets/pokemon-green/pokemon/0085/front_normal.png,emerald-internal-index,edit this row if the sprite is wrong
seel,Seel,86,86,assets/pokemon-green/pokemon/0086/front_normal.png,emerald-internal-index,edit this row if the sprite is wrong
dewgong,Dewgong,87,87,assets/pokemon-green/pokemon/0087/front_normal.png,emerald-internal-index,edit this row if the sprite is wrong
grimer,Grimer,88,88,assets/pokemon-green/pokemon/0088/front_normal.png,emerald-internal-index,edit this row if the sprite is wrong
grimeralola,Grimer-Alola,88,88,assets/pokemon-green/pokemon/0088/front_normal.png,base-species-fallback,edit this row if the sprite is wrong
muk,Muk,89,89,assets/pokemon-green/pokemon/0089/front_normal.png,emerald-internal-index,edit this row if the sprite is wrong
mukalola,Muk-Alola,89,89,assets/pokemon-green/pokemon/0089/front_normal.png,base-species-fallback,edit this row if the sprite is wrong
shellder,Shellder,90,90,assets/pokemon-green/pokemon/0090/front_normal.png,emerald-internal-index,edit this row if the sprite is wrong
cloyster,Cloyster,91,91,assets/pokemon-green/pokemon/0091/front_normal.png,emerald-internal-index,edit this row if the sprite is wrong
gastly,Gastly,92,92,assets/pokemon-green/pokemon/0092/front_normal.png,emerald-internal-index,edit this row if the sprite is wrong
haunter,Haunter,93,93,assets/pokemon-green/pokemon/0093/front_normal.png,emerald-internal-index,edit this row if the sprite is wrong
gengar,Gengar,94,94,assets/pokemon-green/pokemon/0094/front_normal.png,emerald-internal-index,edit this row if the sprite is wrong
gengargmax,Gengar-Gmax,94,263,assets/pokemon-green/pokemon/0263/front_normal.png,manual-verified,manual contact-sheet match; edit this row if the sprite is wrong
gengarmega,Gengar-Mega,94,94,assets/pokemon-green/pokemon/0094/front_normal.png,base-species-fallback,edit this row if the sprite is wrong
onix,Onix,95,95,assets/pokemon-green/pokemon/0095/front_normal.png,emerald-internal-index,edit this row if the sprite is wrong
drowzee,Drowzee,96,96,assets/pokemon-green/pokemon/0096/front_normal.png,emerald-internal-index,edit this row if the sprite is wrong
hypno,Hypno,97,97,assets/pokemon-green/pokemon/0097/front_normal.png,emerald-internal-index,edit this row if the sprite is wrong
krabby,Krabby,98,98,assets/pokemon-green/pokemon/0098/front_normal.png,emerald-internal-index,edit this row if the sprite is wrong
kingler,Kingler,99,99,assets/pokemon-green/pokemon/0099/front_normal.png,emerald-internal-index,edit this row if the sprite is wrong
kinglergmax,Kingler-Gmax,99,257,assets/pokemon-green/pokemon/0257/front_normal.png,manual-verified,manual contact-sheet match; edit this row if the sprite is wrong
voltorb,Voltorb,100,100,assets/pokemon-green/pokemon/0100/front_normal.png,emerald-internal-index,edit this row if the sprite is wrong
voltorbhisui,Voltorb-Hisui,100,100,assets/pokemon-green/pokemon/0100/front_normal.png,base-species-fallback,edit this row if the sprite is wrong
electrode,Electrode,101,101,assets/pokemon-green/pokemon/0101/front_normal.png,emerald-internal-index,edit this row if the sprite is wrong
electrodehisui,Electrode-Hisui,101,101,assets/pokemon-green/pokemon/0101/front_normal.png,base-species-fallback,edit this row if the sprite is wrong
exeggcute,Exeggcute,102,102,assets/pokemon-green/pokemon/0102/front_normal.png,emerald-internal-index,edit this row if the sprite is wrong
exeggutor,Exeggutor,103,103,assets/pokemon-green/pokemon/0103/front_normal.png,emerald-internal-index,edit this row if the sprite is wrong
exeggutoralola,Exeggutor-Alola,103,103,assets/pokemon-green/pokemon/0103/front_normal.png,base-species-fallback,edit this row if the sprite is wrong
cubone,Cubone,104,104,assets/pokemon-green/pokemon/0104/front_normal.png,emerald-internal-index,edit this row if the sprite is wrong
marowak,Marowak,105,105,assets/pokemon-green/pokemon/0105/front_normal.png,emerald-internal-index,edit this row if the sprite is wrong
marowakalola,Marowak-Alola,105,105,assets/pokemon-green/pokemon/0105/front_normal.png,base-species-fallback,edit this row if the sprite is wrong
marowakalolatotem,Marowak-Alola-Totem,105,105,assets/pokemon-green/pokemon/0105/front_normal.png,base-species-fallback,edit this row if the sprite is wrong
hitmonlee,Hitmonlee,106,106,assets/pokemon-green/pokemon/0106/front_normal.png,emerald-internal-index,edit this row if the sprite is wrong
hitmonchan,Hitmonchan,107,107,assets/pokemon-green/pokemon/0107/front_normal.png,emerald-internal-index,edit this row if the sprite is wrong
lickitung,Lickitung,108,108,assets/pokemon-green/pokemon/0108/front_normal.png,emerald-internal-index,edit this row if the sprite is wrong
koffing,Koffing,109,109,assets/pokemon-green/pokemon/0109/front_normal.png,emerald-internal-index,edit this row if the sprite is wrong
weezing,Weezing,110,110,assets/pokemon-green/pokemon/0110/front_normal.png,emerald-internal-index,edit this row if the sprite is wrong
weezinggalar,Weezing-Galar,110,110,assets/pokemon-green/pokemon/0110/front_normal.png,base-species-fallback,edit this row if the sprite is wrong
rhyhorn,Rhyhorn,111,111,assets/pokemon-green/pokemon/0111/front_normal.png,emerald-internal-index,edit this row if the sprite is wrong
rhydon,Rhydon,112,112,assets/pokemon-green/pokemon/0112/front_normal.png,emerald-internal-index,edit this row if the sprite is wrong
chansey,Chansey,113,113,assets/pokemon-green/pokemon/0113/front_normal.png,emerald-internal-index,edit this row if the sprite is wrong
tangela,Tangela,114,114,assets/pokemon-green/pokemon/0114/front_normal.png,emerald-internal-index,edit this row if the sprite is wrong
kangaskhan,Kangaskhan,115,115,assets/pokemon-green/pokemon/0115/front_normal.png,emerald-internal-index,edit this row if the sprite is wrong
kangaskhanmega,Kangaskhan-Mega,115,115,assets/pokemon-green/pokemon/0115/front_normal.png,base-species-fallback,edit this row if the sprite is wrong
horsea,Horsea,116,116,assets/pokemon-green/pokemon/0116/front_normal.png,emerald-internal-index,edit this row if the sprite is wrong
seadra,Seadra,117,117,assets/pokemon-green/pokemon/0117/front_normal.png,emerald-internal-index,edit this row if the sprite is wrong
goldeen,Goldeen,118,118,assets/pokemon-green/pokemon/0118/front_normal.png,emerald-internal-index,edit this row if the sprite is wrong
seaking,Seaking,119,119,assets/pokemon-green/pokemon/0119/front_normal.png,emerald-internal-index,edit this row if the sprite is wrong
staryu,Staryu,120,120,assets/pokemon-green/pokemon/0120/front_normal.png,emerald-internal-index,edit this row if the sprite is wrong
starmie,Starmie,121,121,assets/pokemon-green/pokemon/0121/front_normal.png,emerald-internal-index,edit this row if the sprite is wrong
starmiemega,Starmie-Mega,121,121,assets/pokemon-green/pokemon/0121/front_normal.png,base-species-fallback,edit this row if the sprite is wrong
mrmime,Mr. Mime,122,122,assets/pokemon-green/pokemon/0122/front_normal.png,emerald-internal-index,edit this row if the sprite is wrong
mrmimegalar,Mr. Mime-Galar,122,122,assets/pokemon-green/pokemon/0122/front_normal.png,base-species-fallback,edit this row if the sprite is wrong
scyther,Scyther,123,123,assets/pokemon-green/pokemon/0123/front_normal.png,emerald-internal-index,edit this row if the sprite is wrong
jynx,Jynx,124,124,assets/pokemon-green/pokemon/0124/front_normal.png,emerald-internal-index,edit this row if the sprite is wrong
electabuzz,Electabuzz,125,125,assets/pokemon-green/pokemon/0125/front_normal.png,emerald-internal-index,edit this row if the sprite is wrong
magmar,Magmar,126,126,assets/pokemon-green/pokemon/0126/front_normal.png,emerald-internal-index,edit this row if the sprite is wrong
pinsir,Pinsir,127,127,assets/pokemon-green/pokemon/0127/front_normal.png,emerald-internal-index,edit this row if the sprite is wrong
pinsirmega,Pinsir-Mega,127,127,assets/pokemon-green/pokemon/0127/front_normal.png,base-species-fallback,edit this row if the sprite is wrong
tauros,Tauros,128,128,assets/pokemon-green/pokemon/0128/front_normal.png,emerald-internal-index,edit this row if the sprite is wrong
taurospaldeaaqua,Tauros-Paldea-Aqua,128,128,assets/pokemon-green/pokemon/0128/front_normal.png,base-species-fallback,edit this row if the sprite is wrong
taurospaldeablaze,Tauros-Paldea-Blaze,128,128,assets/pokemon-green/pokemon/0128/front_normal.png,base-species-fallback,edit this row if the sprite is wrong
taurospaldeacombat,Tauros-Paldea-Combat,128,128,assets/pokemon-green/pokemon/0128/front_normal.png,base-species-fallback,edit this row if the sprite is wrong
magikarp,Magikarp,129,129,assets/pokemon-green/pokemon/0129/front_normal.png,emerald-internal-index,edit this row if the sprite is wrong
gyarados,Gyarados,130,130,assets/pokemon-green/pokemon/0130/front_normal.png,emerald-internal-index,edit this row if the sprite is wrong
gyaradosmega,Gyarados-Mega,130,130,assets/pokemon-green/pokemon/0130/front_normal.png,base-species-fallback,edit this row if the sprite is wrong
lapras,Lapras,131,131,assets/pokemon-green/pokemon/0131/front_normal.png,emerald-internal-index,edit this row if the sprite is wrong
laprasgmax,Lapras-Gmax,131,258,assets/pokemon-green/pokemon/0258/front_normal.png,manual-verified,manual contact-sheet match; edit this row if the sprite is wrong
ditto,Ditto,132,132,assets/pokemon-green/pokemon/0132/front_normal.png,emerald-internal-index,edit this row if the sprite is wrong
eevee,Eevee,133,133,assets/pokemon-green/pokemon/0133/front_normal.png,emerald-internal-index,edit this row if the sprite is wrong
eeveegmax,Eevee-Gmax,133,133,assets/pokemon-green/pokemon/0133/front_normal.png,base-species-fallback,edit this row if the sprite is wrong
eeveestarter,Eevee-Starter,133,133,assets/pokemon-green/pokemon/0133/front_normal.png,base-species-fallback,edit this row if the sprite is wrong
vaporeon,Vaporeon,134,134,assets/pokemon-green/pokemon/0134/front_normal.png,emerald-internal-index,edit this row if the sprite is wrong
jolteon,Jolteon,135,135,assets/pokemon-green/pokemon/0135/front_normal.png,emerald-internal-index,edit this row if the sprite is wrong
flareon,Flareon,136,136,assets/pokemon-green/pokemon/0136/front_normal.png,emerald-internal-index,edit this row if the sprite is wrong
porygon,Porygon,137,137,assets/pokemon-green/pokemon/0137/front_normal.png,emerald-internal-index,edit this row if the sprite is wrong
omanyte,Omanyte,138,138,assets/pokemon-green/pokemon/0138/front_normal.png,emerald-internal-index,edit this row if the sprite is wrong
omastar,Omastar,139,139,assets/pokemon-green/pokemon/0139/front_normal.png,emerald-internal-index,edit this row if the sprite is wrong
kabuto,Kabuto,140,140,assets/pokemon-green/pokemon/0140/front_normal.png,emerald-internal-index,edit this row if the sprite is wrong
kabutops,Kabutops,141,141,assets/pokemon-green/pokemon/0141/front_normal.png,emerald-internal-index,edit this row if the sprite is wrong
aerodactyl,Aerodactyl,142,142,assets/pokemon-green/pokemon/0142/front_normal.png,emerald-internal-index,edit this row if the sprite is wrong
aerodactylmega,Aerodactyl-Mega,142,142,assets/pokemon-green/pokemon/0142/front_normal.png,base-species-fallback,edit this row if the sprite is wrong
snorlax,Snorlax,143,143,assets/pokemon-green/pokemon/0143/front_normal.png,emerald-internal-index,edit this row if the sprite is wrong
snorlaxgmax,Snorlax-Gmax,143,262,assets/pokemon-green/pokemon/0262/front_normal.png,manual-verified,manual contact-sheet match; edit this row if the sprite is wrong
articuno,Articuno,144,144,assets/pokemon-green/pokemon/0144/front_normal.png,emerald-internal-index,edit this row if the sprite is wrong
articunogalar,Articuno-Galar,144,144,assets/pokemon-green/pokemon/0144/front_normal.png,base-species-fallback,edit this row if the sprite is wrong
zapdos,Zapdos,145,145,assets/pokemon-green/pokemon/0145/front_normal.png,emerald-internal-index,edit this row if the sprite is wrong
zapdosgalar,Zapdos-Galar,145,145,assets/pokemon-green/pokemon/0145/front_normal.png,base-species-fallback,edit this row if the sprite is wrong
moltres,Moltres,146,146,assets/pokemon-green/pokemon/0146/front_normal.png,emerald-internal-index,edit this row if the sprite is wrong
moltresgalar,Moltres-Galar,146,146,assets/pokemon-green/pokemon/0146/front_normal.png,base-species-fallback,edit this row if the sprite is wrong
dratini,Dratini,147,147,assets/pokemon-green/pokemon/0147/front_normal.png,emerald-internal-index,edit this row if the sprite is wrong
dragonair,Dragonair,148,148,assets/pokemon-green/pokemon/0148/front_normal.png,emerald-internal-index,edit this row if the sprite is wrong
dragonite,Dragonite,149,149,assets/pokemon-green/pokemon/0149/front_normal.png,emerald-internal-index,edit this row if the sprite is wrong
dragonitemega,Dragonite-Mega,149,149,assets/pokemon-green/pokemon/0149/front_normal.png,base-species-fallback,edit this row if the sprite is wrong
mewtwo,Mewtwo,150,150,assets/pokemon-green/pokemon/0150/front_normal.png,emerald-internal-index,edit this row if the sprite is wrong
mewtwomegax,Mewtwo-Mega-X,150,150,assets/pokemon-green/pokemon/0150/front_normal.png,base-species-fallback,edit this row if the sprite is wrong
mewtwomegay,Mewtwo-Mega-Y,150,150,assets/pokemon-green/pokemon/0150/front_normal.png,base-species-fallback,edit this row if the sprite is wrong
mew,Mew,151,151,assets/pokemon-green/pokemon/0151/front_normal.png,emerald-internal-index,edit this row if the sprite is wrong
chikorita,Chikorita,152,152,assets/pokemon-green/pokemon/0152/front_normal.png,emerald-internal-index,edit this row if the sprite is wrong
bayleef,Bayleef,153,153,assets/pokemon-green/pokemon/0153/front_normal.png,emerald-internal-index,edit this row if the sprite is wrong
meganium,Meganium,154,154,assets/pokemon-green/pokemon/0154/front_normal.png,emerald-internal-index,edit this row if the sprite is wrong
meganiummega,Meganium-Mega,154,154,assets/pokemon-green/pokemon/0154/front_normal.png,base-species-fallback,edit this row if the sprite is wrong
cyndaquil,Cyndaquil,155,155,assets/pokemon-green/pokemon/0155/front_normal.png,emerald-internal-index,edit this row if the sprite is wrong
quilava,Quilava,156,156,assets/pokemon-green/pokemon/0156/front_normal.png,emerald-internal-index,edit this row if the sprite is wrong
typhlosion,Typhlosion,157,157,assets/pokemon-green/pokemon/0157/front_normal.png,emerald-internal-index,edit this row if the sprite is wrong
typhlosionhisui,Typhlosion-Hisui,157,157,assets/pokemon-green/pokemon/0157/front_normal.png,base-species-fallback,edit this row if the sprite is wrong
totodile,Totodile,158,158,assets/pokemon-green/pokemon/0158/front_normal.png,emerald-internal-index,edit this row if the sprite is wrong
croconaw,Croconaw,159,159,assets/pokemon-green/pokemon/0159/front_normal.png,emerald-internal-index,edit this row if the sprite is wrong
feraligatr,Feraligatr,160,160,assets/pokemon-green/pokemon/0160/front_normal.png,emerald-internal-index,edit this row if the sprite is wrong
feraligatrmega,Feraligatr-Mega,160,160,assets/pokemon-green/pokemon/0160/front_normal.png,base-species-fallback,edit this row if the sprite is wrong
sentret,Sentret,161,161,assets/pokemon-green/pokemon/0161/front_normal.png,emerald-internal-index,edit this row if the sprite is wrong
furret,Furret,162,162,assets/pokemon-green/pokemon/0162/front_normal.png,emerald-internal-index,edit this row if the sprite is wrong
hoothoot,Hoothoot,163,163,assets/pokemon-green/pokemon/0163/front_normal.png,emerald-internal-index,edit this row if the sprite is wrong
noctowl,Noctowl,164,164,assets/pokemon-green/pokemon/0164/front_normal.png,emerald-internal-index,edit this row if the sprite is wrong
ledyba,Ledyba,165,165,assets/pokemon-green/pokemon/0165/front_normal.png,emerald-internal-index,edit this row if the sprite is wrong
ledian,Ledian,166,166,assets/pokemon-green/pokemon/0166/front_normal.png,emerald-internal-index,edit this row if the sprite is wrong
spinarak,Spinarak,167,167,assets/pokemon-green/pokemon/0167/front_normal.png,emerald-internal-index,edit this row if the sprite is wrong
ariados,Ariados,168,168,assets/pokemon-green/pokemon/0168/front_normal.png,emerald-internal-index,edit this row if the sprite is wrong
crobat,Crobat,169,169,assets/pokemon-green/pokemon/0169/front_normal.png,emerald-internal-index,edit this row if the sprite is wrong
chinchou,Chinchou,170,170,assets/pokemon-green/pokemon/0170/front_normal.png,emerald-internal-index,edit this row if the sprite is wrong
lanturn,Lanturn,171,171,assets/pokemon-green/pokemon/0171/front_normal.png,emerald-internal-index,edit this row if the sprite is wrong
pichu,Pichu,172,172,assets/pokemon-green/pokemon/0172/front_normal.png,emerald-internal-index,edit this row if the sprite is wrong
pichuspikyeared,Pichu-Spiky-eared,172,172,assets/pokemon-green/pokemon/0172/front_normal.png,base-species-fallback,edit this row if the sprite is wrong
cleffa,Cleffa,173,173,assets/pokemon-green/pokemon/0173/front_normal.png,emerald-internal-index,edit this row if the sprite is wrong
igglybuff,Igglybuff,174,174,assets/pokemon-green/pokemon/0174/front_normal.png,emerald-internal-index,edit this row if the sprite is wrong
togepi,Togepi,175,175,assets/pokemon-green/pokemon/0175/front_normal.png,emerald-internal-index,edit this row if the sprite is wrong
togetic,Togetic,176,176,assets/pokemon-green/pokemon/0176/front_normal.png,emerald-internal-index,edit this row if the sprite is wrong
natu,Natu,177,177,assets/pokemon-green/pokemon/0177/front_normal.png,emerald-internal-index,edit this row if the sprite is wrong
xatu,Xatu,178,178,assets/pokemon-green/pokemon/0178/front_normal.png,emerald-internal-index,edit this row if the sprite is wrong
mareep,Mareep,179,179,assets/pokemon-green/pokemon/0179/front_normal.png,emerald-internal-index,edit this row if the sprite is wrong
flaaffy,Flaaffy,180,180,assets/pokemon-green/pokemon/0180/front_normal.png,emerald-internal-index,edit this row if the sprite is wrong
ampharos,Ampharos,181,181,assets/pokemon-green/pokemon/0181/front_normal.png,emerald-internal-index,edit this row if the sprite is wrong
ampharosmega,Ampharos-Mega,181,181,assets/pokemon-green/pokemon/0181/front_normal.png,base-species-fallback,edit this row if the sprite is wrong
bellossom,Bellossom,182,182,assets/pokemon-green/pokemon/0182/front_normal.png,emerald-internal-index,edit this row if the sprite is wrong
marill,Marill,183,183,assets/pokemon-green/pokemon/0183/front_normal.png,emerald-internal-index,edit this row if the sprite is wrong
azumarill,Azumarill,184,184,assets/pokemon-green/pokemon/0184/front_normal.png,emerald-internal-index,edit this row if the sprite is wrong
sudowoodo,Sudowoodo,185,185,assets/pokemon-green/pokemon/0185/front_normal.png,emerald-internal-index,edit this row if the sprite is wrong
politoed,Politoed,186,186,assets/pokemon-green/pokemon/0186/front_normal.png,emerald-internal-index,edit this row if the sprite is wrong
hoppip,Hoppip,187,187,assets/pokemon-green/pokemon/0187/front_normal.png,emerald-internal-index,edit this row if the sprite is wrong
skiploom,Skiploom,188,188,assets/pokemon-green/pokemon/0188/front_normal.png,emerald-internal-index,edit this row if the sprite is wrong
jumpluff,Jumpluff,189,189,assets/pokemon-green/pokemon/0189/front_normal.png,emerald-internal-index,edit this row if the sprite is wrong
aipom,Aipom,190,190,assets/pokemon-green/pokemon/0190/front_normal.png,emerald-internal-index,edit this row if the sprite is wrong
sunkern,Sunkern,191,191,assets/pokemon-green/pokemon/0191/front_normal.png,emerald-internal-index,edit this row if the sprite is wrong
sunflora,Sunflora,192,192,assets/pokemon-green/pokemon/0192/front_normal.png,emerald-internal-index,edit this row if the sprite is wrong
yanma,Yanma,193,193,assets/pokemon-green/pokemon/0193/front_normal.png,emerald-internal-index,edit this row if the sprite is wrong
wooper,Wooper,194,194,assets/pokemon-green/pokemon/0194/front_normal.png,emerald-internal-index,edit this row if the sprite is wrong
wooperpaldea,Wooper-Paldea,194,194,assets/pokemon-green/pokemon/0194/front_normal.png,base-species-fallback,edit this row if the sprite is wrong
quagsire,Quagsire,195,195,assets/pokemon-green/pokemon/0195/front_normal.png,emerald-internal-index,edit this row if the sprite is wrong
espeon,Espeon,196,196,assets/pokemon-green/pokemon/0196/front_normal.png,emerald-internal-index,edit this row if the sprite is wrong
umbreon,Umbreon,197,197,assets/pokemon-green/pokemon/0197/front_normal.png,emerald-internal-index,edit this row if the sprite is wrong
murkrow,Murkrow,198,198,assets/pokemon-green/pokemon/0198/front_normal.png,emerald-internal-index,edit this row if the sprite is wrong
slowking,Slowking,199,199,assets/pokemon-green/pokemon/0199/front_normal.png,emerald-internal-index,edit this row if the sprite is wrong
slowkinggalar,Slowking-Galar,199,199,assets/pokemon-green/pokemon/0199/front_normal.png,base-species-fallback,edit this row if the sprite is wrong
misdreavus,Misdreavus,200,200,assets/pokemon-green/pokemon/0200/front_normal.png,emerald-internal-index,edit this row if the sprite is wrong
unown,Unown,201,201,assets/pokemon-green/pokemon/0201/front_normal.png,emerald-internal-index,edit this row if the sprite is wrong
wobbuffet,Wobbuffet,202,202,assets/pokemon-green/pokemon/0202/front_normal.png,emerald-internal-index,edit this row if the sprite is wrong
girafarig,Girafarig,203,203,assets/pokemon-green/pokemon/0203/front_normal.png,emerald-internal-index,edit this row if the sprite is wrong
pineco,Pineco,204,204,assets/pokemon-green/pokemon/0204/front_normal.png,emerald-internal-index,edit this row if the sprite is wrong
forretress,Forretress,205,205,assets/pokemon-green/pokemon/0205/front_normal.png,emerald-internal-index,edit this row if the sprite is wrong
dunsparce,Dunsparce,206,206,assets/pokemon-green/pokemon/0206/front_normal.png,emerald-internal-index,edit this row if the sprite is wrong
gligar,Gligar,207,207,assets/pokemon-green/pokemon/0207/front_normal.png,emerald-internal-index,edit this row if the sprite is wrong
steelix,Steelix,208,208,assets/pokemon-green/pokemon/0208/front_normal.png,emerald-internal-index,edit this row if the sprite is wrong
steelixmega,Steelix-Mega,208,208,assets/pokemon-green/pokemon/0208/front_normal.png,base-species-fallback,edit this row if the sprite is wrong
snubbull,Snubbull,209,209,assets/pokemon-green/pokemon/0209/front_normal.png,emerald-internal-index,edit this row if the sprite is wrong
granbull,Granbull,210,210,assets/pokemon-green/pokemon/0210/front_normal.png,emerald-internal-index,edit this row if the sprite is wrong
qwilfish,Qwilfish,211,211,assets/pokemon-green/pokemon/0211/front_normal.png,emerald-internal-index,edit this row if the sprite is wrong
qwilfishhisui,Qwilfish-Hisui,211,211,assets/pokemon-green/pokemon/0211/front_normal.png,base-species-fallback,edit this row if the sprite is wrong
scizor,Scizor,212,212,assets/pokemon-green/pokemon/0212/front_normal.png,emerald-internal-index,edit this row if the sprite is wrong
scizormega,Scizor-Mega,212,212,assets/pokemon-green/pokemon/0212/front_normal.png,base-species-fallback,edit this row if the sprite is wrong
shuckle,Shuckle,213,213,assets/pokemon-green/pokemon/0213/front_normal.png,emerald-internal-index,edit this row if the sprite is wrong
heracross,Heracross,214,214,assets/pokemon-green/pokemon/0214/front_normal.png,emerald-internal-index,edit this row if the sprite is wrong
heracrossmega,Heracross-Mega,214,214,assets/pokemon-green/pokemon/0214/front_normal.png,base-species-fallback,edit this row if the sprite is wrong
sneasel,Sneasel,215,215,assets/pokemon-green/pokemon/0215/front_normal.png,emerald-internal-index,edit this row if the sprite is wrong
sneaselhisui,Sneasel-Hisui,215,215,assets/pokemon-green/pokemon/0215/front_normal.png,base-species-fallback,edit this row if the sprite is wrong
teddiursa,Teddiursa,216,216,assets/pokemon-green/pokemon/0216/front_normal.png,emerald-internal-index,edit this row if the sprite is wrong
ursaring,Ursaring,217,217,assets/pokemon-green/pokemon/0217/front_normal.png,emerald-internal-index,edit this row if the sprite is wrong
slugma,Slugma,218,218,assets/pokemon-green/pokemon/0218/front_normal.png,emerald-internal-index,edit this row if the sprite is wrong
magcargo,Magcargo,219,219,assets/pokemon-green/pokemon/0219/front_normal.png,emerald-internal-index,edit this row if the sprite is wrong
swinub,Swinub,220,220,assets/pokemon-green/pokemon/0220/front_normal.png,emerald-internal-index,edit this row if the sprite is wrong
piloswine,Piloswine,221,221,assets/pokemon-green/pokemon/0221/front_normal.png,emerald-internal-index,edit this row if the sprite is wrong
corsola,Corsola,222,222,assets/pokemon-green/pokemon/0222/front_normal.png,emerald-internal-index,edit this row if the sprite is wrong
corsolagalar,Corsola-Galar,222,222,assets/pokemon-green/pokemon/0222/front_normal.png,base-species-fallback,edit this row if the sprite is wrong
remoraid,Remoraid,223,223,assets/pokemon-green/pokemon/0223/front_normal.png,emerald-internal-index,edit this row if the sprite is wrong
octillery,Octillery,224,224,assets/pokemon-green/pokemon/0224/front_normal.png,emerald-internal-index,edit this row if the sprite is wrong
delibird,Delibird,225,225,assets/pokemon-green/pokemon/0225/front_normal.png,emerald-internal-index,edit this row if the sprite is wrong
mantine,Mantine,226,226,assets/pokemon-green/pokemon/0226/front_normal.png,emerald-internal-index,edit this row if the sprite is wrong
skarmory,Skarmory,227,227,assets/pokemon-green/pokemon/0227/front_normal.png,emerald-internal-index,edit this row if the sprite is wrong
skarmorymega,Skarmory-Mega,227,227,assets/pokemon-green/pokemon/0227/front_normal.png,base-species-fallback,edit this row if the sprite is wrong
houndour,Houndour,228,228,assets/pokemon-green/pokemon/0228/front_normal.png,emerald-internal-index,edit this row if the sprite is wrong
houndoom,Houndoom,229,229,assets/pokemon-green/pokemon/0229/front_normal.png,emerald-internal-index,edit this row if the sprite is wrong
houndoommega,Houndoom-Mega,229,229,assets/pokemon-green/pokemon/0229/front_normal.png,base-species-fallback,edit this row if the sprite is wrong
kingdra,Kingdra,230,230,assets/pokemon-green/pokemon/0230/front_normal.png,emerald-internal-index,edit this row if the sprite is wrong
phanpy,Phanpy,231,231,assets/pokemon-green/pokemon/0231/front_normal.png,emerald-internal-index,edit this row if the sprite is wrong
donphan,Donphan,232,232,assets/pokemon-green/pokemon/0232/front_normal.png,emerald-internal-index,edit this row if the sprite is wrong
porygon2,Porygon2,233,233,assets/pokemon-green/pokemon/0233/front_normal.png,emerald-internal-index,edit this row if the sprite is wrong
stantler,Stantler,234,234,assets/pokemon-green/pokemon/0234/front_normal.png,emerald-internal-index,edit this row if the sprite is wrong
smeargle,Smeargle,235,235,assets/pokemon-green/pokemon/0235/front_normal.png,emerald-internal-index,edit this row if the sprite is wrong
tyrogue,Tyrogue,236,236,assets/pokemon-green/pokemon/0236/front_normal.png,emerald-internal-index,edit this row if the sprite is wrong
hitmontop,Hitmontop,237,237,assets/pokemon-green/pokemon/0237/front_normal.png,emerald-internal-index,edit this row if the sprite is wrong
smoochum,Smoochum,238,238,assets/pokemon-green/pokemon/0238/front_normal.png,emerald-internal-index,edit this row if the sprite is wrong
elekid,Elekid,239,239,assets/pokemon-green/pokemon/0239/front_normal.png,emerald-internal-index,edit this row if the sprite is wrong
magby,Magby,240,240,assets/pokemon-green/pokemon/0240/front_normal.png,emerald-internal-index,edit this row if the sprite is wrong
miltank,Miltank,241,241,assets/pokemon-green/pokemon/0241/front_normal.png,emerald-internal-index,edit this row if the sprite is wrong
blissey,Blissey,242,242,assets/pokemon-green/pokemon/0242/front_normal.png,emerald-internal-index,edit this row if the sprite is wrong
raikou,Raikou,243,243,assets/pokemon-green/pokemon/0243/front_normal.png,emerald-internal-index,edit this row if the sprite is wrong
entei,Entei,244,244,assets/pokemon-green/pokemon/0244/front_normal.png,emerald-internal-index,edit this row if the sprite is wrong
suicune,Suicune,245,245,assets/pokemon-green/pokemon/0245/front_normal.png,emerald-internal-index,edit this row if the sprite is wrong
larvitar,Larvitar,246,246,assets/pokemon-green/pokemon/0246/front_normal.png,emerald-internal-index,edit this row if the sprite is wrong
pupitar,Pupitar,247,247,assets/pokemon-green/pokemon/0247/front_normal.png,emerald-internal-index,edit this row if the sprite is wrong
tyranitar,Tyranitar,248,248,assets/pokemon-green/pokemon/0248/front_normal.png,emerald-internal-index,edit this row if the sprite is wrong
tyranitarmega,Tyranitar-Mega,248,248,assets/pokemon-green/pokemon/0248/front_normal.png,base-species-fallback,edit this row if the sprite is wrong
lugia,Lugia,249,249,assets/pokemon-green/pokemon/0249/front_normal.png,emerald-internal-index,edit this row if the sprite is wrong
hooh,Ho-Oh,250,250,assets/pokemon-green/pokemon/0250/front_normal.png,emerald-internal-index,edit this row if the sprite is wrong
celebi,Celebi,251,251,assets/pokemon-green/pokemon/0251/front_normal.png,emerald-internal-index,edit this row if the sprite is wrong
treecko,Treecko,252,277,assets/pokemon-green/pokemon/0277/front_normal.png,emerald-internal-index,edit this row if the sprite is wrong
grovyle,Grovyle,253,278,assets/pokemon-green/pokemon/0278/front_normal.png,emerald-internal-index,edit this row if the sprite is wrong
sceptile,Sceptile,254,279,assets/pokemon-green/pokemon/0279/front_normal.png,emerald-internal-index,edit this row if the sprite is wrong
sceptilemega,Sceptile-Mega,254,279,assets/pokemon-green/pokemon/0279/front_normal.png,base-species-fallback,edit this row if the sprite is wrong
torchic,Torchic,255,280,assets/pokemon-green/pokemon/0280/front_normal.png,emerald-internal-index,edit this row if the sprite is wrong
combusken,Combusken,256,281,assets/pokemon-green/pokemon/0281/front_normal.png,emerald-internal-index,edit this row if the sprite is wrong
blaziken,Blaziken,257,282,assets/pokemon-green/pokemon/0282/front_normal.png,emerald-internal-index,edit this row if the sprite is wrong
blazikenmega,Blaziken-Mega,257,282,assets/pokemon-green/pokemon/0282/front_normal.png,base-species-fallback,edit this row if the sprite is wrong
mudkip,Mudkip,258,283,assets/pokemon-green/pokemon/0283/front_normal.png,emerald-internal-index,edit this row if the sprite is wrong
marshtomp,Marshtomp,259,284,assets/pokemon-green/pokemon/0284/front_normal.png,emerald-internal-index,edit this row if the sprite is wrong
swampert,Swampert,260,285,assets/pokemon-green/pokemon/0285/front_normal.png,emerald-internal-index,edit this row if the sprite is wrong
swampertmega,Swampert-Mega,260,285,assets/pokemon-green/pokemon/0285/front_normal.png,base-species-fallback,edit this row if the sprite is wrong
poochyena,Poochyena,261,286,assets/pokemon-green/pokemon/0286/front_normal.png,emerald-internal-index,edit this row if the sprite is wrong
mightyena,Mightyena,262,287,assets/pokemon-green/pokemon/0287/front_normal.png,emerald-internal-index,edit this row if the sprite is wrong
zigzagoon,Zigzagoon,263,288,assets/pokemon-green/pokemon/0288/front_normal.png,emerald-internal-index,edit this row if the sprite is wrong
zigzagoongalar,Zigzagoon-Galar,263,288,assets/pokemon-green/pokemon/0288/front_normal.png,base-species-fallback,edit this row if the sprite is wrong
linoone,Linoone,264,289,assets/pokemon-green/pokemon/0289/front_normal.png,emerald-internal-index,edit this row if the sprite is wrong
linoonegalar,Linoone-Galar,264,289,assets/pokemon-green/pokemon/0289/front_normal.png,base-species-fallback,edit this row if the sprite is wrong
wurmple,Wurmple,265,290,assets/pokemon-green/pokemon/0290/front_normal.png,emerald-internal-index,edit this row if the sprite is wrong
silcoon,Silcoon,266,291,assets/pokemon-green/pokemon/0291/front_normal.png,emerald-internal-index,edit this row if the sprite is wrong
beautifly,Beautifly,267,292,assets/pokemon-green/pokemon/0292/front_normal.png,emerald-internal-index,edit this row if the sprite is wrong
cascoon,Cascoon,268,293,assets/pokemon-green/pokemon/0293/front_normal.png,emerald-internal-index,edit this row if the sprite is wrong
dustox,Dustox,269,294,assets/pokemon-green/pokemon/0294/front_normal.png,emerald-internal-index,edit this row if the sprite is wrong
lotad,Lotad,270,295,assets/pokemon-green/pokemon/0295/front_normal.png,emerald-internal-index,edit this row if the sprite is wrong
lombre,Lombre,271,296,assets/pokemon-green/pokemon/0296/front_normal.png,emerald-internal-index,edit this row if the sprite is wrong
ludicolo,Ludicolo,272,297,assets/pokemon-green/pokemon/0297/front_normal.png,emerald-internal-index,edit this row if the sprite is wrong
seedot,Seedot,273,298,assets/pokemon-green/pokemon/0298/front_normal.png,emerald-internal-index,edit this row if the sprite is wrong
nuzleaf,Nuzleaf,274,299,assets/pokemon-green/pokemon/0299/front_normal.png,emerald-internal-index,edit this row if the sprite is wrong
shiftry,Shiftry,275,300,assets/pokemon-green/pokemon/0300/front_normal.png,emerald-internal-index,edit this row if the sprite is wrong
taillow,Taillow,276,301,assets/pokemon-green/pokemon/0301/front_normal.png,emerald-internal-index,edit this row if the sprite is wrong
swellow,Swellow,277,302,assets/pokemon-green/pokemon/0302/front_normal.png,emerald-internal-index,edit this row if the sprite is wrong
wingull,Wingull,278,303,assets/pokemon-green/pokemon/0303/front_normal.png,emerald-internal-index,edit this row if the sprite is wrong
pelipper,Pelipper,279,304,assets/pokemon-green/pokemon/0304/front_normal.png,emerald-internal-index,edit this row if the sprite is wrong
ralts,Ralts,280,305,assets/pokemon-green/pokemon/0305/front_normal.png,emerald-internal-index,edit this row if the sprite is wrong
kirlia,Kirlia,281,306,assets/pokemon-green/pokemon/0306/front_normal.png,emerald-internal-index,edit this row if the sprite is wrong
gardevoir,Gardevoir,282,307,assets/pokemon-green/pokemon/0307/front_normal.png,emerald-internal-index,edit this row if the sprite is wrong
gardevoirmega,Gardevoir-Mega,282,307,assets/pokemon-green/pokemon/0307/front_normal.png,base-species-fallback,edit this row if the sprite is wrong
surskit,Surskit,283,308,assets/pokemon-green/pokemon/0308/front_normal.png,emerald-internal-index,edit this row if the sprite is wrong
masquerain,Masquerain,284,309,assets/pokemon-green/pokemon/0309/front_normal.png,emerald-internal-index,edit this row if the sprite is wrong
shroomish,Shroomish,285,310,assets/pokemon-green/pokemon/0310/front_normal.png,emerald-internal-index,edit this row if the sprite is wrong
breloom,Breloom,286,311,assets/pokemon-green/pokemon/0311/front_normal.png,emerald-internal-index,edit this row if the sprite is wrong
slakoth,Slakoth,287,312,assets/pokemon-green/pokemon/0312/front_normal.png,emerald-internal-index,edit this row if the sprite is wrong
vigoroth,Vigoroth,288,313,assets/pokemon-green/pokemon/0313/front_normal.png,emerald-internal-index,edit this row if the sprite is wrong
slaking,Slaking,289,314,assets/pokemon-green/pokemon/0314/front_normal.png,emerald-internal-index,edit this row if the sprite is wrong
nincada,Nincada,290,315,assets/pokemon-green/pokemon/0315/front_normal.png,emerald-internal-index,edit this row if the sprite is wrong
ninjask,Ninjask,291,316,assets/pokemon-green/pokemon/0316/front_normal.png,emerald-internal-index,edit this row if the sprite is wrong
shedinja,Shedinja,292,317,assets/pokemon-green/pokemon/0317/front_normal.png,emerald-internal-index,edit this row if the sprite is wrong
whismur,Whismur,293,318,assets/pokemon-green/pokemon/0318/front_normal.png,emerald-internal-index,edit this row if the sprite is wrong
loudred,Loudred,294,319,assets/pokemon-green/pokemon/0319/front_normal.png,emerald-internal-index,edit this row if the sprite is wrong
exploud,Exploud,295,320,assets/pokemon-green/pokemon/0320/front_normal.png,emerald-internal-index,edit this row if the sprite is wrong
makuhita,Makuhita,296,321,assets/pokemon-green/pokemon/0321/front_normal.png,emerald-internal-index,edit this row if the sprite is wrong
hariyama,Hariyama,297,322,assets/pokemon-green/pokemon/0322/front_normal.png,emerald-internal-index,edit this row if the sprite is wrong
azurill,Azurill,298,323,assets/pokemon-green/pokemon/0323/front_normal.png,emerald-internal-index,edit this row if the sprite is wrong
nosepass,Nosepass,299,324,assets/pokemon-green/pokemon/0324/front_normal.png,emerald-internal-index,edit this row if the sprite is wrong
skitty,Skitty,300,325,assets/pokemon-green/pokemon/0325/front_normal.png,emerald-internal-index,edit this row if the sprite is wrong
delcatty,Delcatty,301,326,assets/pokemon-green/pokemon/0326/front_normal.png,emerald-internal-index,edit this row if the sprite is wrong
sableye,Sableye,302,322,assets/pokemon-green/pokemon/0322/front_normal.png,manual-verified,edit this row if the sprite is wrong
sableyemega,Sableye-Mega,302,322,assets/pokemon-green/pokemon/0322/front_normal.png,base-species-fallback,edit this row if the sprite is wrong
mawile,Mawile,303,328,assets/pokemon-green/pokemon/0328/front_normal.png,emerald-internal-index,edit this row if the sprite is wrong
mawilemega,Mawile-Mega,303,328,assets/pokemon-green/pokemon/0328/front_normal.png,base-species-fallback,edit this row if the sprite is wrong
aron,Aron,304,329,assets/pokemon-green/pokemon/0329/front_normal.png,emerald-internal-index,edit this row if the sprite is wrong
lairon,Lairon,305,330,assets/pokemon-green/pokemon/0330/front_normal.png,emerald-internal-index,edit this row if the sprite is wrong
aggron,Aggron,306,331,assets/pokemon-green/pokemon/0331/front_normal.png,emerald-internal-index,edit this row if the sprite is wrong
aggronmega,Aggron-Mega,306,331,assets/pokemon-green/pokemon/0331/front_normal.png,base-species-fallback,edit this row if the sprite is wrong
meditite,Meditite,307,332,assets/pokemon-green/pokemon/0332/front_normal.png,emerald-internal-index,edit this row if the sprite is wrong
medicham,Medicham,308,333,assets/pokemon-green/pokemon/0333/front_normal.png,emerald-internal-index,edit this row if the sprite is wrong
medichammega,Medicham-Mega,308,333,assets/pokemon-green/pokemon/0333/front_normal.png,base-species-fallback,edit this row if the sprite is wrong
electrike,Electrike,309,334,assets/pokemon-green/pokemon/0334/front_normal.png,emerald-internal-index,edit this row if the sprite is wrong
manectric,Manectric,310,335,assets/pokemon-green/pokemon/0335/front_normal.png,emerald-internal-index,edit this row if the sprite is wrong
manectricmega,Manectric-Mega,310,335,assets/pokemon-green/pokemon/0335/front_normal.png,base-species-fallback,edit this row if the sprite is wrong
plusle,Plusle,311,336,assets/pokemon-green/pokemon/0336/front_normal.png,emerald-internal-index,edit this row if the sprite is wrong
minun,Minun,312,337,assets/pokemon-green/pokemon/0337/front_normal.png,emerald-internal-index,edit this row if the sprite is wrong
volbeat,Volbeat,313,338,assets/pokemon-green/pokemon/0338/front_normal.png,emerald-internal-index,edit this row if the sprite is wrong
illumise,Illumise,314,339,assets/pokemon-green/pokemon/0339/front_normal.png,emerald-internal-index,edit this row if the sprite is wrong
roselia,Roselia,315,340,assets/pokemon-green/pokemon/0340/front_normal.png,emerald-internal-index,edit this row if the sprite is wrong
gulpin,Gulpin,316,341,assets/pokemon-green/pokemon/0341/front_normal.png,emerald-internal-index,edit this row if the sprite is wrong
swalot,Swalot,317,342,assets/pokemon-green/pokemon/0342/front_normal.png,emerald-internal-index,edit this row if the sprite is wrong
carvanha,Carvanha,318,343,assets/pokemon-green/pokemon/0343/front_normal.png,emerald-internal-index,edit this row if the sprite is wrong
sharpedo,Sharpedo,319,344,assets/pokemon-green/pokemon/0344/front_normal.png,emerald-internal-index,edit this row if the sprite is wrong
sharpedomega,Sharpedo-Mega,319,344,assets/pokemon-green/pokemon/0344/front_normal.png,base-species-fallback,edit this row if the sprite is wrong
wailmer,Wailmer,320,345,assets/pokemon-green/pokemon/0345/front_normal.png,emerald-internal-index,edit this row if the sprite is wrong
wailord,Wailord,321,346,assets/pokemon-green/pokemon/0346/front_normal.png,emerald-internal-index,edit this row if the sprite is wrong
numel,Numel,322,347,assets/pokemon-green/pokemon/0347/front_normal.png,emerald-internal-index,edit this row if the sprite is wrong
camerupt,Camerupt,323,348,assets/pokemon-green/pokemon/0348/front_normal.png,emerald-internal-index,edit this row if the sprite is wrong
cameruptmega,Camerupt-Mega,323,348,assets/pokemon-green/pokemon/0348/front_normal.png,base-species-fallback,edit this row if the sprite is wrong
torkoal,Torkoal,324,349,assets/pokemon-green/pokemon/0349/front_normal.png,emerald-internal-index,edit this row if the sprite is wrong
spoink,Spoink,325,350,assets/pokemon-green/pokemon/0350/front_normal.png,emerald-internal-index,edit this row if the sprite is wrong
grumpig,Grumpig,326,351,assets/pokemon-green/pokemon/0351/front_normal.png,emerald-internal-index,edit this row if the sprite is wrong
spinda,Spinda,327,352,assets/pokemon-green/pokemon/0352/front_normal.png,emerald-internal-index,edit this row if the sprite is wrong
trapinch,Trapinch,328,353,assets/pokemon-green/pokemon/0353/front_normal.png,emerald-internal-index,edit this row if the sprite is wrong
vibrava,Vibrava,329,354,assets/pokemon-green/pokemon/0354/front_normal.png,emerald-internal-index,edit this row if the sprite is wrong
flygon,Flygon,330,355,assets/pokemon-green/pokemon/0355/front_normal.png,emerald-internal-index,edit this row if the sprite is wrong
cacnea,Cacnea,331,356,assets/pokemon-green/pokemon/0356/front_normal.png,emerald-internal-index,edit this row if the sprite is wrong
cacturne,Cacturne,332,357,assets/pokemon-green/pokemon/0357/front_normal.png,emerald-internal-index,edit this row if the sprite is wrong
swablu,Swablu,333,358,assets/pokemon-green/pokemon/0358/front_normal.png,emerald-internal-index,edit this row if the sprite is wrong
altaria,Altaria,334,359,assets/pokemon-green/pokemon/0359/front_normal.png,emerald-internal-index,edit this row if the sprite is wrong
altariamega,Altaria-Mega,334,359,assets/pokemon-green/pokemon/0359/front_normal.png,base-species-fallback,edit this row if the sprite is wrong
zangoose,Zangoose,335,360,assets/pokemon-green/pokemon/0360/front_normal.png,emerald-internal-index,edit this row if the sprite is wrong
seviper,Seviper,336,361,assets/pokemon-green/pokemon/0361/front_normal.png,emerald-internal-index,edit this row if the sprite is wrong
lunatone,Lunatone,337,362,assets/pokemon-green/pokemon/0362/front_normal.png,emerald-internal-index,edit this row if the sprite is wrong
solrock,Solrock,338,363,assets/pokemon-green/pokemon/0363/front_normal.png,emerald-internal-index,edit this row if the sprite is wrong
barboach,Barboach,339,364,assets/pokemon-green/pokemon/0364/front_normal.png,emerald-internal-index,edit this row if the sprite is wrong
whiscash,Whiscash,340,365,assets/pokemon-green/pokemon/0365/front_normal.png,emerald-internal-index,edit this row if the sprite is wrong
corphish,Corphish,341,366,assets/pokemon-green/pokemon/0366/front_normal.png,emerald-internal-index,edit this row if the sprite is wrong
crawdaunt,Crawdaunt,342,367,assets/pokemon-green/pokemon/0367/front_normal.png,emerald-internal-index,edit this row if the sprite is wrong
baltoy,Baltoy,343,368,assets/pokemon-green/pokemon/0368/front_normal.png,emerald-internal-index,edit this row if the sprite is wrong
claydol,Claydol,344,369,assets/pokemon-green/pokemon/0369/front_normal.png,emerald-internal-index,edit this row if the sprite is wrong
lileep,Lileep,345,370,assets/pokemon-green/pokemon/0370/front_normal.png,emerald-internal-index,edit this row if the sprite is wrong
cradily,Cradily,346,371,assets/pokemon-green/pokemon/0371/front_normal.png,emerald-internal-index,edit this row if the sprite is wrong
anorith,Anorith,347,372,assets/pokemon-green/pokemon/0372/front_normal.png,emerald-internal-index,edit this row if the sprite is wrong
armaldo,Armaldo,348,373,assets/pokemon-green/pokemon/0373/front_normal.png,emerald-internal-index,edit this row if the sprite is wrong
feebas,Feebas,349,374,assets/pokemon-green/pokemon/0374/front_normal.png,emerald-internal-index,edit this row if the sprite is wrong
milotic,Milotic,350,375,assets/pokemon-green/pokemon/0375/front_normal.png,emerald-internal-index,edit this row if the sprite is wrong
castform,Castform,351,376,assets/pokemon-green/pokemon/0376/front_normal.png,emerald-internal-index,edit this row if the sprite is wrong
castformrainy,Castform-Rainy,351,376,assets/pokemon-green/pokemon/0376/front_normal.png,base-species-fallback,edit this row if the sprite is wrong
castformsnowy,Castform-Snowy,351,376,assets/pokemon-green/pokemon/0376/front_normal.png,base-species-fallback,edit this row if the sprite is wrong
castformsunny,Castform-Sunny,351,376,assets/pokemon-green/pokemon/0376/front_normal.png,base-species-fallback,edit this row if the sprite is wrong
kecleon,Kecleon,352,377,assets/pokemon-green/pokemon/0377/front_normal.png,emerald-internal-index,edit this row if the sprite is wrong
shuppet,Shuppet,353,378,assets/pokemon-green/pokemon/0378/front_normal.png,emerald-internal-index,edit this row if the sprite is wrong
banette,Banette,354,379,assets/pokemon-green/pokemon/0379/front_normal.png,emerald-internal-index,edit this row if the sprite is wrong
banettemega,Banette-Mega,354,379,assets/pokemon-green/pokemon/0379/front_normal.png,base-species-fallback,edit this row if the sprite is wrong
duskull,Duskull,355,380,assets/pokemon-green/pokemon/0380/front_normal.png,emerald-internal-index,edit this row if the sprite is wrong
dusclops,Dusclops,356,381,assets/pokemon-green/pokemon/0381/front_normal.png,emerald-internal-index,edit this row if the sprite is wrong
tropius,Tropius,357,382,assets/pokemon-green/pokemon/0382/front_normal.png,emerald-internal-index,edit this row if the sprite is wrong
chimecho,Chimecho,358,383,assets/pokemon-green/pokemon/0383/front_normal.png,emerald-internal-index,edit this row if the sprite is wrong
chimechomega,Chimecho-Mega,358,383,assets/pokemon-green/pokemon/0383/front_normal.png,base-species-fallback,edit this row if the sprite is wrong
absol,Absol,359,384,assets/pokemon-green/pokemon/0384/front_normal.png,emerald-internal-index,edit this row if the sprite is wrong
absolmega,Absol-Mega,359,384,assets/pokemon-green/pokemon/0384/front_normal.png,base-species-fallback,edit this row if the sprite is wrong
absolmegaz,Absol-Mega-Z,359,384,assets/pokemon-green/pokemon/0384/front_normal.png,base-species-fallback,edit this row if the sprite is wrong
wynaut,Wynaut,360,385,assets/pokemon-green/pokemon/0385/front_normal.png,emerald-internal-index,edit this row if the sprite is wrong
snorunt,Snorunt,361,386,assets/pokemon-green/pokemon/0386/front_normal.png,emerald-internal-index,edit this row if the sprite is wrong
glalie,Glalie,362,387,assets/pokemon-green/pokemon/0387/front_normal.png,emerald-internal-index,edit this row if the sprite is wrong
glaliemega,Glalie-Mega,362,387,assets/pokemon-green/pokemon/0387/front_normal.png,base-species-fallback,edit this row if the sprite is wrong
spheal,Spheal,363,388,assets/pokemon-green/pokemon/0388/front_normal.png,emerald-internal-index,edit this row if the sprite is wrong
sealeo,Sealeo,364,389,assets/pokemon-green/pokemon/0389/front_normal.png,emerald-internal-index,edit this row if the sprite is wrong
walrein,Walrein,365,390,assets/pokemon-green/pokemon/0390/front_normal.png,emerald-internal-index,edit this row if the sprite is wrong
clamperl,Clamperl,366,391,assets/pokemon-green/pokemon/0391/front_normal.png,emerald-internal-index,edit this row if the sprite is wrong
huntail,Huntail,367,392,assets/pokemon-green/pokemon/0392/front_normal.png,emerald-internal-index,edit this row if the sprite is wrong
gorebyss,Gorebyss,368,393,assets/pokemon-green/pokemon/0393/front_normal.png,emerald-internal-index,edit this row if the sprite is wrong
relicanth,Relicanth,369,394,assets/pokemon-green/pokemon/0394/front_normal.png,emerald-internal-index,edit this row if the sprite is wrong
luvdisc,Luvdisc,370,395,assets/pokemon-green/pokemon/0395/front_normal.png,emerald-internal-index,edit this row if the sprite is wrong
bagon,Bagon,371,396,assets/pokemon-green/pokemon/0396/front_normal.png,emerald-internal-index,edit this row if the sprite is wrong
shelgon,Shelgon,372,397,assets/pokemon-green/pokemon/0397/front_normal.png,emerald-internal-index,edit this row if the sprite is wrong
salamence,Salamence,373,398,assets/pokemon-green/pokemon/0398/front_normal.png,emerald-internal-index,edit this row if the sprite is wrong
salamencemega,Salamence-Mega,373,398,assets/pokemon-green/pokemon/0398/front_normal.png,base-species-fallback,edit this row if the sprite is wrong
beldum,Beldum,374,399,assets/pokemon-green/pokemon/0399/front_normal.png,emerald-internal-index,edit this row if the sprite is wrong
metang,Metang,375,400,assets/pokemon-green/pokemon/0400/front_normal.png,emerald-internal-index,edit this row if the sprite is wrong
metagross,Metagross,376,401,assets/pokemon-green/pokemon/0401/front_normal.png,emerald-internal-index,edit this row if the sprite is wrong
metagrossmega,Metagross-Mega,376,401,assets/pokemon-green/pokemon/0401/front_normal.png,base-species-fallback,edit this row if the sprite is wrong
regirock,Regirock,377,402,assets/pokemon-green/pokemon/0402/front_normal.png,emerald-internal-index,edit this row if the sprite is wrong
regice,Regice,378,403,assets/pokemon-green/pokemon/0403/front_normal.png,emerald-internal-index,edit this row if the sprite is wrong
registeel,Registeel,379,404,assets/pokemon-green/pokemon/0404/front_normal.png,emerald-internal-index,edit this row if the sprite is wrong
latias,Latias,380,405,assets/pokemon-green/pokemon/0405/front_normal.png,emerald-internal-index,edit this row if the sprite is wrong
latiasmega,Latias-Mega,380,405,assets/pokemon-green/pokemon/0405/front_normal.png,base-species-fallback,edit this row if the sprite is wrong
latios,Latios,381,406,assets/pokemon-green/pokemon/0406/front_normal.png,emerald-internal-index,edit this row if the sprite is wrong
latiosmega,Latios-Mega,381,406,assets/pokemon-green/pokemon/0406/front_normal.png,base-species-fallback,edit this row if the sprite is wrong
kyogre,Kyogre,382,407,assets/pokemon-green/pokemon/0407/front_normal.png,emerald-internal-index,edit this row if the sprite is wrong
kyogreprimal,Kyogre-Primal,382,407,assets/pokemon-green/pokemon/0407/front_normal.png,base-species-fallback,edit this row if the sprite is wrong
groudon,Groudon,383,408,assets/pokemon-green/pokemon/0408/front_normal.png,emerald-internal-index,edit this row if the sprite is wrong
groudonprimal,Groudon-Primal,383,408,assets/pokemon-green/pokemon/0408/front_normal.png,base-species-fallback,edit this row if the sprite is wrong
rayquaza,Rayquaza,384,409,assets/pokemon-green/pokemon/0409/front_normal.png,emerald-internal-index,edit this row if the sprite is wrong
rayquazamega,Rayquaza-Mega,384,409,assets/pokemon-green/pokemon/0409/front_normal.png,base-species-fallback,edit this row if the sprite is wrong
jirachi,Jirachi,385,410,assets/pokemon-green/pokemon/0410/front_normal.png,emerald-internal-index,edit this row if the sprite is wrong
deoxys,Deoxys,386,411,assets/pokemon-green/pokemon/0411/front_normal.png,emerald-internal-index,edit this row if the sprite is wrong
deoxysattack,Deoxys-Attack,386,411,assets/pokemon-green/pokemon/0411/front_normal.png,base-species-fallback,edit this row if the sprite is wrong
deoxysdefense,Deoxys-Defense,386,411,assets/pokemon-green/pokemon/0411/front_normal.png,base-species-fallback,edit this row if the sprite is wrong
deoxysspeed,Deoxys-Speed,386,411,assets/pokemon-green/pokemon/0411/front_normal.png,base-species-fallback,edit this row if the sprite is wrong
turtwig,Turtwig,387,440,assets/pokemon-green/pokemon/0440/front_normal.png,emerald-internal-index,edit this row if the sprite is wrong
grotle,Grotle,388,441,assets/pokemon-green/pokemon/0441/front_normal.png,emerald-internal-index,edit this row if the sprite is wrong
torterra,Torterra,389,442,assets/pokemon-green/pokemon/0442/front_normal.png,emerald-internal-index,edit this row if the sprite is wrong
chimchar,Chimchar,390,443,assets/pokemon-green/pokemon/0443/front_normal.png,emerald-internal-index,edit this row if the sprite is wrong
monferno,Monferno,391,444,assets/pokemon-green/pokemon/0444/front_normal.png,emerald-internal-index,edit this row if the sprite is wrong
infernape,Infernape,392,445,assets/pokemon-green/pokemon/0445/front_normal.png,emerald-internal-index,edit this row if the sprite is wrong
piplup,Piplup,393,446,assets/pokemon-green/pokemon/0446/front_normal.png,emerald-internal-index,edit this row if the sprite is wrong
prinplup,Prinplup,394,447,assets/pokemon-green/pokemon/0447/front_normal.png,emerald-internal-index,edit this row if the sprite is wrong
empoleon,Empoleon,395,448,assets/pokemon-green/pokemon/0448/front_normal.png,emerald-internal-index,edit this row if the sprite is wrong
starly,Starly,396,449,assets/pokemon-green/pokemon/0449/front_normal.png,emerald-internal-index,edit this row if the sprite is wrong
staravia,Staravia,397,450,assets/pokemon-green/pokemon/0450/front_normal.png,emerald-internal-index,edit this row if the sprite is wrong
staraptor,Staraptor,398,451,assets/pokemon-green/pokemon/0451/front_normal.png,emerald-internal-index,edit this row if the sprite is wrong
staraptormega,Staraptor-Mega,398,451,assets/pokemon-green/pokemon/0451/front_normal.png,base-species-fallback,edit this row if the sprite is wrong
bidoof,Bidoof,399,452,assets/pokemon-green/pokemon/0452/front_normal.png,emerald-internal-index,edit this row if the sprite is wrong
bibarel,Bibarel,400,453,assets/pokemon-green/pokemon/0453/front_normal.png,emerald-internal-index,edit this row if the sprite is wrong
kricketot,Kricketot,401,454,assets/pokemon-green/pokemon/0454/front_normal.png,emerald-internal-index,edit this row if the sprite is wrong
kricketune,Kricketune,402,455,assets/pokemon-green/pokemon/0455/front_normal.png,emerald-internal-index,edit this row if the sprite is wrong
shinx,Shinx,403,456,assets/pokemon-green/pokemon/0456/front_normal.png,emerald-internal-index,edit this row if the sprite is wrong
luxio,Luxio,404,457,assets/pokemon-green/pokemon/0457/front_normal.png,emerald-internal-index,edit this row if the sprite is wrong
luxray,Luxray,405,458,assets/pokemon-green/pokemon/0458/front_normal.png,emerald-internal-index,edit this row if the sprite is wrong
budew,Budew,406,459,assets/pokemon-green/pokemon/0459/front_normal.png,emerald-internal-index,edit this row if the sprite is wrong
roserade,Roserade,407,460,assets/pokemon-green/pokemon/0460/front_normal.png,emerald-internal-index,edit this row if the sprite is wrong
cranidos,Cranidos,408,461,assets/pokemon-green/pokemon/0461/front_normal.png,emerald-internal-index,edit this row if the sprite is wrong
rampardos,Rampardos,409,462,assets/pokemon-green/pokemon/0462/front_normal.png,emerald-internal-index,edit this row if the sprite is wrong
shieldon,Shieldon,410,463,assets/pokemon-green/pokemon/0463/front_normal.png,emerald-internal-index,edit this row if the sprite is wrong
bastiodon,Bastiodon,411,464,assets/pokemon-green/pokemon/0464/front_normal.png,emerald-internal-index,edit this row if the sprite is wrong
burmy,Burmy,412,465,assets/pokemon-green/pokemon/0465/front_normal.png,emerald-internal-index,edit this row if the sprite is wrong
wormadam,Wormadam,413,466,assets/pokemon-green/pokemon/0466/front_normal.png,emerald-internal-index,edit this row if the sprite is wrong
wormadamsandy,Wormadam-Sandy,413,466,assets/pokemon-green/pokemon/0466/front_normal.png,base-species-fallback,edit this row if the sprite is wrong
wormadamtrash,Wormadam-Trash,413,466,assets/pokemon-green/pokemon/0466/front_normal.png,base-species-fallback,edit this row if the sprite is wrong
mothim,Mothim,414,467,assets/pokemon-green/pokemon/0467/front_normal.png,emerald-internal-index,edit this row if the sprite is wrong
combee,Combee,415,468,assets/pokemon-green/pokemon/0468/front_normal.png,emerald-internal-index,edit this row if the sprite is wrong
vespiquen,Vespiquen,416,469,assets/pokemon-green/pokemon/0469/front_normal.png,emerald-internal-index,edit this row if the sprite is wrong
pachirisu,Pachirisu,417,470,assets/pokemon-green/pokemon/0470/front_normal.png,emerald-internal-index,edit this row if the sprite is wrong
buizel,Buizel,418,471,assets/pokemon-green/pokemon/0471/front_normal.png,emerald-internal-index,edit this row if the sprite is wrong
floatzel,Floatzel,419,472,assets/pokemon-green/pokemon/0472/front_normal.png,emerald-internal-index,edit this row if the sprite is wrong
cherubi,Cherubi,420,473,assets/pokemon-green/pokemon/0473/front_normal.png,emerald-internal-index,edit this row if the sprite is wrong
cherrim,Cherrim,421,474,assets/pokemon-green/pokemon/0474/front_normal.png,emerald-internal-index,edit this row if the sprite is wrong
cherrimsunshine,Cherrim-Sunshine,421,474,assets/pokemon-green/pokemon/0474/front_normal.png,base-species-fallback,edit this row if the sprite is wrong
shellos,Shellos,422,475,assets/pokemon-green/pokemon/0475/front_normal.png,emerald-internal-index,edit this row if the sprite is wrong
gastrodon,Gastrodon,423,476,assets/pokemon-green/pokemon/0476/front_normal.png,emerald-internal-index,edit this row if the sprite is wrong
ambipom,Ambipom,424,477,assets/pokemon-green/pokemon/0477/front_normal.png,emerald-internal-index,edit this row if the sprite is wrong
drifloon,Drifloon,425,478,assets/pokemon-green/pokemon/0478/front_normal.png,emerald-internal-index,edit this row if the sprite is wrong
drifblim,Drifblim,426,479,assets/pokemon-green/pokemon/0479/front_normal.png,emerald-internal-index,edit this row if the sprite is wrong
buneary,Buneary,427,480,assets/pokemon-green/pokemon/0480/front_normal.png,emerald-internal-index,edit this row if the sprite is wrong
lopunny,Lopunny,428,481,assets/pokemon-green/pokemon/0481/front_normal.png,emerald-internal-index,edit this row if the sprite is wrong
lopunnymega,Lopunny-Mega,428,481,assets/pokemon-green/pokemon/0481/front_normal.png,base-species-fallback,edit this row if the sprite is wrong
mismagius,Mismagius,429,482,assets/pokemon-green/pokemon/0482/front_normal.png,emerald-internal-index,edit this row if the sprite is wrong
honchkrow,Honchkrow,430,483,assets/pokemon-green/pokemon/0483/front_normal.png,emerald-internal-index,edit this row if the sprite is wrong
glameow,Glameow,431,484,assets/pokemon-green/pokemon/0484/front_normal.png,emerald-internal-index,edit this row if the sprite is wrong
purugly,Purugly,432,485,assets/pokemon-green/pokemon/0485/front_normal.png,emerald-internal-index,edit this row if the sprite is wrong
chingling,Chingling,433,486,assets/pokemon-green/pokemon/0486/front_normal.png,emerald-internal-index,edit this row if the sprite is wrong
stunky,Stunky,434,487,assets/pokemon-green/pokemon/0487/front_normal.png,emerald-internal-index,edit this row if the sprite is wrong
skuntank,Skuntank,435,488,assets/pokemon-green/pokemon/0488/front_normal.png,emerald-internal-index,edit this row if the sprite is wrong
bronzor,Bronzor,436,489,assets/pokemon-green/pokemon/0489/front_normal.png,emerald-internal-index,edit this row if the sprite is wrong
bronzong,Bronzong,437,490,assets/pokemon-green/pokemon/0490/front_normal.png,emerald-internal-index,edit this row if the sprite is wrong
bonsly,Bonsly,438,491,assets/pokemon-green/pokemon/0491/front_normal.png,emerald-internal-index,edit this row if the sprite is wrong
mimejr,Mime Jr.,439,492,assets/pokemon-green/pokemon/0492/front_normal.png,emerald-internal-index,edit this row if the sprite is wrong
happiny,Happiny,440,493,assets/pokemon-green/pokemon/0493/front_normal.png,emerald-internal-index,edit this row if the sprite is wrong
chatot,Chatot,441,494,assets/pokemon-green/pokemon/0494/front_normal.png,emerald-internal-index,edit this row if the sprite is wrong
spiritomb,Spiritomb,442,495,assets/pokemon-green/pokemon/0495/front_normal.png,emerald-internal-index,edit this row if the sprite is wrong
gible,Gible,443,496,assets/pokemon-green/pokemon/0496/front_normal.png,emerald-internal-index,edit this row if the sprite is wrong
gabite,Gabite,444,497,assets/pokemon-green/pokemon/0497/front_normal.png,emerald-internal-index,edit this row if the sprite is wrong
garchomp,Garchomp,445,498,assets/pokemon-green/pokemon/0498/front_normal.png,emerald-internal-index,edit this row if the sprite is wrong
garchompmega,Garchomp-Mega,445,498,assets/pokemon-green/pokemon/0498/front_normal.png,base-species-fallback,edit this row if the sprite is wrong
garchompmegaz,Garchomp-Mega-Z,445,498,assets/pokemon-green/pokemon/0498/front_normal.png,base-species-fallback,edit this row if the sprite is wrong
munchlax,Munchlax,446,499,assets/pokemon-green/pokemon/0499/front_normal.png,emerald-internal-index,edit this row if the sprite is wrong
riolu,Riolu,447,500,assets/pokemon-green/pokemon/0500/front_normal.png,emerald-internal-index,edit this row if the sprite is wrong
lucario,Lucario,448,501,assets/pokemon-green/pokemon/0501/front_normal.png,emerald-internal-index,edit this row if the sprite is wrong
lucariomega,Lucario-Mega,448,501,assets/pokemon-green/pokemon/0501/front_normal.png,base-species-fallback,edit this row if the sprite is wrong
lucariomegaz,Lucario-Mega-Z,448,501,assets/pokemon-green/pokemon/0501/front_normal.png,base-species-fallback,edit this row if the sprite is wrong
hippopotas,Hippopotas,449,502,assets/pokemon-green/pokemon/0502/front_normal.png,emerald-internal-index,edit this row if the sprite is wrong
hippowdon,Hippowdon,450,503,assets/pokemon-green/pokemon/0503/front_normal.png,emerald-internal-index,edit this row if the sprite is wrong
skorupi,Skorupi,451,504,assets/pokemon-green/pokemon/0504/front_normal.png,emerald-internal-index,edit this row if the sprite is wrong
drapion,Drapion,452,505,assets/pokemon-green/pokemon/0505/front_normal.png,emerald-internal-index,edit this row if the sprite is wrong
croagunk,Croagunk,453,506,assets/pokemon-green/pokemon/0506/front_normal.png,emerald-internal-index,edit this row if the sprite is wrong
toxicroak,Toxicroak,454,507,assets/pokemon-green/pokemon/0507/front_normal.png,emerald-internal-index,edit this row if the sprite is wrong
carnivine,Carnivine,455,508,assets/pokemon-green/pokemon/0508/front_normal.png,emerald-internal-index,edit this row if the sprite is wrong
finneon,Finneon,456,509,assets/pokemon-green/pokemon/0509/front_normal.png,emerald-internal-index,edit this row if the sprite is wrong
lumineon,Lumineon,457,510,assets/pokemon-green/pokemon/0510/front_normal.png,emerald-internal-index,edit this row if the sprite is wrong
mantyke,Mantyke,458,511,assets/pokemon-green/pokemon/0511/front_normal.png,emerald-internal-index,edit this row if the sprite is wrong
snover,Snover,459,512,assets/pokemon-green/pokemon/0512/front_normal.png,emerald-internal-index,edit this row if the sprite is wrong
abomasnow,Abomasnow,460,513,assets/pokemon-green/pokemon/0513/front_normal.png,emerald-internal-index,edit this row if the sprite is wrong
abomasnowmega,Abomasnow-Mega,460,513,assets/pokemon-green/pokemon/0513/front_normal.png,base-species-fallback,edit this row if the sprite is wrong
weavile,Weavile,461,514,assets/pokemon-green/pokemon/0514/front_normal.png,emerald-internal-index,edit this row if the sprite is wrong
magnezone,Magnezone,462,515,assets/pokemon-green/pokemon/0515/front_normal.png,emerald-internal-index,edit this row if the sprite is wrong
lickilicky,Lickilicky,463,516,assets/pokemon-green/pokemon/0516/front_normal.png,emerald-internal-index,edit this row if the sprite is wrong
rhyperior,Rhyperior,464,517,assets/pokemon-green/pokemon/0517/front_normal.png,emerald-internal-index,edit this row if the sprite is wrong
tangrowth,Tangrowth,465,518,assets/pokemon-green/pokemon/0518/front_normal.png,emerald-internal-index,edit this row if the sprite is wrong
electivire,Electivire,466,519,assets/pokemon-green/pokemon/0519/front_normal.png,emerald-internal-index,edit this row if the sprite is wrong
magmortar,Magmortar,467,520,assets/pokemon-green/pokemon/0520/front_normal.png,emerald-internal-index,edit this row if the sprite is wrong
togekiss,Togekiss,468,521,assets/pokemon-green/pokemon/0521/front_normal.png,emerald-internal-index,edit this row if the sprite is wrong
yanmega,Yanmega,469,522,assets/pokemon-green/pokemon/0522/front_normal.png,emerald-internal-index,edit this row if the sprite is wrong
leafeon,Leafeon,470,523,assets/pokemon-green/pokemon/0523/front_normal.png,emerald-internal-index,edit this row if the sprite is wrong
glaceon,Glaceon,471,524,assets/pokemon-green/pokemon/0524/front_normal.png,emerald-internal-index,edit this row if the sprite is wrong
gliscor,Gliscor,472,525,assets/pokemon-green/pokemon/0525/front_normal.png,emerald-internal-index,edit this row if the sprite is wrong
mamoswine,Mamoswine,473,526,assets/pokemon-green/pokemon/0526/front_normal.png,emerald-internal-index,edit this row if the sprite is wrong
porygonz,Porygon-Z,474,527,assets/pokemon-green/pokemon/0527/front_normal.png,emerald-internal-index,edit this row if the sprite is wrong
gallade,Gallade,475,528,assets/pokemon-green/pokemon/0528/front_normal.png,emerald-internal-index,edit this row if the sprite is wrong
gallademega,Gallade-Mega,475,528,assets/pokemon-green/pokemon/0528/front_normal.png,base-species-fallback,edit this row if the sprite is wrong
probopass,Probopass,476,529,assets/pokemon-green/pokemon/0529/front_normal.png,emerald-internal-index,edit this row if the sprite is wrong
dusknoir,Dusknoir,477,530,assets/pokemon-green/pokemon/0530/front_normal.png,emerald-internal-index,edit this row if the sprite is wrong
froslass,Froslass,478,531,assets/pokemon-green/pokemon/0531/front_normal.png,emerald-internal-index,edit this row if the sprite is wrong
froslassmega,Froslass-Mega,478,531,assets/pokemon-green/pokemon/0531/front_normal.png,base-species-fallback,edit this row if the sprite is wrong
rotom,Rotom,479,532,assets/pokemon-green/pokemon/0532/front_normal.png,emerald-internal-index,edit this row if the sprite is wrong
rotomfan,Rotom-Fan,479,532,assets/pokemon-green/pokemon/0532/front_normal.png,base-species-fallback,edit this row if the sprite is wrong
rotomfrost,Rotom-Frost,479,532,assets/pokemon-green/pokemon/0532/front_normal.png,base-species-fallback,edit this row if the sprite is wrong
rotomheat,Rotom-Heat,479,532,assets/pokemon-green/pokemon/0532/front_normal.png,base-species-fallback,edit this row if the sprite is wrong
rotommow,Rotom-Mow,479,532,assets/pokemon-green/pokemon/0532/front_normal.png,base-species-fallback,edit this row if the sprite is wrong
rotomwash,Rotom-Wash,479,532,assets/pokemon-green/pokemon/0532/front_normal.png,base-species-fallback,edit this row if the sprite is wrong
uxie,Uxie,480,533,assets/pokemon-green/pokemon/0533/front_normal.png,emerald-internal-index,edit this row if the sprite is wrong
mesprit,Mesprit,481,534,assets/pokemon-green/pokemon/0534/front_normal.png,emerald-internal-index,edit this row if the sprite is wrong
azelf,Azelf,482,535,assets/pokemon-green/pokemon/0535/front_normal.png,emerald-internal-index,edit this row if the sprite is wrong
dialga,Dialga,483,536,assets/pokemon-green/pokemon/0536/front_normal.png,emerald-internal-index,edit this row if the sprite is wrong
dialgaorigin,Dialga-Origin,483,536,assets/pokemon-green/pokemon/0536/front_normal.png,base-species-fallback,edit this row if the sprite is wrong
palkia,Palkia,484,537,assets/pokemon-green/pokemon/0537/front_normal.png,emerald-internal-index,edit this row if the sprite is wrong
palkiaorigin,Palkia-Origin,484,537,assets/pokemon-green/pokemon/0537/front_normal.png,base-species-fallback,edit this row if the sprite is wrong
heatran,Heatran,485,538,assets/pokemon-green/pokemon/0538/front_normal.png,emerald-internal-index,edit this row if the sprite is wrong
heatranmega,Heatran-Mega,485,538,assets/pokemon-green/pokemon/0538/front_normal.png,base-species-fallback,edit this row if the sprite is wrong
regigigas,Regigigas,486,539,assets/pokemon-green/pokemon/0539/front_normal.png,emerald-internal-index,edit this row if the sprite is wrong
giratina,Giratina,487,540,assets/pokemon-green/pokemon/0540/front_normal.png,emerald-internal-index,edit this row if the sprite is wrong
giratinaorigin,Giratina-Origin,487,540,assets/pokemon-green/pokemon/0540/front_normal.png,base-species-fallback,edit this row if the sprite is wrong
cresselia,Cresselia,488,541,assets/pokemon-green/pokemon/0541/front_normal.png,emerald-internal-index,edit this row if the sprite is wrong
phione,Phione,489,542,assets/pokemon-green/pokemon/0542/front_normal.png,emerald-internal-index,edit this row if the sprite is wrong
manaphy,Manaphy,490,543,assets/pokemon-green/pokemon/0543/front_normal.png,emerald-internal-index,edit this row if the sprite is wrong
darkrai,Darkrai,491,544,assets/pokemon-green/pokemon/0544/front_normal.png,emerald-internal-index,edit this row if the sprite is wrong
darkraimega,Darkrai-Mega,491,544,assets/pokemon-green/pokemon/0544/front_normal.png,base-species-fallback,edit this row if the sprite is wrong
shaymin,Shaymin,492,545,assets/pokemon-green/pokemon/0545/front_normal.png,emerald-internal-index,edit this row if the sprite is wrong
shayminsky,Shaymin-Sky,492,545,assets/pokemon-green/pokemon/0545/front_normal.png,base-species-fallback,edit this row if the sprite is wrong
arceus,Arceus,493,546,assets/pokemon-green/pokemon/0546/front_normal.png,emerald-internal-index,edit this row if the sprite is wrong
arceusbug,Arceus-Bug,493,546,assets/pokemon-green/pokemon/0546/front_normal.png,base-species-fallback,edit this row if the sprite is wrong
arceusdark,Arceus-Dark,493,546,assets/pokemon-green/pokemon/0546/front_normal.png,base-species-fallback,edit this row if the sprite is wrong
arceusdragon,Arceus-Dragon,493,546,assets/pokemon-green/pokemon/0546/front_normal.png,base-species-fallback,edit this row if the sprite is wrong
arceuselectric,Arceus-Electric,493,546,assets/pokemon-green/pokemon/0546/front_normal.png,base-species-fallback,edit this row if the sprite is wrong
arceusfairy,Arceus-Fairy,493,546,assets/pokemon-green/pokemon/0546/front_normal.png,base-species-fallback,edit this row if the sprite is wrong
arceusfighting,Arceus-Fighting,493,546,assets/pokemon-green/pokemon/0546/front_normal.png,base-species-fallback,edit this row if the sprite is wrong
arceusfire,Arceus-Fire,493,546,assets/pokemon-green/pokemon/0546/front_normal.png,base-species-fallback,edit this row if the sprite is wrong
arceusflying,Arceus-Flying,493,546,assets/pokemon-green/pokemon/0546/front_normal.png,base-species-fallback,edit this row if the sprite is wrong
arceusghost,Arceus-Ghost,493,546,assets/pokemon-green/pokemon/0546/front_normal.png,base-species-fallback,edit this row if the sprite is wrong
arceusgrass,Arceus-Grass,493,546,assets/pokemon-green/pokemon/0546/front_normal.png,base-species-fallback,edit this row if the sprite is wrong
arceusground,Arceus-Ground,493,546,assets/pokemon-green/pokemon/0546/front_normal.png,base-species-fallback,edit this row if the sprite is wrong
arceusice,Arceus-Ice,493,546,assets/pokemon-green/pokemon/0546/front_normal.png,base-species-fallback,edit this row if the sprite is wrong
arceuspoison,Arceus-Poison,493,546,assets/pokemon-green/pokemon/0546/front_normal.png,base-species-fallback,edit this row if the sprite is wrong
arceuspsychic,Arceus-Psychic,493,546,assets/pokemon-green/pokemon/0546/front_normal.png,base-species-fallback,edit this row if the sprite is wrong
arceusrock,Arceus-Rock,493,546,assets/pokemon-green/pokemon/0546/front_normal.png,base-species-fallback,edit this row if the sprite is wrong
arceussteel,Arceus-Steel,493,546,assets/pokemon-green/pokemon/0546/front_normal.png,base-species-fallback,edit this row if the sprite is wrong
arceuswater,Arceus-Water,493,546,assets/pokemon-green/pokemon/0546/front_normal.png,base-species-fallback,edit this row if the sprite is wrong
victini,Victini,494,547,assets/pokemon-green/pokemon/0547/front_normal.png,emerald-internal-index,edit this row if the sprite is wrong
snivy,Snivy,495,548,assets/pokemon-green/pokemon/0548/front_normal.png,emerald-internal-index,edit this row if the sprite is wrong
servine,Servine,496,549,assets/pokemon-green/pokemon/0549/front_normal.png,emerald-internal-index,edit this row if the sprite is wrong
serperior,Serperior,497,550,assets/pokemon-green/pokemon/0550/front_normal.png,emerald-internal-index,edit this row if the sprite is wrong
tepig,Tepig,498,551,assets/pokemon-green/pokemon/0551/front_normal.png,emerald-internal-index,edit this row if the sprite is wrong
pignite,Pignite,499,552,assets/pokemon-green/pokemon/0552/front_normal.png,emerald-internal-index,edit this row if the sprite is wrong
emboar,Emboar,500,553,assets/pokemon-green/pokemon/0553/front_normal.png,emerald-internal-index,edit this row if the sprite is wrong
emboarmega,Emboar-Mega,500,553,assets/pokemon-green/pokemon/0553/front_normal.png,base-species-fallback,edit this row if the sprite is wrong
oshawott,Oshawott,501,554,assets/pokemon-green/pokemon/0554/front_normal.png,emerald-internal-index,edit this row if the sprite is wrong
dewott,Dewott,502,555,assets/pokemon-green/pokemon/0555/front_normal.png,emerald-internal-index,edit this row if the sprite is wrong
samurott,Samurott,503,556,assets/pokemon-green/pokemon/0556/front_normal.png,emerald-internal-index,edit this row if the sprite is wrong
samurotthisui,Samurott-Hisui,503,556,assets/pokemon-green/pokemon/0556/front_normal.png,base-species-fallback,edit this row if the sprite is wrong
patrat,Patrat,504,557,assets/pokemon-green/pokemon/0557/front_normal.png,emerald-internal-index,edit this row if the sprite is wrong
watchog,Watchog,505,558,assets/pokemon-green/pokemon/0558/front_normal.png,emerald-internal-index,edit this row if the sprite is wrong
lillipup,Lillipup,506,559,assets/pokemon-green/pokemon/0559/front_normal.png,emerald-internal-index,edit this row if the sprite is wrong
herdier,Herdier,507,560,assets/pokemon-green/pokemon/0560/front_normal.png,emerald-internal-index,edit this row if the sprite is wrong
stoutland,Stoutland,508,561,assets/pokemon-green/pokemon/0561/front_normal.png,emerald-internal-index,edit this row if the sprite is wrong
purrloin,Purrloin,509,562,assets/pokemon-green/pokemon/0562/front_normal.png,emerald-internal-index,edit this row if the sprite is wrong
liepard,Liepard,510,563,assets/pokemon-green/pokemon/0563/front_normal.png,emerald-internal-index,edit this row if the sprite is wrong
pansage,Pansage,511,564,assets/pokemon-green/pokemon/0564/front_normal.png,emerald-internal-index,edit this row if the sprite is wrong
simisage,Simisage,512,565,assets/pokemon-green/pokemon/0565/front_normal.png,emerald-internal-index,edit this row if the sprite is wrong
pansear,Pansear,513,566,assets/pokemon-green/pokemon/0566/front_normal.png,emerald-internal-index,edit this row if the sprite is wrong
simisear,Simisear,514,567,assets/pokemon-green/pokemon/0567/front_normal.png,emerald-internal-index,edit this row if the sprite is wrong
panpour,Panpour,515,568,assets/pokemon-green/pokemon/0568/front_normal.png,emerald-internal-index,edit this row if the sprite is wrong
simipour,Simipour,516,569,assets/pokemon-green/pokemon/0569/front_normal.png,emerald-internal-index,edit this row if the sprite is wrong
munna,Munna,517,570,assets/pokemon-green/pokemon/0570/front_normal.png,emerald-internal-index,edit this row if the sprite is wrong
musharna,Musharna,518,571,assets/pokemon-green/pokemon/0571/front_normal.png,emerald-internal-index,edit this row if the sprite is wrong
pidove,Pidove,519,572,assets/pokemon-green/pokemon/0572/front_normal.png,emerald-internal-index,edit this row if the sprite is wrong
tranquill,Tranquill,520,573,assets/pokemon-green/pokemon/0573/front_normal.png,emerald-internal-index,edit this row if the sprite is wrong
unfezant,Unfezant,521,574,assets/pokemon-green/pokemon/0574/front_normal.png,emerald-internal-index,edit this row if the sprite is wrong
blitzle,Blitzle,522,575,assets/pokemon-green/pokemon/0575/front_normal.png,emerald-internal-index,edit this row if the sprite is wrong
zebstrika,Zebstrika,523,576,assets/pokemon-green/pokemon/0576/front_normal.png,emerald-internal-index,edit this row if the sprite is wrong
roggenrola,Roggenrola,524,577,assets/pokemon-green/pokemon/0577/front_normal.png,emerald-internal-index,edit this row if the sprite is wrong
boldore,Boldore,525,578,assets/pokemon-green/pokemon/0578/front_normal.png,emerald-internal-index,edit this row if the sprite is wrong
gigalith,Gigalith,526,579,assets/pokemon-green/pokemon/0579/front_normal.png,emerald-internal-index,edit this row if the sprite is wrong
woobat,Woobat,527,580,assets/pokemon-green/pokemon/0580/front_normal.png,emerald-internal-index,edit this row if the sprite is wrong
swoobat,Swoobat,528,581,assets/pokemon-green/pokemon/0581/front_normal.png,emerald-internal-index,edit this row if the sprite is wrong
drilbur,Drilbur,529,582,assets/pokemon-green/pokemon/0582/front_normal.png,emerald-internal-index,edit this row if the sprite is wrong
excadrill,Excadrill,530,583,assets/pokemon-green/pokemon/0583/front_normal.png,emerald-internal-index,edit this row if the sprite is wrong
excadrillmega,Excadrill-Mega,530,583,assets/pokemon-green/pokemon/0583/front_normal.png,base-species-fallback,edit this row if the sprite is wrong
audino,Audino,531,584,assets/pokemon-green/pokemon/0584/front_normal.png,emerald-internal-index,edit this row if the sprite is wrong
audinomega,Audino-Mega,531,584,assets/pokemon-green/pokemon/0584/front_normal.png,base-species-fallback,edit this row if the sprite is wrong
timburr,Timburr,532,585,assets/pokemon-green/pokemon/0585/front_normal.png,emerald-internal-index,edit this row if the sprite is wrong
gurdurr,Gurdurr,533,586,assets/pokemon-green/pokemon/0586/front_normal.png,emerald-internal-index,edit this row if the sprite is wrong
conkeldurr,Conkeldurr,534,587,assets/pokemon-green/pokemon/0587/front_normal.png,emerald-internal-index,edit this row if the sprite is wrong
tympole,Tympole,535,588,assets/pokemon-green/pokemon/0588/front_normal.png,emerald-internal-index,edit this row if the sprite is wrong
palpitoad,Palpitoad,536,589,assets/pokemon-green/pokemon/0589/front_normal.png,emerald-internal-index,edit this row if the sprite is wrong
seismitoad,Seismitoad,537,590,assets/pokemon-green/pokemon/0590/front_normal.png,emerald-internal-index,edit this row if the sprite is wrong
throh,Throh,538,591,assets/pokemon-green/pokemon/0591/front_normal.png,emerald-internal-index,edit this row if the sprite is wrong
sawk,Sawk,539,592,assets/pokemon-green/pokemon/0592/front_normal.png,emerald-internal-index,edit this row if the sprite is wrong
sewaddle,Sewaddle,540,593,assets/pokemon-green/pokemon/0593/front_normal.png,emerald-internal-index,edit this row if the sprite is wrong
swadloon,Swadloon,541,594,assets/pokemon-green/pokemon/0594/front_normal.png,emerald-internal-index,edit this row if the sprite is wrong
leavanny,Leavanny,542,595,assets/pokemon-green/pokemon/0595/front_normal.png,emerald-internal-index,edit this row if the sprite is wrong
venipede,Venipede,543,596,assets/pokemon-green/pokemon/0596/front_normal.png,emerald-internal-index,edit this row if the sprite is wrong
whirlipede,Whirlipede,544,597,assets/pokemon-green/pokemon/0597/front_normal.png,emerald-internal-index,edit this row if the sprite is wrong
scolipede,Scolipede,545,598,assets/pokemon-green/pokemon/0598/front_normal.png,emerald-internal-index,edit this row if the sprite is wrong
scolipedemega,Scolipede-Mega,545,598,assets/pokemon-green/pokemon/0598/front_normal.png,base-species-fallback,edit this row if the sprite is wrong
cottonee,Cottonee,546,599,assets/pokemon-green/pokemon/0599/front_normal.png,emerald-internal-index,edit this row if the sprite is wrong
whimsicott,Whimsicott,547,600,assets/pokemon-green/pokemon/0600/front_normal.png,emerald-internal-index,edit this row if the sprite is wrong
petilil,Petilil,548,601,assets/pokemon-green/pokemon/0601/front_normal.png,emerald-internal-index,edit this row if the sprite is wrong
lilligant,Lilligant,549,602,assets/pokemon-green/pokemon/0602/front_normal.png,emerald-internal-index,edit this row if the sprite is wrong
lilliganthisui,Lilligant-Hisui,549,602,assets/pokemon-green/pokemon/0602/front_normal.png,base-species-fallback,edit this row if the sprite is wrong
basculin,Basculin,550,603,assets/pokemon-green/pokemon/0603/front_normal.png,emerald-internal-index,edit this row if the sprite is wrong
basculinbluestriped,Basculin-Blue-Striped,550,603,assets/pokemon-green/pokemon/0603/front_normal.png,base-species-fallback,edit this row if the sprite is wrong
basculinwhitestriped,Basculin-White-Striped,550,603,assets/pokemon-green/pokemon/0603/front_normal.png,base-species-fallback,edit this row if the sprite is wrong
sandile,Sandile,551,604,assets/pokemon-green/pokemon/0604/front_normal.png,emerald-internal-index,edit this row if the sprite is wrong
krokorok,Krokorok,552,605,assets/pokemon-green/pokemon/0605/front_normal.png,emerald-internal-index,edit this row if the sprite is wrong
krookodile,Krookodile,553,606,assets/pokemon-green/pokemon/0606/front_normal.png,emerald-internal-index,edit this row if the sprite is wrong
darumaka,Darumaka,554,607,assets/pokemon-green/pokemon/0607/front_normal.png,emerald-internal-index,edit this row if the sprite is wrong
darumakagalar,Darumaka-Galar,554,607,assets/pokemon-green/pokemon/0607/front_normal.png,base-species-fallback,edit this row if the sprite is wrong
darmanitan,Darmanitan,555,608,assets/pokemon-green/pokemon/0608/front_normal.png,emerald-internal-index,edit this row if the sprite is wrong
darmanitangalar,Darmanitan-Galar,555,608,assets/pokemon-green/pokemon/0608/front_normal.png,base-species-fallback,edit this row if the sprite is wrong
darmanitangalarzen,Darmanitan-Galar-Zen,555,608,assets/pokemon-green/pokemon/0608/front_normal.png,base-species-fallback,edit this row if the sprite is wrong
darmanitanzen,Darmanitan-Zen,555,608,assets/pokemon-green/pokemon/0608/front_normal.png,base-species-fallback,edit this row if the sprite is wrong
maractus,Maractus,556,609,assets/pokemon-green/pokemon/0609/front_normal.png,emerald-internal-index,edit this row if the sprite is wrong
dwebble,Dwebble,557,610,assets/pokemon-green/pokemon/0610/front_normal.png,emerald-internal-index,edit this row if the sprite is wrong
crustle,Crustle,558,611,assets/pokemon-green/pokemon/0611/front_normal.png,emerald-internal-index,edit this row if the sprite is wrong
scraggy,Scraggy,559,612,assets/pokemon-green/pokemon/0612/front_normal.png,emerald-internal-index,edit this row if the sprite is wrong
scrafty,Scrafty,560,613,assets/pokemon-green/pokemon/0613/front_normal.png,emerald-internal-index,edit this row if the sprite is wrong
scraftymega,Scrafty-Mega,560,613,assets/pokemon-green/pokemon/0613/front_normal.png,base-species-fallback,edit this row if the sprite is wrong
sigilyph,Sigilyph,561,614,assets/pokemon-green/pokemon/0614/front_normal.png,emerald-internal-index,edit this row if the sprite is wrong
yamask,Yamask,562,615,assets/pokemon-green/pokemon/0615/front_normal.png,emerald-internal-index,edit this row if the sprite is wrong
yamaskgalar,Yamask-Galar,562,615,assets/pokemon-green/pokemon/0615/front_normal.png,base-species-fallback,edit this row if the sprite is wrong
cofagrigus,Cofagrigus,563,616,assets/pokemon-green/pokemon/0616/front_normal.png,emerald-internal-index,edit this row if the sprite is wrong
tirtouga,Tirtouga,564,617,assets/pokemon-green/pokemon/0617/front_normal.png,emerald-internal-index,edit this row if the sprite is wrong
carracosta,Carracosta,565,618,assets/pokemon-green/pokemon/0618/front_normal.png,emerald-internal-index,edit this row if the sprite is wrong
archen,Archen,566,619,assets/pokemon-green/pokemon/0619/front_normal.png,emerald-internal-index,edit this row if the sprite is wrong
archeops,Archeops,567,620,assets/pokemon-green/pokemon/0620/front_normal.png,emerald-internal-index,edit this row if the sprite is wrong
trubbish,Trubbish,568,621,assets/pokemon-green/pokemon/0621/front_normal.png,emerald-internal-index,edit this row if the sprite is wrong
garbodor,Garbodor,569,622,assets/pokemon-green/pokemon/0622/front_normal.png,emerald-internal-index,edit this row if the sprite is wrong
garbodorgmax,Garbodor-Gmax,569,622,assets/pokemon-green/pokemon/0622/front_normal.png,base-species-fallback,edit this row if the sprite is wrong
zorua,Zorua,570,623,assets/pokemon-green/pokemon/0623/front_normal.png,emerald-internal-index,edit this row if the sprite is wrong
zoruahisui,Zorua-Hisui,570,623,assets/pokemon-green/pokemon/0623/front_normal.png,base-species-fallback,edit this row if the sprite is wrong
zoroark,Zoroark,571,624,assets/pokemon-green/pokemon/0624/front_normal.png,emerald-internal-index,edit this row if the sprite is wrong
zoroarkhisui,Zoroark-Hisui,571,624,assets/pokemon-green/pokemon/0624/front_normal.png,base-species-fallback,edit this row if the sprite is wrong
minccino,Minccino,572,625,assets/pokemon-green/pokemon/0625/front_normal.png,emerald-internal-index,edit this row if the sprite is wrong
cinccino,Cinccino,573,626,assets/pokemon-green/pokemon/0626/front_normal.png,emerald-internal-index,edit this row if the sprite is wrong
gothita,Gothita,574,627,assets/pokemon-green/pokemon/0627/front_normal.png,emerald-internal-index,edit this row if the sprite is wrong
gothorita,Gothorita,575,628,assets/pokemon-green/pokemon/0628/front_normal.png,emerald-internal-index,edit this row if the sprite is wrong
gothitelle,Gothitelle,576,629,assets/pokemon-green/pokemon/0629/front_normal.png,emerald-internal-index,edit this row if the sprite is wrong
solosis,Solosis,577,630,assets/pokemon-green/pokemon/0630/front_normal.png,emerald-internal-index,edit this row if the sprite is wrong
duosion,Duosion,578,631,assets/pokemon-green/pokemon/0631/front_normal.png,emerald-internal-index,edit this row if the sprite is wrong
reuniclus,Reuniclus,579,632,assets/pokemon-green/pokemon/0632/front_normal.png,emerald-internal-index,edit this row if the sprite is wrong
ducklett,Ducklett,580,633,assets/pokemon-green/pokemon/0633/front_normal.png,emerald-internal-index,edit this row if the sprite is wrong
swanna,Swanna,581,634,assets/pokemon-green/pokemon/0634/front_normal.png,emerald-internal-index,edit this row if the sprite is wrong
vanillite,Vanillite,582,635,assets/pokemon-green/pokemon/0635/front_normal.png,emerald-internal-index,edit this row if the sprite is wrong
vanillish,Vanillish,583,636,assets/pokemon-green/pokemon/0636/front_normal.png,emerald-internal-index,edit this row if the sprite is wrong
vanilluxe,Vanilluxe,584,637,assets/pokemon-green/pokemon/0637/front_normal.png,emerald-internal-index,edit this row if the sprite is wrong
deerling,Deerling,585,638,assets/pokemon-green/pokemon/0638/front_normal.png,emerald-internal-index,edit this row if the sprite is wrong
sawsbuck,Sawsbuck,586,639,assets/pokemon-green/pokemon/0639/front_normal.png,emerald-internal-index,edit this row if the sprite is wrong
emolga,Emolga,587,640,assets/pokemon-green/pokemon/0640/front_normal.png,emerald-internal-index,edit this row if the sprite is wrong
karrablast,Karrablast,588,641,assets/pokemon-green/pokemon/0641/front_normal.png,emerald-internal-index,edit this row if the sprite is wrong
escavalier,Escavalier,589,642,assets/pokemon-green/pokemon/0642/front_normal.png,emerald-internal-index,edit this row if the sprite is wrong
foongus,Foongus,590,643,assets/pokemon-green/pokemon/0643/front_normal.png,emerald-internal-index,edit this row if the sprite is wrong
amoonguss,Amoonguss,591,644,assets/pokemon-green/pokemon/0644/front_normal.png,emerald-internal-index,edit this row if the sprite is wrong
frillish,Frillish,592,645,assets/pokemon-green/pokemon/0645/front_normal.png,emerald-internal-index,edit this row if the sprite is wrong
jellicent,Jellicent,593,646,assets/pokemon-green/pokemon/0646/front_normal.png,emerald-internal-index,edit this row if the sprite is wrong
alomomola,Alomomola,594,647,assets/pokemon-green/pokemon/0647/front_normal.png,emerald-internal-index,edit this row if the sprite is wrong
joltik,Joltik,595,648,assets/pokemon-green/pokemon/0648/front_normal.png,emerald-internal-index,edit this row if the sprite is wrong
galvantula,Galvantula,596,649,assets/pokemon-green/pokemon/0649/front_normal.png,emerald-internal-index,edit this row if the sprite is wrong
ferroseed,Ferroseed,597,650,assets/pokemon-green/pokemon/0650/front_normal.png,emerald-internal-index,edit this row if the sprite is wrong
ferrothorn,Ferrothorn,598,651,assets/pokemon-green/pokemon/0651/front_normal.png,emerald-internal-index,edit this row if the sprite is wrong
klink,Klink,599,652,assets/pokemon-green/pokemon/0652/front_normal.png,emerald-internal-index,edit this row if the sprite is wrong
klang,Klang,600,653,assets/pokemon-green/pokemon/0653/front_normal.png,emerald-internal-index,edit this row if the sprite is wrong
klinklang,Klinklang,601,654,assets/pokemon-green/pokemon/0654/front_normal.png,emerald-internal-index,edit this row if the sprite is wrong
tynamo,Tynamo,602,655,assets/pokemon-green/pokemon/0655/front_normal.png,emerald-internal-index,edit this row if the sprite is wrong
eelektrik,Eelektrik,603,656,assets/pokemon-green/pokemon/0656/front_normal.png,emerald-internal-index,edit this row if the sprite is wrong
eelektross,Eelektross,604,657,assets/pokemon-green/pokemon/0657/front_normal.png,emerald-internal-index,edit this row if the sprite is wrong
eelektrossmega,Eelektross-Mega,604,657,assets/pokemon-green/pokemon/0657/front_normal.png,base-species-fallback,edit this row if the sprite is wrong
elgyem,Elgyem,605,658,assets/pokemon-green/pokemon/0658/front_normal.png,emerald-internal-index,edit this row if the sprite is wrong
beheeyem,Beheeyem,606,659,assets/pokemon-green/pokemon/0659/front_normal.png,emerald-internal-index,edit this row if the sprite is wrong
litwick,Litwick,607,660,assets/pokemon-green/pokemon/0660/front_normal.png,emerald-internal-index,edit this row if the sprite is wrong
lampent,Lampent,608,661,assets/pokemon-green/pokemon/0661/front_normal.png,emerald-internal-index,edit this row if the sprite is wrong
chandelure,Chandelure,609,662,assets/pokemon-green/pokemon/0662/front_normal.png,emerald-internal-index,edit this row if the sprite is wrong
chandeluremega,Chandelure-Mega,609,662,assets/pokemon-green/pokemon/0662/front_normal.png,base-species-fallback,edit this row if the sprite is wrong
axew,Axew,610,663,assets/pokemon-green/pokemon/0663/front_normal.png,emerald-internal-index,edit this row if the sprite is wrong
fraxure,Fraxure,611,664,assets/pokemon-green/pokemon/0664/front_normal.png,emerald-internal-index,edit this row if the sprite is wrong
haxorus,Haxorus,612,665,assets/pokemon-green/pokemon/0665/front_normal.png,emerald-internal-index,edit this row if the sprite is wrong
cubchoo,Cubchoo,613,666,assets/pokemon-green/pokemon/0666/front_normal.png,emerald-internal-index,edit this row if the sprite is wrong
beartic,Beartic,614,667,assets/pokemon-green/pokemon/0667/front_normal.png,emerald-internal-index,edit this row if the sprite is wrong
cryogonal,Cryogonal,615,668,assets/pokemon-green/pokemon/0668/front_normal.png,emerald-internal-index,edit this row if the sprite is wrong
shelmet,Shelmet,616,669,assets/pokemon-green/pokemon/0669/front_normal.png,emerald-internal-index,edit this row if the sprite is wrong
accelgor,Accelgor,617,670,assets/pokemon-green/pokemon/0670/front_normal.png,emerald-internal-index,edit this row if the sprite is wrong
stunfisk,Stunfisk,618,671,assets/pokemon-green/pokemon/0671/front_normal.png,emerald-internal-index,edit this row if the sprite is wrong
stunfiskgalar,Stunfisk-Galar,618,671,assets/pokemon-green/pokemon/0671/front_normal.png,base-species-fallback,edit this row if the sprite is wrong
mienfoo,Mienfoo,619,672,assets/pokemon-green/pokemon/0672/front_normal.png,emerald-internal-index,edit this row if the sprite is wrong
mienshao,Mienshao,620,673,assets/pokemon-green/pokemon/0673/front_normal.png,emerald-internal-index,edit this row if the sprite is wrong
druddigon,Druddigon,621,674,assets/pokemon-green/pokemon/0674/front_normal.png,emerald-internal-index,edit this row if the sprite is wrong
golett,Golett,622,675,assets/pokemon-green/pokemon/0675/front_normal.png,emerald-internal-index,edit this row if the sprite is wrong
golurk,Golurk,623,676,assets/pokemon-green/pokemon/0676/front_normal.png,emerald-internal-index,edit this row if the sprite is wrong
golurkmega,Golurk-Mega,623,676,assets/pokemon-green/pokemon/0676/front_normal.png,base-species-fallback,edit this row if the sprite is wrong
pawniard,Pawniard,624,677,assets/pokemon-green/pokemon/0677/front_normal.png,emerald-internal-index,edit this row if the sprite is wrong
bisharp,Bisharp,625,678,assets/pokemon-green/pokemon/0678/front_normal.png,emerald-internal-index,edit this row if the sprite is wrong
bouffalant,Bouffalant,626,679,assets/pokemon-green/pokemon/0679/front_normal.png,emerald-internal-index,edit this row if the sprite is wrong
rufflet,Rufflet,627,680,assets/pokemon-green/pokemon/0680/front_normal.png,emerald-internal-index,edit this row if the sprite is wrong
braviary,Braviary,628,681,assets/pokemon-green/pokemon/0681/front_normal.png,emerald-internal-index,edit this row if the sprite is wrong
braviaryhisui,Braviary-Hisui,628,681,assets/pokemon-green/pokemon/0681/front_normal.png,base-species-fallback,edit this row if the sprite is wrong
vullaby,Vullaby,629,682,assets/pokemon-green/pokemon/0682/front_normal.png,emerald-internal-index,edit this row if the sprite is wrong
mandibuzz,Mandibuzz,630,683,assets/pokemon-green/pokemon/0683/front_normal.png,emerald-internal-index,edit this row if the sprite is wrong
heatmor,Heatmor,631,684,assets/pokemon-green/pokemon/0684/front_normal.png,emerald-internal-index,edit this row if the sprite is wrong
durant,Durant,632,685,assets/pokemon-green/pokemon/0685/front_normal.png,emerald-internal-index,edit this row if the sprite is wrong
deino,Deino,633,686,assets/pokemon-green/pokemon/0686/front_normal.png,emerald-internal-index,edit this row if the sprite is wrong
zweilous,Zweilous,634,687,assets/pokemon-green/pokemon/0687/front_normal.png,emerald-internal-index,edit this row if the sprite is wrong
hydreigon,Hydreigon,635,688,assets/pokemon-green/pokemon/0688/front_normal.png,emerald-internal-index,edit this row if the sprite is wrong
larvesta,Larvesta,636,689,assets/pokemon-green/pokemon/0689/front_normal.png,emerald-internal-index,edit this row if the sprite is wrong
volcarona,Volcarona,637,690,assets/pokemon-green/pokemon/0690/front_normal.png,emerald-internal-index,edit this row if the sprite is wrong
cobalion,Cobalion,638,691,assets/pokemon-green/pokemon/0691/front_normal.png,emerald-internal-index,edit this row if the sprite is wrong
terrakion,Terrakion,639,692,assets/pokemon-green/pokemon/0692/front_normal.png,emerald-internal-index,edit this row if the sprite is wrong
virizion,Virizion,640,693,assets/pokemon-green/pokemon/0693/front_normal.png,emerald-internal-index,edit this row if the sprite is wrong
tornadus,Tornadus,641,694,assets/pokemon-green/pokemon/0694/front_normal.png,emerald-internal-index,edit this row if the sprite is wrong
tornadustherian,Tornadus-Therian,641,694,assets/pokemon-green/pokemon/0694/front_normal.png,base-species-fallback,edit this row if the sprite is wrong
thundurus,Thundurus,642,695,assets/pokemon-green/pokemon/0695/front_normal.png,emerald-internal-index,edit this row if the sprite is wrong
thundurustherian,Thundurus-Therian,642,695,assets/pokemon-green/pokemon/0695/front_normal.png,base-species-fallback,edit this row if the sprite is wrong
reshiram,Reshiram,643,696,assets/pokemon-green/pokemon/0696/front_normal.png,emerald-internal-index,edit this row if the sprite is wrong
zekrom,Zekrom,644,697,assets/pokemon-green/pokemon/0697/front_normal.png,emerald-internal-index,edit this row if the sprite is wrong
landorus,Landorus,645,698,assets/pokemon-green/pokemon/0698/front_normal.png,emerald-internal-index,edit this row if the sprite is wrong
landorustherian,Landorus-Therian,645,698,assets/pokemon-green/pokemon/0698/front_normal.png,base-species-fallback,edit this row if the sprite is wrong
kyurem,Kyurem,646,699,assets/pokemon-green/pokemon/0699/front_normal.png,emerald-internal-index,edit this row if the sprite is wrong
kyuremblack,Kyurem-Black,646,699,assets/pokemon-green/pokemon/0699/front_normal.png,base-species-fallback,edit this row if the sprite is wrong
kyuremwhite,Kyurem-White,646,699,assets/pokemon-green/pokemon/0699/front_normal.png,base-species-fallback,edit this row if the sprite is wrong
keldeo,Keldeo,647,700,assets/pokemon-green/pokemon/0700/front_normal.png,emerald-internal-index,edit this row if the sprite is wrong
keldeoresolute,Keldeo-Resolute,647,700,assets/pokemon-green/pokemon/0700/front_normal.png,base-species-fallback,edit this row if the sprite is wrong
meloetta,Meloetta,648,701,assets/pokemon-green/pokemon/0701/front_normal.png,emerald-internal-index,edit this row if the sprite is wrong
meloettapirouette,Meloetta-Pirouette,648,701,assets/pokemon-green/pokemon/0701/front_normal.png,base-species-fallback,edit this row if the sprite is wrong
genesect,Genesect,649,702,assets/pokemon-green/pokemon/0702/front_normal.png,emerald-internal-index,edit this row if the sprite is wrong
genesectburn,Genesect-Burn,649,702,assets/pokemon-green/pokemon/0702/front_normal.png,base-species-fallback,edit this row if the sprite is wrong
genesectchill,Genesect-Chill,649,702,assets/pokemon-green/pokemon/0702/front_normal.png,base-species-fallback,edit this row if the sprite is wrong
genesectdouse,Genesect-Douse,649,702,assets/pokemon-green/pokemon/0702/front_normal.png,base-species-fallback,edit this row if the sprite is wrong
genesectshock,Genesect-Shock,649,702,assets/pokemon-green/pokemon/0702/front_normal.png,base-species-fallback,edit this row if the sprite is wrong
chespin,Chespin,650,703,assets/pokemon-green/pokemon/0703/front_normal.png,emerald-internal-index,edit this row if the sprite is wrong
quilladin,Quilladin,651,704,assets/pokemon-green/pokemon/0704/front_normal.png,emerald-internal-index,edit this row if the sprite is wrong
chesnaught,Chesnaught,652,705,assets/pokemon-green/pokemon/0705/front_normal.png,emerald-internal-index,edit this row if the sprite is wrong
chesnaughtmega,Chesnaught-Mega,652,705,assets/pokemon-green/pokemon/0705/front_normal.png,base-species-fallback,edit this row if the sprite is wrong
fennekin,Fennekin,653,706,assets/pokemon-green/pokemon/0706/front_normal.png,emerald-internal-index,edit this row if the sprite is wrong
braixen,Braixen,654,707,assets/pokemon-green/pokemon/0707/front_normal.png,emerald-internal-index,edit this row if the sprite is wrong
delphox,Delphox,655,708,assets/pokemon-green/pokemon/0708/front_normal.png,emerald-internal-index,edit this row if the sprite is wrong
delphoxmega,Delphox-Mega,655,708,assets/pokemon-green/pokemon/0708/front_normal.png,base-species-fallback,edit this row if the sprite is wrong
froakie,Froakie,656,709,assets/pokemon-green/pokemon/0709/front_normal.png,emerald-internal-index,edit this row if the sprite is wrong
frogadier,Frogadier,657,710,assets/pokemon-green/pokemon/0710/front_normal.png,emerald-internal-index,edit this row if the sprite is wrong
greninja,Greninja,658,711,assets/pokemon-green/pokemon/0711/front_normal.png,emerald-internal-index,edit this row if the sprite is wrong
greninjaash,Greninja-Ash,658,711,assets/pokemon-green/pokemon/0711/front_normal.png,base-species-fallback,edit this row if the sprite is wrong
greninjabond,Greninja-Bond,658,711,assets/pokemon-green/pokemon/0711/front_normal.png,base-species-fallback,edit this row if the sprite is wrong
greninjamega,Greninja-Mega,658,711,assets/pokemon-green/pokemon/0711/front_normal.png,base-species-fallback,edit this row if the sprite is wrong
bunnelby,Bunnelby,659,712,assets/pokemon-green/pokemon/0712/front_normal.png,emerald-internal-index,edit this row if the sprite is wrong
diggersby,Diggersby,660,713,assets/pokemon-green/pokemon/0713/front_normal.png,emerald-internal-index,edit this row if the sprite is wrong
fletchling,Fletchling,661,714,assets/pokemon-green/pokemon/0714/front_normal.png,emerald-internal-index,edit this row if the sprite is wrong
fletchinder,Fletchinder,662,715,assets/pokemon-green/pokemon/0715/front_normal.png,emerald-internal-index,edit this row if the sprite is wrong
talonflame,Talonflame,663,716,assets/pokemon-green/pokemon/0716/front_normal.png,emerald-internal-index,edit this row if the sprite is wrong
scatterbug,Scatterbug,664,717,assets/pokemon-green/pokemon/0717/front_normal.png,emerald-internal-index,edit this row if the sprite is wrong
spewpa,Spewpa,665,718,assets/pokemon-green/pokemon/0718/front_normal.png,emerald-internal-index,edit this row if the sprite is wrong
vivillon,Vivillon,666,719,assets/pokemon-green/pokemon/0719/front_normal.png,emerald-internal-index,edit this row if the sprite is wrong
vivillonfancy,Vivillon-Fancy,666,719,assets/pokemon-green/pokemon/0719/front_normal.png,base-species-fallback,edit this row if the sprite is wrong
vivillonpokeball,Vivillon-Pokeball,666,719,assets/pokemon-green/pokemon/0719/front_normal.png,base-species-fallback,edit this row if the sprite is wrong
litleo,Litleo,667,720,assets/pokemon-green/pokemon/0720/front_normal.png,emerald-internal-index,edit this row if the sprite is wrong
pyroar,Pyroar,668,721,assets/pokemon-green/pokemon/0721/front_normal.png,emerald-internal-index,edit this row if the sprite is wrong
pyroarmega,Pyroar-Mega,668,721,assets/pokemon-showdown/gen5/pyroar-mega.png,52poke-mega-front,front-only source; reused for back if no back sprite exists
flabebe,Flabébé,669,722,assets/pokemon-green/pokemon/0722/front_normal.png,emerald-internal-index,edit this row if the sprite is wrong
floette,Floette,670,723,assets/pokemon-green/pokemon/0723/front_normal.png,emerald-internal-index,edit this row if the sprite is wrong
floetteeternal,Floette-Eternal,670,723,assets/pokemon-green/pokemon/0723/front_normal.png,base-species-fallback,edit this row if the sprite is wrong
floettemega,Floette-Mega,670,723,assets/pokemon-green/pokemon/0723/front_normal.png,base-species-fallback,edit this row if the sprite is wrong
florges,Florges,671,724,assets/pokemon-green/pokemon/0724/front_normal.png,emerald-internal-index,edit this row if the sprite is wrong
skiddo,Skiddo,672,725,assets/pokemon-green/pokemon/0725/front_normal.png,emerald-internal-index,edit this row if the sprite is wrong
gogoat,Gogoat,673,726,assets/pokemon-green/pokemon/0726/front_normal.png,emerald-internal-index,edit this row if the sprite is wrong
pancham,Pancham,674,727,assets/pokemon-green/pokemon/0727/front_normal.png,emerald-internal-index,edit this row if the sprite is wrong
pangoro,Pangoro,675,728,assets/pokemon-green/pokemon/0728/front_normal.png,emerald-internal-index,edit this row if the sprite is wrong
furfrou,Furfrou,676,729,assets/pokemon-green/pokemon/0729/front_normal.png,emerald-internal-index,edit this row if the sprite is wrong
espurr,Espurr,677,730,assets/pokemon-green/pokemon/0730/front_normal.png,emerald-internal-index,edit this row if the sprite is wrong
meowstic,Meowstic,678,731,assets/pokemon-green/pokemon/0731/front_normal.png,emerald-internal-index,edit this row if the sprite is wrong
meowsticf,Meowstic-F,678,731,assets/pokemon-green/pokemon/0731/front_normal.png,base-species-fallback,edit this row if the sprite is wrong
meowsticfmega,Meowstic-F-Mega,678,731,assets/pokemon-green/pokemon/0731/front_normal.png,base-species-fallback,edit this row if the sprite is wrong
meowsticmmega,Meowstic-M-Mega,678,731,assets/pokemon-green/pokemon/0731/front_normal.png,base-species-fallback,edit this row if the sprite is wrong
honedge,Honedge,679,732,assets/pokemon-green/pokemon/0732/front_normal.png,emerald-internal-index,edit this row if the sprite is wrong
doublade,Doublade,680,733,assets/pokemon-green/pokemon/0733/front_normal.png,emerald-internal-index,edit this row if the sprite is wrong
aegislash,Aegislash,681,734,assets/pokemon-green/pokemon/0734/front_normal.png,emerald-internal-index,edit this row if the sprite is wrong
aegislashblade,Aegislash-Blade,681,734,assets/pokemon-green/pokemon/0734/front_normal.png,base-species-fallback,edit this row if the sprite is wrong
spritzee,Spritzee,682,735,assets/pokemon-green/pokemon/0735/front_normal.png,emerald-internal-index,edit this row if the sprite is wrong
aromatisse,Aromatisse,683,736,assets/pokemon-green/pokemon/0736/front_normal.png,emerald-internal-index,edit this row if the sprite is wrong
swirlix,Swirlix,684,737,assets/pokemon-green/pokemon/0737/front_normal.png,emerald-internal-index,edit this row if the sprite is wrong
slurpuff,Slurpuff,685,738,assets/pokemon-green/pokemon/0738/front_normal.png,emerald-internal-index,edit this row if the sprite is wrong
inkay,Inkay,686,739,assets/pokemon-green/pokemon/0739/front_normal.png,emerald-internal-index,edit this row if the sprite is wrong
malamar,Malamar,687,740,assets/pokemon-green/pokemon/0740/front_normal.png,emerald-internal-index,edit this row if the sprite is wrong
malamarmega,Malamar-Mega,687,740,assets/pokemon-green/pokemon/0740/front_normal.png,base-species-fallback,edit this row if the sprite is wrong
binacle,Binacle,688,741,assets/pokemon-green/pokemon/0741/front_normal.png,emerald-internal-index,edit this row if the sprite is wrong
barbaracle,Barbaracle,689,742,assets/pokemon-green/pokemon/0742/front_normal.png,emerald-internal-index,edit this row if the sprite is wrong
barbaraclemega,Barbaracle-Mega,689,742,assets/pokemon-green/pokemon/0742/front_normal.png,base-species-fallback,edit this row if the sprite is wrong
skrelp,Skrelp,690,743,assets/pokemon-green/pokemon/0743/front_normal.png,emerald-internal-index,edit this row if the sprite is wrong
dragalge,Dragalge,691,744,assets/pokemon-green/pokemon/0744/front_normal.png,emerald-internal-index,edit this row if the sprite is wrong
dragalgemega,Dragalge-Mega,691,744,assets/pokemon-green/pokemon/0744/front_normal.png,base-species-fallback,edit this row if the sprite is wrong
clauncher,Clauncher,692,745,assets/pokemon-green/pokemon/0745/front_normal.png,emerald-internal-index,edit this row if the sprite is wrong
clawitzer,Clawitzer,693,746,assets/pokemon-green/pokemon/0746/front_normal.png,emerald-internal-index,edit this row if the sprite is wrong
helioptile,Helioptile,694,747,assets/pokemon-green/pokemon/0747/front_normal.png,emerald-internal-index,edit this row if the sprite is wrong
heliolisk,Heliolisk,695,748,assets/pokemon-green/pokemon/0748/front_normal.png,emerald-internal-index,edit this row if the sprite is wrong
tyrunt,Tyrunt,696,749,assets/pokemon-green/pokemon/0749/front_normal.png,emerald-internal-index,edit this row if the sprite is wrong
tyrantrum,Tyrantrum,697,750,assets/pokemon-green/pokemon/0750/front_normal.png,emerald-internal-index,edit this row if the sprite is wrong
amaura,Amaura,698,751,assets/pokemon-green/pokemon/0751/front_normal.png,emerald-internal-index,edit this row if the sprite is wrong
aurorus,Aurorus,699,752,assets/pokemon-green/pokemon/0752/front_normal.png,emerald-internal-index,edit this row if the sprite is wrong
sylveon,Sylveon,700,753,assets/pokemon-green/pokemon/0753/front_normal.png,emerald-internal-index,edit this row if the sprite is wrong
hawlucha,Hawlucha,701,754,assets/pokemon-green/pokemon/0754/front_normal.png,emerald-internal-index,edit this row if the sprite is wrong
hawluchamega,Hawlucha-Mega,701,754,assets/pokemon-green/pokemon/0754/front_normal.png,base-species-fallback,edit this row if the sprite is wrong
dedenne,Dedenne,702,755,assets/pokemon-green/pokemon/0755/front_normal.png,emerald-internal-index,edit this row if the sprite is wrong
carbink,Carbink,703,756,assets/pokemon-green/pokemon/0756/front_normal.png,emerald-internal-index,edit this row if the sprite is wrong
goomy,Goomy,704,757,assets/pokemon-green/pokemon/0757/front_normal.png,emerald-internal-index,edit this row if the sprite is wrong
sliggoo,Sliggoo,705,758,assets/pokemon-green/pokemon/0758/front_normal.png,emerald-internal-index,edit this row if the sprite is wrong
sliggoohisui,Sliggoo-Hisui,705,758,assets/pokemon-green/pokemon/0758/front_normal.png,base-species-fallback,edit this row if the sprite is wrong
goodra,Goodra,706,759,assets/pokemon-green/pokemon/0759/front_normal.png,emerald-internal-index,edit this row if the sprite is wrong
goodrahisui,Goodra-Hisui,706,759,assets/pokemon-green/pokemon/0759/front_normal.png,base-species-fallback,edit this row if the sprite is wrong
klefki,Klefki,707,760,assets/pokemon-green/pokemon/0760/front_normal.png,emerald-internal-index,edit this row if the sprite is wrong
phantump,Phantump,708,761,assets/pokemon-green/pokemon/0761/front_normal.png,emerald-internal-index,edit this row if the sprite is wrong
trevenant,Trevenant,709,762,assets/pokemon-green/pokemon/0762/front_normal.png,emerald-internal-index,edit this row if the sprite is wrong
pumpkaboo,Pumpkaboo,710,763,assets/pokemon-green/pokemon/0763/front_normal.png,emerald-internal-index,edit this row if the sprite is wrong
pumpkaboolarge,Pumpkaboo-Large,710,763,assets/pokemon-green/pokemon/0763/front_normal.png,base-species-fallback,edit this row if the sprite is wrong
pumpkaboosmall,Pumpkaboo-Small,710,763,assets/pokemon-green/pokemon/0763/front_normal.png,base-species-fallback,edit this row if the sprite is wrong
pumpkaboosuper,Pumpkaboo-Super,710,763,assets/pokemon-green/pokemon/0763/front_normal.png,base-species-fallback,edit this row if the sprite is wrong
gourgeist,Gourgeist,711,764,assets/pokemon-green/pokemon/0764/front_normal.png,emerald-internal-index,edit this row if the sprite is wrong
gourgeistlarge,Gourgeist-Large,711,764,assets/pokemon-green/pokemon/0764/front_normal.png,base-species-fallback,edit this row if the sprite is wrong
gourgeistsmall,Gourgeist-Small,711,764,assets/pokemon-green/pokemon/0764/front_normal.png,base-species-fallback,edit this row if the sprite is wrong
gourgeistsuper,Gourgeist-Super,711,764,assets/pokemon-green/pokemon/0764/front_normal.png,base-species-fallback,edit this row if the sprite is wrong
bergmite,Bergmite,712,765,assets/pokemon-green/pokemon/0765/front_normal.png,emerald-internal-index,edit this row if the sprite is wrong
avalugg,Avalugg,713,766,assets/pokemon-green/pokemon/0766/front_normal.png,emerald-internal-index,edit this row if the sprite is wrong
avalugghisui,Avalugg-Hisui,713,766,assets/pokemon-green/pokemon/0766/front_normal.png,base-species-fallback,edit this row if the sprite is wrong
noibat,Noibat,714,767,assets/pokemon-green/pokemon/0767/front_normal.png,emerald-internal-index,edit this row if the sprite is wrong
noivern,Noivern,715,768,assets/pokemon-green/pokemon/0768/front_normal.png,emerald-internal-index,edit this row if the sprite is wrong
xerneas,Xerneas,716,769,assets/pokemon-green/pokemon/0769/front_normal.png,emerald-internal-index,edit this row if the sprite is wrong
xerneasneutral,Xerneas-Neutral,716,769,assets/pokemon-green/pokemon/0769/front_normal.png,base-species-fallback,edit this row if the sprite is wrong
yveltal,Yveltal,717,770,assets/pokemon-green/pokemon/0770/front_normal.png,emerald-internal-index,edit this row if the sprite is wrong
zygarde,Zygarde,718,771,assets/pokemon-green/pokemon/0771/front_normal.png,emerald-internal-index,edit this row if the sprite is wrong
zygarde10,Zygarde-10%,718,771,assets/pokemon-green/pokemon/0771/front_normal.png,base-species-fallback,edit this row if the sprite is wrong
zygardecomplete,Zygarde-Complete,718,771,assets/pokemon-green/pokemon/0771/front_normal.png,base-species-fallback,edit this row if the sprite is wrong
zygardemega,Zygarde-Mega,718,771,assets/pokemon-green/pokemon/0771/front_normal.png,base-species-fallback,edit this row if the sprite is wrong
diancie,Diancie,719,772,assets/pokemon-green/pokemon/0772/front_normal.png,emerald-internal-index,edit this row if the sprite is wrong
dianciemega,Diancie-Mega,719,772,assets/pokemon-green/pokemon/0772/front_normal.png,base-species-fallback,edit this row if the sprite is wrong
hoopa,Hoopa,720,773,assets/pokemon-green/pokemon/0773/front_normal.png,emerald-internal-index,edit this row if the sprite is wrong
hoopaunbound,Hoopa-Unbound,720,773,assets/pokemon-green/pokemon/0773/front_normal.png,base-species-fallback,edit this row if the sprite is wrong
volcanion,Volcanion,721,774,assets/pokemon-green/pokemon/0774/front_normal.png,emerald-internal-index,edit this row if the sprite is wrong
rowlet,Rowlet,722,775,assets/pokemon-green/pokemon/0775/front_normal.png,emerald-internal-index,edit this row if the sprite is wrong
dartrix,Dartrix,723,776,assets/pokemon-green/pokemon/0776/front_normal.png,emerald-internal-index,edit this row if the sprite is wrong
decidueye,Decidueye,724,777,assets/pokemon-green/pokemon/0777/front_normal.png,emerald-internal-index,edit this row if the sprite is wrong
decidueyehisui,Decidueye-Hisui,724,777,assets/pokemon-green/pokemon/0777/front_normal.png,base-species-fallback,edit this row if the sprite is wrong
litten,Litten,725,778,assets/pokemon-green/pokemon/0778/front_normal.png,emerald-internal-index,edit this row if the sprite is wrong
torracat,Torracat,726,779,assets/pokemon-green/pokemon/0779/front_normal.png,emerald-internal-index,edit this row if the sprite is wrong
incineroar,Incineroar,727,780,assets/pokemon-green/pokemon/0780/front_normal.png,emerald-internal-index,edit this row if the sprite is wrong
popplio,Popplio,728,781,assets/pokemon-green/pokemon/0781/front_normal.png,emerald-internal-index,edit this row if the sprite is wrong
brionne,Brionne,729,782,assets/pokemon-green/pokemon/0782/front_normal.png,emerald-internal-index,edit this row if the sprite is wrong
primarina,Primarina,730,783,assets/pokemon-green/pokemon/0783/front_normal.png,emerald-internal-index,edit this row if the sprite is wrong
pikipek,Pikipek,731,784,assets/pokemon-green/pokemon/0784/front_normal.png,emerald-internal-index,edit this row if the sprite is wrong
trumbeak,Trumbeak,732,785,assets/pokemon-green/pokemon/0785/front_normal.png,emerald-internal-index,edit this row if the sprite is wrong
toucannon,Toucannon,733,786,assets/pokemon-green/pokemon/0786/front_normal.png,emerald-internal-index,edit this row if the sprite is wrong
yungoos,Yungoos,734,787,assets/pokemon-green/pokemon/0787/front_normal.png,emerald-internal-index,edit this row if the sprite is wrong
gumshoos,Gumshoos,735,788,assets/pokemon-green/pokemon/0788/front_normal.png,emerald-internal-index,edit this row if the sprite is wrong
gumshoostotem,Gumshoos-Totem,735,788,assets/pokemon-green/pokemon/0788/front_normal.png,base-species-fallback,edit this row if the sprite is wrong
grubbin,Grubbin,736,789,assets/pokemon-green/pokemon/0789/front_normal.png,emerald-internal-index,edit this row if the sprite is wrong
charjabug,Charjabug,737,790,assets/pokemon-green/pokemon/0790/front_normal.png,emerald-internal-index,edit this row if the sprite is wrong
vikavolt,Vikavolt,738,791,assets/pokemon-green/pokemon/0791/front_normal.png,emerald-internal-index,edit this row if the sprite is wrong
vikavolttotem,Vikavolt-Totem,738,791,assets/pokemon-green/pokemon/0791/front_normal.png,base-species-fallback,edit this row if the sprite is wrong
crabrawler,Crabrawler,739,792,assets/pokemon-green/pokemon/0792/front_normal.png,emerald-internal-index,edit this row if the sprite is wrong
crabominable,Crabominable,740,793,assets/pokemon-green/pokemon/0793/front_normal.png,emerald-internal-index,edit this row if the sprite is wrong
crabominablemega,Crabominable-Mega,740,793,assets/pokemon-green/pokemon/0793/front_normal.png,base-species-fallback,edit this row if the sprite is wrong
oricorio,Oricorio,741,794,assets/pokemon-green/pokemon/0794/front_normal.png,emerald-internal-index,edit this row if the sprite is wrong
oricoriopau,Oricorio-Pa'u,741,794,assets/pokemon-green/pokemon/0794/front_normal.png,base-species-fallback,edit this row if the sprite is wrong
oricoriopompom,Oricorio-Pom-Pom,741,794,assets/pokemon-green/pokemon/0794/front_normal.png,base-species-fallback,edit this row if the sprite is wrong
oricoriosensu,Oricorio-Sensu,741,794,assets/pokemon-green/pokemon/0794/front_normal.png,base-species-fallback,edit this row if the sprite is wrong
cutiefly,Cutiefly,742,795,assets/pokemon-green/pokemon/0795/front_normal.png,emerald-internal-index,edit this row if the sprite is wrong
ribombee,Ribombee,743,796,assets/pokemon-green/pokemon/0796/front_normal.png,emerald-internal-index,edit this row if the sprite is wrong
ribombeetotem,Ribombee-Totem,743,796,assets/pokemon-green/pokemon/0796/front_normal.png,base-species-fallback,edit this row if the sprite is wrong
rockruff,Rockruff,744,797,assets/pokemon-green/pokemon/0797/front_normal.png,emerald-internal-index,edit this row if the sprite is wrong
rockruffdusk,Rockruff-Dusk,744,797,assets/pokemon-green/pokemon/0797/front_normal.png,base-species-fallback,edit this row if the sprite is wrong
lycanroc,Lycanroc,745,798,assets/pokemon-green/pokemon/0798/front_normal.png,emerald-internal-index,edit this row if the sprite is wrong
lycanrocdusk,Lycanroc-Dusk,745,798,assets/pokemon-green/pokemon/0798/front_normal.png,base-species-fallback,edit this row if the sprite is wrong
lycanrocmidnight,Lycanroc-Midnight,745,798,assets/pokemon-green/pokemon/0798/front_normal.png,base-species-fallback,edit this row if the sprite is wrong
wishiwashi,Wishiwashi,746,799,assets/pokemon-green/pokemon/0799/front_normal.png,emerald-internal-index,edit this row if the sprite is wrong
wishiwashischool,Wishiwashi-School,746,799,assets/pokemon-green/pokemon/0799/front_normal.png,base-species-fallback,edit this row if the sprite is wrong
mareanie,Mareanie,747,800,assets/pokemon-green/pokemon/0800/front_normal.png,emerald-internal-index,edit this row if the sprite is wrong
toxapex,Toxapex,748,801,assets/pokemon-green/pokemon/0801/front_normal.png,emerald-internal-index,edit this row if the sprite is wrong
mudbray,Mudbray,749,802,assets/pokemon-green/pokemon/0802/front_normal.png,emerald-internal-index,edit this row if the sprite is wrong
mudsdale,Mudsdale,750,803,assets/pokemon-green/pokemon/0803/front_normal.png,emerald-internal-index,edit this row if the sprite is wrong
dewpider,Dewpider,751,804,assets/pokemon-green/pokemon/0804/front_normal.png,emerald-internal-index,edit this row if the sprite is wrong
araquanid,Araquanid,752,805,assets/pokemon-green/pokemon/0805/front_normal.png,emerald-internal-index,edit this row if the sprite is wrong
araquanidtotem,Araquanid-Totem,752,805,assets/pokemon-green/pokemon/0805/front_normal.png,base-species-fallback,edit this row if the sprite is wrong
fomantis,Fomantis,753,806,assets/pokemon-green/pokemon/0806/front_normal.png,emerald-internal-index,edit this row if the sprite is wrong
lurantis,Lurantis,754,807,assets/pokemon-green/pokemon/0807/front_normal.png,emerald-internal-index,edit this row if the sprite is wrong
lurantistotem,Lurantis-Totem,754,807,assets/pokemon-green/pokemon/0807/front_normal.png,base-species-fallback,edit this row if the sprite is wrong
morelull,Morelull,755,808,assets/pokemon-green/pokemon/0808/front_normal.png,emerald-internal-index,edit this row if the sprite is wrong
shiinotic,Shiinotic,756,809,assets/pokemon-green/pokemon/0809/front_normal.png,emerald-internal-index,edit this row if the sprite is wrong
salandit,Salandit,757,810,assets/pokemon-green/pokemon/0810/front_normal.png,emerald-internal-index,edit this row if the sprite is wrong
salazzle,Salazzle,758,811,assets/pokemon-green/pokemon/0811/front_normal.png,emerald-internal-index,edit this row if the sprite is wrong
salazzletotem,Salazzle-Totem,758,811,assets/pokemon-green/pokemon/0811/front_normal.png,base-species-fallback,edit this row if the sprite is wrong
stufful,Stufful,759,812,assets/pokemon-green/pokemon/0812/front_normal.png,emerald-internal-index,edit this row if the sprite is wrong
bewear,Bewear,760,813,assets/pokemon-green/pokemon/0813/front_normal.png,emerald-internal-index,edit this row if the sprite is wrong
bounsweet,Bounsweet,761,814,assets/pokemon-green/pokemon/0814/front_normal.png,emerald-internal-index,edit this row if the sprite is wrong
steenee,Steenee,762,815,assets/pokemon-green/pokemon/0815/front_normal.png,emerald-internal-index,edit this row if the sprite is wrong
tsareena,Tsareena,763,816,assets/pokemon-green/pokemon/0816/front_normal.png,emerald-internal-index,edit this row if the sprite is wrong
comfey,Comfey,764,817,assets/pokemon-green/pokemon/0817/front_normal.png,emerald-internal-index,edit this row if the sprite is wrong
oranguru,Oranguru,765,818,assets/pokemon-green/pokemon/0818/front_normal.png,emerald-internal-index,edit this row if the sprite is wrong
passimian,Passimian,766,819,assets/pokemon-green/pokemon/0819/front_normal.png,emerald-internal-index,edit this row if the sprite is wrong
wimpod,Wimpod,767,820,assets/pokemon-green/pokemon/0820/front_normal.png,emerald-internal-index,edit this row if the sprite is wrong
golisopod,Golisopod,768,821,assets/pokemon-green/pokemon/0821/front_normal.png,emerald-internal-index,edit this row if the sprite is wrong
golisopodmega,Golisopod-Mega,768,821,assets/pokemon-green/pokemon/0821/front_normal.png,base-species-fallback,edit this row if the sprite is wrong
sandygast,Sandygast,769,822,assets/pokemon-green/pokemon/0822/front_normal.png,emerald-internal-index,edit this row if the sprite is wrong
palossand,Palossand,770,823,assets/pokemon-green/pokemon/0823/front_normal.png,emerald-internal-index,edit this row if the sprite is wrong
pyukumuku,Pyukumuku,771,824,assets/pokemon-green/pokemon/0824/front_normal.png,emerald-internal-index,edit this row if the sprite is wrong
typenull,Type: Null,772,825,assets/pokemon-green/pokemon/0825/front_normal.png,emerald-internal-index,edit this row if the sprite is wrong
silvally,Silvally,773,826,assets/pokemon-green/pokemon/0826/front_normal.png,emerald-internal-index,edit this row if the sprite is wrong
silvallybug,Silvally-Bug,773,826,assets/pokemon-green/pokemon/0826/front_normal.png,base-species-fallback,edit this row if the sprite is wrong
silvallydark,Silvally-Dark,773,826,assets/pokemon-green/pokemon/0826/front_normal.png,base-species-fallback,edit this row if the sprite is wrong
silvallydragon,Silvally-Dragon,773,826,assets/pokemon-green/pokemon/0826/front_normal.png,base-species-fallback,edit this row if the sprite is wrong
silvallyelectric,Silvally-Electric,773,826,assets/pokemon-green/pokemon/0826/front_normal.png,base-species-fallback,edit this row if the sprite is wrong
silvallyfairy,Silvally-Fairy,773,826,assets/pokemon-green/pokemon/0826/front_normal.png,base-species-fallback,edit this row if the sprite is wrong
silvallyfighting,Silvally-Fighting,773,826,assets/pokemon-green/pokemon/0826/front_normal.png,base-species-fallback,edit this row if the sprite is wrong
silvallyfire,Silvally-Fire,773,826,assets/pokemon-green/pokemon/0826/front_normal.png,base-species-fallback,edit this row if the sprite is wrong
silvallyflying,Silvally-Flying,773,826,assets/pokemon-green/pokemon/0826/front_normal.png,base-species-fallback,edit this row if the sprite is wrong
silvallyghost,Silvally-Ghost,773,826,assets/pokemon-green/pokemon/0826/front_normal.png,base-species-fallback,edit this row if the sprite is wrong
silvallygrass,Silvally-Grass,773,826,assets/pokemon-green/pokemon/0826/front_normal.png,base-species-fallback,edit this row if the sprite is wrong
silvallyground,Silvally-Ground,773,826,assets/pokemon-green/pokemon/0826/front_normal.png,base-species-fallback,edit this row if the sprite is wrong
silvallyice,Silvally-Ice,773,826,assets/pokemon-green/pokemon/0826/front_normal.png,base-species-fallback,edit this row if the sprite is wrong
silvallypoison,Silvally-Poison,773,826,assets/pokemon-green/pokemon/0826/front_normal.png,base-species-fallback,edit this row if the sprite is wrong
silvallypsychic,Silvally-Psychic,773,826,assets/pokemon-green/pokemon/0826/front_normal.png,base-species-fallback,edit this row if the sprite is wrong
silvallyrock,Silvally-Rock,773,826,assets/pokemon-green/pokemon/0826/front_normal.png,base-species-fallback,edit this row if the sprite is wrong
silvallysteel,Silvally-Steel,773,826,assets/pokemon-green/pokemon/0826/front_normal.png,base-species-fallback,edit this row if the sprite is wrong
silvallywater,Silvally-Water,773,826,assets/pokemon-green/pokemon/0826/front_normal.png,base-species-fallback,edit this row if the sprite is wrong
minior,Minior,774,827,assets/pokemon-green/pokemon/0827/front_normal.png,emerald-internal-index,edit this row if the sprite is wrong
miniormeteor,Minior-Meteor,774,827,assets/pokemon-green/pokemon/0827/front_normal.png,base-species-fallback,edit this row if the sprite is wrong
komala,Komala,775,828,assets/pokemon-green/pokemon/0828/front_normal.png,emerald-internal-index,edit this row if the sprite is wrong
turtonator,Turtonator,776,829,assets/pokemon-green/pokemon/0829/front_normal.png,emerald-internal-index,edit this row if the sprite is wrong
togedemaru,Togedemaru,777,830,assets/pokemon-green/pokemon/0830/front_normal.png,emerald-internal-index,edit this row if the sprite is wrong
togedemarutotem,Togedemaru-Totem,777,830,assets/pokemon-green/pokemon/0830/front_normal.png,base-species-fallback,edit this row if the sprite is wrong
mimikyu,Mimikyu,778,831,assets/pokemon-green/pokemon/0831/front_normal.png,emerald-internal-index,edit this row if the sprite is wrong
mimikyubusted,Mimikyu-Busted,778,831,assets/pokemon-green/pokemon/0831/front_normal.png,base-species-fallback,edit this row if the sprite is wrong
mimikyubustedtotem,Mimikyu-Busted-Totem,778,831,assets/pokemon-green/pokemon/0831/front_normal.png,base-species-fallback,edit this row if the sprite is wrong
mimikyutotem,Mimikyu-Totem,778,831,assets/pokemon-green/pokemon/0831/front_normal.png,base-species-fallback,edit this row if the sprite is wrong
bruxish,Bruxish,779,832,assets/pokemon-green/pokemon/0832/front_normal.png,emerald-internal-index,edit this row if the sprite is wrong
drampa,Drampa,780,833,assets/pokemon-green/pokemon/0833/front_normal.png,emerald-internal-index,edit this row if the sprite is wrong
drampamega,Drampa-Mega,780,833,assets/pokemon-green/pokemon/0833/front_normal.png,base-species-fallback,edit this row if the sprite is wrong
dhelmise,Dhelmise,781,834,assets/pokemon-green/pokemon/0834/front_normal.png,emerald-internal-index,edit this row if the sprite is wrong
jangmoo,Jangmo-o,782,835,assets/pokemon-green/pokemon/0835/front_normal.png,emerald-internal-index,edit this row if the sprite is wrong
hakamoo,Hakamo-o,783,836,assets/pokemon-green/pokemon/0836/front_normal.png,emerald-internal-index,edit this row if the sprite is wrong
kommoo,Kommo-o,784,837,assets/pokemon-green/pokemon/0837/front_normal.png,emerald-internal-index,edit this row if the sprite is wrong
kommoototem,Kommo-o-Totem,784,837,assets/pokemon-green/pokemon/0837/front_normal.png,base-species-fallback,edit this row if the sprite is wrong
tapukoko,Tapu Koko,785,838,assets/pokemon-green/pokemon/0838/front_normal.png,emerald-internal-index,edit this row if the sprite is wrong
tapulele,Tapu Lele,786,839,assets/pokemon-green/pokemon/0839/front_normal.png,emerald-internal-index,edit this row if the sprite is wrong
tapubulu,Tapu Bulu,787,840,assets/pokemon-green/pokemon/0840/front_normal.png,emerald-internal-index,edit this row if the sprite is wrong
tapufini,Tapu Fini,788,841,assets/pokemon-green/pokemon/0841/front_normal.png,emerald-internal-index,edit this row if the sprite is wrong
cosmog,Cosmog,789,842,assets/pokemon-green/pokemon/0842/front_normal.png,emerald-internal-index,edit this row if the sprite is wrong
cosmoem,Cosmoem,790,843,assets/pokemon-green/pokemon/0843/front_normal.png,emerald-internal-index,edit this row if the sprite is wrong
solgaleo,Solgaleo,791,844,assets/pokemon-green/pokemon/0844/front_normal.png,emerald-internal-index,edit this row if the sprite is wrong
lunala,Lunala,792,845,assets/pokemon-green/pokemon/0845/front_normal.png,emerald-internal-index,edit this row if the sprite is wrong
nihilego,Nihilego,793,846,assets/pokemon-green/pokemon/0846/front_normal.png,emerald-internal-index,edit this row if the sprite is wrong
buzzwole,Buzzwole,794,847,assets/pokemon-green/pokemon/0847/front_normal.png,emerald-internal-index,edit this row if the sprite is wrong
pheromosa,Pheromosa,795,848,assets/pokemon-green/pokemon/0848/front_normal.png,emerald-internal-index,edit this row if the sprite is wrong
xurkitree,Xurkitree,796,849,assets/pokemon-green/pokemon/0849/front_normal.png,emerald-internal-index,edit this row if the sprite is wrong
celesteela,Celesteela,797,850,assets/pokemon-green/pokemon/0850/front_normal.png,emerald-internal-index,edit this row if the sprite is wrong
kartana,Kartana,798,851,assets/pokemon-green/pokemon/0851/front_normal.png,emerald-internal-index,edit this row if the sprite is wrong
guzzlord,Guzzlord,799,852,assets/pokemon-green/pokemon/0852/front_normal.png,emerald-internal-index,edit this row if the sprite is wrong
necrozma,Necrozma,800,853,assets/pokemon-green/pokemon/0853/front_normal.png,emerald-internal-index,edit this row if the sprite is wrong
necrozmadawnwings,Necrozma-Dawn-Wings,800,853,assets/pokemon-green/pokemon/0853/front_normal.png,base-species-fallback,edit this row if the sprite is wrong
necrozmaduskmane,Necrozma-Dusk-Mane,800,853,assets/pokemon-green/pokemon/0853/front_normal.png,base-species-fallback,edit this row if the sprite is wrong
necrozmaultra,Necrozma-Ultra,800,853,assets/pokemon-green/pokemon/0853/front_normal.png,base-species-fallback,edit this row if the sprite is wrong
magearna,Magearna,801,854,assets/pokemon-green/pokemon/0854/front_normal.png,emerald-internal-index,edit this row if the sprite is wrong
magearnamega,Magearna-Mega,801,854,assets/pokemon-green/pokemon/0854/front_normal.png,base-species-fallback,edit this row if the sprite is wrong
magearnaoriginal,Magearna-Original,801,854,assets/pokemon-green/pokemon/0854/front_normal.png,base-species-fallback,edit this row if the sprite is wrong
magearnaoriginalmega,Magearna-Original-Mega,801,854,assets/pokemon-green/pokemon/0854/front_normal.png,base-species-fallback,edit this row if the sprite is wrong
marshadow,Marshadow,802,855,assets/pokemon-green/pokemon/0855/front_normal.png,emerald-internal-index,edit this row if the sprite is wrong
poipole,Poipole,803,856,assets/pokemon-green/pokemon/0856/front_normal.png,emerald-internal-index,edit this row if the sprite is wrong
naganadel,Naganadel,804,857,assets/pokemon-green/pokemon/0857/front_normal.png,emerald-internal-index,edit this row if the sprite is wrong
stakataka,Stakataka,805,858,assets/pokemon-green/pokemon/0858/front_normal.png,emerald-internal-index,edit this row if the sprite is wrong
blacephalon,Blacephalon,806,859,assets/pokemon-green/pokemon/0859/front_normal.png,emerald-internal-index,edit this row if the sprite is wrong
zeraora,Zeraora,807,860,assets/pokemon-green/pokemon/0860/front_normal.png,emerald-internal-index,edit this row if the sprite is wrong
zeraoramega,Zeraora-Mega,807,860,assets/pokemon-green/pokemon/0860/front_normal.png,base-species-fallback,edit this row if the sprite is wrong
meltan,Meltan,808,861,assets/pokemon-green/pokemon/0861/front_normal.png,emerald-internal-index,edit this row if the sprite is wrong
melmetal,Melmetal,809,862,assets/pokemon-green/pokemon/0862/front_normal.png,emerald-internal-index,edit this row if the sprite is wrong
melmetalgmax,Melmetal-Gmax,809,271,assets/pokemon-green/pokemon/0271/front_normal.png,manual-contact-sheet,manual contact-sheet remap; edit this row if the sprite is wrong
grookey,Grookey,810,1109,assets/pokemon-green/pokemon/1109/front_normal.png,manual-contact-sheet,manual contact-sheet remap; edit this row if the sprite is wrong
thwackey,Thwackey,811,1110,assets/pokemon-green/pokemon/1110/front_normal.png,manual-contact-sheet,manual contact-sheet remap; edit this row if the sprite is wrong
rillaboom,Rillaboom,812,1111,assets/pokemon-green/pokemon/1111/front_normal.png,manual-contact-sheet,manual contact-sheet remap; edit this row if the sprite is wrong
rillaboomgmax,Rillaboom-Gmax,812,1111,assets/pokemon-green/pokemon/1111/front_normal.png,base-species-fallback,manual contact-sheet remap; edit this row if the sprite is wrong
scorbunny,Scorbunny,813,1112,assets/pokemon-green/pokemon/1112/front_normal.png,manual-contact-sheet,manual contact-sheet remap; edit this row if the sprite is wrong
raboot,Raboot,814,1113,assets/pokemon-green/pokemon/1113/front_normal.png,manual-contact-sheet,manual contact-sheet remap; edit this row if the sprite is wrong
cinderace,Cinderace,815,1114,assets/pokemon-green/pokemon/1114/front_normal.png,manual-contact-sheet,manual contact-sheet remap; edit this row if the sprite is wrong
cinderacegmax,Cinderace-Gmax,815,1114,assets/pokemon-green/pokemon/1114/front_normal.png,base-species-fallback,manual contact-sheet remap; edit this row if the sprite is wrong
sobble,Sobble,816,1115,assets/pokemon-green/pokemon/1115/front_normal.png,manual-contact-sheet,manual contact-sheet remap; edit this row if the sprite is wrong
drizzile,Drizzile,817,1116,assets/pokemon-green/pokemon/1116/front_normal.png,manual-contact-sheet,manual contact-sheet remap; edit this row if the sprite is wrong
inteleon,Inteleon,818,1117,assets/pokemon-green/pokemon/1117/front_normal.png,manual-contact-sheet,manual contact-sheet remap; edit this row if the sprite is wrong
inteleongmax,Inteleon-Gmax,818,1117,assets/pokemon-green/pokemon/1117/front_normal.png,base-species-fallback,manual contact-sheet remap; edit this row if the sprite is wrong
skwovet,Skwovet,819,1120,assets/pokemon-green/pokemon/1120/front_normal.png,manual-contact-sheet,manual contact-sheet remap; edit this row if the sprite is wrong
greedent,Greedent,820,1121,assets/pokemon-green/pokemon/1121/front_normal.png,manual-contact-sheet,manual contact-sheet remap; edit this row if the sprite is wrong
rookidee,Rookidee,821,1122,assets/pokemon-green/pokemon/1122/front_normal.png,manual-contact-sheet,manual contact-sheet remap; edit this row if the sprite is wrong
corvisquire,Corvisquire,822,1123,assets/pokemon-green/pokemon/1123/front_normal.png,manual-contact-sheet,manual contact-sheet remap; edit this row if the sprite is wrong
corviknight,Corviknight,823,1124,assets/pokemon-green/pokemon/1124/front_normal.png,manual-contact-sheet,manual contact-sheet remap; edit this row if the sprite is wrong
corviknightgmax,Corviknight-Gmax,823,265,assets/pokemon-green/pokemon/0265/front_normal.png,manual-contact-sheet,manual contact-sheet remap; edit this row if the sprite is wrong
blipbug,Blipbug,824,1125,assets/pokemon-green/pokemon/1125/front_normal.png,manual-contact-sheet,manual contact-sheet remap; edit this row if the sprite is wrong
dottler,Dottler,825,1126,assets/pokemon-green/pokemon/1126/front_normal.png,manual-contact-sheet,manual contact-sheet remap; edit this row if the sprite is wrong
orbeetle,Orbeetle,826,1127,assets/pokemon-green/pokemon/1127/front_normal.png,manual-contact-sheet,manual contact-sheet remap; edit this row if the sprite is wrong
orbeetlegmax,Orbeetle-Gmax,826,264,assets/pokemon-green/pokemon/0264/front_normal.png,manual-contact-sheet,manual contact-sheet remap; edit this row if the sprite is wrong
nickit,Nickit,827,1128,assets/pokemon-green/pokemon/1128/front_normal.png,manual-contact-sheet,manual contact-sheet remap; edit this row if the sprite is wrong
thievul,Thievul,828,1129,assets/pokemon-green/pokemon/1129/front_normal.png,manual-contact-sheet,manual contact-sheet remap; edit this row if the sprite is wrong
gossifleur,Gossifleur,829,1130,assets/pokemon-green/pokemon/1130/front_normal.png,manual-contact-sheet,manual contact-sheet remap; edit this row if the sprite is wrong
eldegoss,Eldegoss,830,1131,assets/pokemon-green/pokemon/1131/front_normal.png,manual-contact-sheet,manual contact-sheet remap; edit this row if the sprite is wrong
wooloo,Wooloo,831,1132,assets/pokemon-green/pokemon/1132/front_normal.png,manual-contact-sheet,manual contact-sheet remap; edit this row if the sprite is wrong
dubwool,Dubwool,832,1133,assets/pokemon-green/pokemon/1133/front_normal.png,manual-contact-sheet,manual contact-sheet remap; edit this row if the sprite is wrong
chewtle,Chewtle,833,1134,assets/pokemon-green/pokemon/1134/front_normal.png,manual-contact-sheet,manual contact-sheet remap; edit this row if the sprite is wrong
drednaw,Drednaw,834,1135,assets/pokemon-green/pokemon/1135/front_normal.png,manual-contact-sheet,manual contact-sheet remap; edit this row if the sprite is wrong
drednawgmax,Drednaw-Gmax,834,273,assets/pokemon-green/pokemon/0273/front_normal.png,manual-contact-sheet,manual contact-sheet remap; edit this row if the sprite is wrong
yamper,Yamper,835,1136,assets/pokemon-green/pokemon/1136/front_normal.png,manual-contact-sheet,manual contact-sheet remap; edit this row if the sprite is wrong
boltund,Boltund,836,1137,assets/pokemon-green/pokemon/1137/front_normal.png,manual-contact-sheet,manual contact-sheet remap; edit this row if the sprite is wrong
rolycoly,Rolycoly,837,1138,assets/pokemon-green/pokemon/1138/front_normal.png,manual-contact-sheet,manual contact-sheet remap; edit this row if the sprite is wrong
carkol,Carkol,838,1139,assets/pokemon-green/pokemon/1139/front_normal.png,manual-contact-sheet,manual contact-sheet remap; edit this row if the sprite is wrong
coalossal,Coalossal,839,1140,assets/pokemon-green/pokemon/1140/front_normal.png,manual-contact-sheet,manual contact-sheet remap; edit this row if the sprite is wrong
coalossalgmax,Coalossal-Gmax,839,266,assets/pokemon-green/pokemon/0266/front_normal.png,manual-contact-sheet,manual contact-sheet remap; edit this row if the sprite is wrong
applin,Applin,840,1141,assets/pokemon-green/pokemon/1141/front_normal.png,manual-contact-sheet,manual contact-sheet remap; edit this row if the sprite is wrong
flapple,Flapple,841,1142,assets/pokemon-green/pokemon/1142/front_normal.png,manual-contact-sheet,manual contact-sheet remap; edit this row if the sprite is wrong
flapplegmax,Flapple-Gmax,841,269,assets/pokemon-green/pokemon/0269/front_normal.png,manual-contact-sheet,manual contact-sheet remap; edit this row if the sprite is wrong
appletun,Appletun,842,1143,assets/pokemon-green/pokemon/1143/front_normal.png,manual-contact-sheet,manual contact-sheet remap; edit this row if the sprite is wrong
appletungmax,Appletun-Gmax,842,270,assets/pokemon-green/pokemon/0270/front_normal.png,manual-contact-sheet,manual contact-sheet remap; edit this row if the sprite is wrong
silicobra,Silicobra,843,1144,assets/pokemon-green/pokemon/1144/front_normal.png,manual-contact-sheet,manual contact-sheet remap; edit this row if the sprite is wrong
sandaconda,Sandaconda,844,1145,assets/pokemon-green/pokemon/1145/front_normal.png,manual-contact-sheet,manual contact-sheet remap; edit this row if the sprite is wrong
sandacondagmax,Sandaconda-Gmax,844,272,assets/pokemon-green/pokemon/0272/front_normal.png,manual-contact-sheet,manual contact-sheet remap; edit this row if the sprite is wrong
cramorant,Cramorant,845,1146,assets/pokemon-green/pokemon/1146/front_normal.png,manual-contact-sheet,manual contact-sheet remap; edit this row if the sprite is wrong
cramorantgorging,Cramorant-Gorging,845,1146,assets/pokemon-green/pokemon/1146/front_normal.png,base-species-fallback,base species fallback after contact-sheet audit; edit this row if the sprite is wrong
cramorantgulping,Cramorant-Gulping,845,1146,assets/pokemon-green/pokemon/1146/front_normal.png,base-species-fallback,base species fallback after contact-sheet audit; edit this row if the sprite is wrong
arrokuda,Arrokuda,846,1147,assets/pokemon-green/pokemon/1147/front_normal.png,manual-contact-sheet,manual contact-sheet remap; edit this row if the sprite is wrong
barraskewda,Barraskewda,847,1148,assets/pokemon-green/pokemon/1148/front_normal.png,manual-contact-sheet,manual contact-sheet remap; edit this row if the sprite is wrong
toxel,Toxel,848,1149,assets/pokemon-green/pokemon/1149/front_normal.png,manual-contact-sheet,manual contact-sheet remap; edit this row if the sprite is wrong
toxtricity,Toxtricity,849,1150,assets/pokemon-green/pokemon/1150/front_normal.png,manual-contact-sheet,manual contact-sheet remap; edit this row if the sprite is wrong
toxtricitygmax,Toxtricity-Gmax,849,275,assets/pokemon-green/pokemon/0275/front_normal.png,manual-contact-sheet,manual contact-sheet remap; edit this row if the sprite is wrong
toxtricitylowkey,Toxtricity-Low-Key,849,1151,assets/pokemon-green/pokemon/1151/front_normal.png,manual-contact-sheet,manual contact-sheet remap; edit this row if the sprite is wrong
toxtricitylowkeygmax,Toxtricity-Low-Key-Gmax,849,276,assets/pokemon-green/pokemon/0276/front_normal.png,manual-contact-sheet,manual contact-sheet remap; edit this row if the sprite is wrong
sizzlipede,Sizzlipede,850,1151,assets/pokemon-green/pokemon/1151/front_normal.png,manual-contact-sheet,manual contact-sheet remap; edit this row if the sprite is wrong
centiskorch,Centiskorch,851,1152,assets/pokemon-green/pokemon/1152/front_normal.png,manual-contact-sheet,manual contact-sheet remap; edit this row if the sprite is wrong
centiskorchgmax,Centiskorch-Gmax,851,1152,assets/pokemon-green/pokemon/1152/front_normal.png,base-species-fallback,base species fallback after contact-sheet audit; edit this row if the sprite is wrong
clobbopus,Clobbopus,852,1153,assets/pokemon-green/pokemon/1153/front_normal.png,manual-contact-sheet,manual contact-sheet remap; edit this row if the sprite is wrong
grapploct,Grapploct,853,1154,assets/pokemon-green/pokemon/1154/front_normal.png,manual-contact-sheet,manual contact-sheet remap; edit this row if the sprite is wrong
sinistea,Sinistea,854,1155,assets/pokemon-green/pokemon/1155/front_normal.png,manual-contact-sheet,manual contact-sheet remap; edit this row if the sprite is wrong
sinisteaantique,Sinistea-Antique,854,1155,assets/pokemon-green/pokemon/1155/front_normal.png,base-species-fallback,base species fallback after contact-sheet audit; edit this row if the sprite is wrong
polteageist,Polteageist,855,1156,assets/pokemon-green/pokemon/1156/front_normal.png,manual-contact-sheet,manual contact-sheet remap; edit this row if the sprite is wrong
polteageistantique,Polteageist-Antique,855,1156,assets/pokemon-green/pokemon/1156/front_normal.png,base-species-fallback,base species fallback after contact-sheet audit; edit this row if the sprite is wrong
hatenna,Hatenna,856,1157,assets/pokemon-green/pokemon/1157/front_normal.png,manual-contact-sheet,manual contact-sheet remap; edit this row if the sprite is wrong
hattrem,Hattrem,857,1158,assets/pokemon-green/pokemon/1158/front_normal.png,manual-contact-sheet,manual contact-sheet remap; edit this row if the sprite is wrong
hatterene,Hatterene,858,1159,assets/pokemon-green/pokemon/1159/front_normal.png,manual-contact-sheet,manual contact-sheet remap; edit this row if the sprite is wrong
hatterenegmax,Hatterene-Gmax,858,267,assets/pokemon-green/pokemon/0267/front_normal.png,manual-contact-sheet,manual contact-sheet remap; edit this row if the sprite is wrong
impidimp,Impidimp,859,1160,assets/pokemon-green/pokemon/1160/front_normal.png,manual-contact-sheet,manual contact-sheet remap; edit this row if the sprite is wrong
morgrem,Morgrem,860,1161,assets/pokemon-green/pokemon/1161/front_normal.png,manual-contact-sheet,manual contact-sheet remap; edit this row if the sprite is wrong
grimmsnarl,Grimmsnarl,861,1162,assets/pokemon-green/pokemon/1162/front_normal.png,manual-contact-sheet,manual contact-sheet remap; edit this row if the sprite is wrong
grimmsnarlgmax,Grimmsnarl-Gmax,861,268,assets/pokemon-green/pokemon/0268/front_normal.png,manual-contact-sheet,manual contact-sheet remap; edit this row if the sprite is wrong
obstagoon,Obstagoon,862,1163,assets/pokemon-green/pokemon/1163/front_normal.png,manual-contact-sheet,manual contact-sheet remap; edit this row if the sprite is wrong
perrserker,Perrserker,863,1164,assets/pokemon-green/pokemon/1164/front_normal.png,manual-contact-sheet,manual contact-sheet remap; edit this row if the sprite is wrong
cursola,Cursola,864,1165,assets/pokemon-green/pokemon/1165/front_normal.png,manual-contact-sheet,manual contact-sheet remap; edit this row if the sprite is wrong
sirfetchd,Sirfetch’d,865,1166,assets/pokemon-green/pokemon/1166/front_normal.png,manual-contact-sheet,manual contact-sheet remap; edit this row if the sprite is wrong
mrrime,Mr. Rime,866,1167,assets/pokemon-green/pokemon/1167/front_normal.png,manual-contact-sheet,manual contact-sheet remap; edit this row if the sprite is wrong
runerigus,Runerigus,867,1168,assets/pokemon-green/pokemon/1168/front_normal.png,manual-contact-sheet,manual contact-sheet remap; edit this row if the sprite is wrong
milcery,Milcery,868,1169,assets/pokemon-green/pokemon/1169/front_normal.png,manual-contact-sheet,manual contact-sheet remap; edit this row if the sprite is wrong
alcremie,Alcremie,869,1170,assets/pokemon-green/pokemon/1170/front_normal.png,manual-contact-sheet,manual contact-sheet remap; edit this row if the sprite is wrong
alcremiegmax,Alcremie-Gmax,869,1170,assets/pokemon-green/pokemon/1170/front_normal.png,base-species-fallback,base species fallback after contact-sheet audit; edit this row if the sprite is wrong
falinks,Falinks,870,1171,assets/pokemon-green/pokemon/1171/front_normal.png,manual-contact-sheet,manual contact-sheet remap; edit this row if the sprite is wrong
falinksmega,Falinks-Mega,870,1171,assets/pokemon-green/pokemon/1171/front_normal.png,base-species-fallback,base species fallback after contact-sheet audit; edit this row if the sprite is wrong
pincurchin,Pincurchin,871,1172,assets/pokemon-green/pokemon/1172/front_normal.png,manual-contact-sheet,manual contact-sheet remap; edit this row if the sprite is wrong
snom,Snom,872,1173,assets/pokemon-green/pokemon/1173/front_normal.png,manual-contact-sheet,manual contact-sheet remap; edit this row if the sprite is wrong
frosmoth,Frosmoth,873,1174,assets/pokemon-green/pokemon/1174/front_normal.png,manual-contact-sheet,manual contact-sheet remap; edit this row if the sprite is wrong
stonjourner,Stonjourner,874,1175,assets/pokemon-green/pokemon/1175/front_normal.png,manual-contact-sheet,manual contact-sheet remap; edit this row if the sprite is wrong
eiscue,Eiscue,875,1176,assets/pokemon-green/pokemon/1176/front_normal.png,manual-contact-sheet,manual contact-sheet remap; edit this row if the sprite is wrong
eiscuenoice,Eiscue-Noice,875,1176,assets/pokemon-green/pokemon/1176/front_normal.png,base-species-fallback,manual contact-sheet remap; edit this row if the sprite is wrong
indeedee,Indeedee,876,1177,assets/pokemon-green/pokemon/1177/front_normal.png,manual-contact-sheet,manual contact-sheet remap; edit this row if the sprite is wrong
indeedeef,Indeedee-F,876,1178,assets/pokemon-green/pokemon/1178/front_normal.png,manual-contact-sheet,manual contact-sheet remap; edit this row if the sprite is wrong
morpeko,Morpeko,877,1178,assets/pokemon-green/pokemon/1178/front_normal.png,manual-contact-sheet,manual contact-sheet remap; edit this row if the sprite is wrong
morpekohangry,Morpeko-Hangry,877,1179,assets/pokemon-green/pokemon/1179/front_normal.png,base-species-fallback,manual contact-sheet remap; edit this row if the sprite is wrong
cufant,Cufant,878,1179,assets/pokemon-green/pokemon/1179/front_normal.png,manual-contact-sheet,manual contact-sheet remap; edit this row if the sprite is wrong
copperajah,Copperajah,879,1180,assets/pokemon-green/pokemon/1180/front_normal.png,manual-contact-sheet,manual contact-sheet remap; edit this row if the sprite is wrong
copperajahgmax,Copperajah-Gmax,879,1180,assets/pokemon-green/pokemon/1180/front_normal.png,base-species-fallback,base species fallback after contact-sheet audit; edit this row if the sprite is wrong
dracozolt,Dracozolt,880,1181,assets/pokemon-green/pokemon/1181/front_normal.png,manual-contact-sheet,manual contact-sheet remap; edit this row if the sprite is wrong
arctozolt,Arctozolt,881,1182,assets/pokemon-green/pokemon/1182/front_normal.png,manual-contact-sheet,manual contact-sheet remap; edit this row if the sprite is wrong
dracovish,Dracovish,882,1183,assets/pokemon-green/pokemon/1183/front_normal.png,manual-contact-sheet,manual contact-sheet remap; edit this row if the sprite is wrong
arctovish,Arctovish,883,1184,assets/pokemon-green/pokemon/1184/front_normal.png,manual-contact-sheet,manual contact-sheet remap; edit this row if the sprite is wrong
duraludon,Duraludon,884,1185,assets/pokemon-green/pokemon/1185/front_normal.png,manual-contact-sheet,manual contact-sheet remap; edit this row if the sprite is wrong
duraludongmax,Duraludon-Gmax,884,274,assets/pokemon-green/pokemon/0274/front_normal.png,manual-contact-sheet,manual contact-sheet remap; edit this row if the sprite is wrong
dreepy,Dreepy,885,1186,assets/pokemon-green/pokemon/1186/front_normal.png,manual-contact-sheet,manual contact-sheet remap; edit this row if the sprite is wrong
drakloak,Drakloak,886,1187,assets/pokemon-green/pokemon/1187/front_normal.png,manual-contact-sheet,manual contact-sheet remap; edit this row if the sprite is wrong
dragapult,Dragapult,887,1188,assets/pokemon-green/pokemon/1188/front_normal.png,manual-contact-sheet,manual contact-sheet remap; edit this row if the sprite is wrong
zacian,Zacian,888,1190,assets/pokemon-green/pokemon/1190/front_normal.png,manual-contact-sheet,manual contact-sheet remap; edit this row if the sprite is wrong
zaciancrowned,Zacian-Crowned,888,1193,assets/pokemon-green/pokemon/1193/front_normal.png,manual-contact-sheet,manual contact-sheet remap; edit this row if the sprite is wrong
zamazenta,Zamazenta,889,1191,assets/pokemon-green/pokemon/1191/front_normal.png,manual-contact-sheet,manual contact-sheet remap; edit this row if the sprite is wrong
zamazentacrowned,Zamazenta-Crowned,889,1194,assets/pokemon-green/pokemon/1194/front_normal.png,manual-contact-sheet,manual contact-sheet remap; edit this row if the sprite is wrong
eternatus,Eternatus,890,1192,assets/pokemon-green/pokemon/1192/front_normal.png,manual-contact-sheet,manual contact-sheet remap; edit this row if the sprite is wrong
eternatuseternamax,Eternatus-Eternamax,890,1195,assets/pokemon-green/pokemon/1195/front_normal.png,manual-contact-sheet,manual contact-sheet remap; edit this row if the sprite is wrong
kubfu,Kubfu,891,944,assets/pokemon-green/pokemon/0944/front_normal.png,emerald-internal-index,edit this row if the sprite is wrong
urshifu,Urshifu,892,945,assets/pokemon-green/pokemon/0945/front_normal.png,emerald-internal-index,edit this row if the sprite is wrong
urshifugmax,Urshifu-Gmax,892,945,assets/pokemon-green/pokemon/0945/front_normal.png,base-species-fallback,edit this row if the sprite is wrong
urshifurapidstrike,Urshifu-Rapid-Strike,892,945,assets/pokemon-green/pokemon/0945/front_normal.png,base-species-fallback,edit this row if the sprite is wrong
urshifurapidstrikegmax,Urshifu-Rapid-Strike-Gmax,892,945,assets/pokemon-green/pokemon/0945/front_normal.png,base-species-fallback,edit this row if the sprite is wrong
zarude,Zarude,893,946,assets/pokemon-green/pokemon/0946/front_normal.png,emerald-internal-index,edit this row if the sprite is wrong
zarudedada,Zarude-Dada,893,946,assets/pokemon-green/pokemon/0946/front_normal.png,base-species-fallback,edit this row if the sprite is wrong
regieleki,Regieleki,894,947,assets/pokemon-green/pokemon/0947/front_normal.png,emerald-internal-index,edit this row if the sprite is wrong
regidrago,Regidrago,895,948,assets/pokemon-green/pokemon/0948/front_normal.png,emerald-internal-index,edit this row if the sprite is wrong
glastrier,Glastrier,896,1197,assets/pokemon-green/pokemon/1197/front_normal.png,manual-contact-sheet,manual contact-sheet remap; edit this row if the sprite is wrong
spectrier,Spectrier,897,1198,assets/pokemon-green/pokemon/1198/front_normal.png,manual-contact-sheet,manual contact-sheet remap; edit this row if the sprite is wrong
calyrex,Calyrex,898,1196,assets/pokemon-green/pokemon/1196/front_normal.png,manual-contact-sheet,manual contact-sheet remap; edit this row if the sprite is wrong
calyrexice,Calyrex-Ice,898,1196,assets/pokemon-green/pokemon/1196/front_normal.png,base-species-fallback,manual contact-sheet remap; edit this row if the sprite is wrong
calyrexshadow,Calyrex-Shadow,898,1196,assets/pokemon-green/pokemon/1196/front_normal.png,base-species-fallback,manual contact-sheet remap; edit this row if the sprite is wrong
wyrdeer,Wyrdeer,899,952,assets/pokemon-green/pokemon/0952/front_normal.png,emerald-internal-index,edit this row if the sprite is wrong
kleavor,Kleavor,900,953,assets/pokemon-green/pokemon/0953/front_normal.png,emerald-internal-index,edit this row if the sprite is wrong
ursaluna,Ursaluna,901,954,assets/pokemon-green/pokemon/0954/front_normal.png,emerald-internal-index,edit this row if the sprite is wrong
ursalunabloodmoon,Ursaluna-Bloodmoon,901,954,assets/pokemon-green/pokemon/0954/front_normal.png,base-species-fallback,edit this row if the sprite is wrong
basculegion,Basculegion,902,955,assets/pokemon-green/pokemon/0955/front_normal.png,emerald-internal-index,edit this row if the sprite is wrong
basculegionf,Basculegion-F,902,955,assets/pokemon-green/pokemon/0955/front_normal.png,base-species-fallback,edit this row if the sprite is wrong
sneasler,Sneasler,903,956,assets/pokemon-green/pokemon/0956/front_normal.png,emerald-internal-index,edit this row if the sprite is wrong
overqwil,Overqwil,904,957,assets/pokemon-green/pokemon/0957/front_normal.png,emerald-internal-index,edit this row if the sprite is wrong
enamorus,Enamorus,905,958,assets/pokemon-green/pokemon/0958/front_normal.png,emerald-internal-index,edit this row if the sprite is wrong
enamorustherian,Enamorus-Therian,905,958,assets/pokemon-green/pokemon/0958/front_normal.png,base-species-fallback,edit this row if the sprite is wrong
sprigatito,Sprigatito,906,959,assets/pokemon-green/pokemon/0959/front_normal.png,emerald-internal-index,edit this row if the sprite is wrong
floragato,Floragato,907,960,assets/pokemon-green/pokemon/0960/front_normal.png,emerald-internal-index,edit this row if the sprite is wrong
meowscarada,Meowscarada,908,961,assets/pokemon-green/pokemon/0961/front_normal.png,emerald-internal-index,edit this row if the sprite is wrong
fuecoco,Fuecoco,909,962,assets/pokemon-green/pokemon/0962/front_normal.png,emerald-internal-index,edit this row if the sprite is wrong
crocalor,Crocalor,910,963,assets/pokemon-green/pokemon/0963/front_normal.png,emerald-internal-index,edit this row if the sprite is wrong
skeledirge,Skeledirge,911,964,assets/pokemon-green/pokemon/0964/front_normal.png,emerald-internal-index,edit this row if the sprite is wrong
quaxly,Quaxly,912,965,assets/pokemon-green/pokemon/0965/front_normal.png,emerald-internal-index,edit this row if the sprite is wrong
quaxwell,Quaxwell,913,966,assets/pokemon-green/pokemon/0966/front_normal.png,emerald-internal-index,edit this row if the sprite is wrong
quaquaval,Quaquaval,914,967,assets/pokemon-green/pokemon/0967/front_normal.png,emerald-internal-index,edit this row if the sprite is wrong
lechonk,Lechonk,915,968,assets/pokemon-green/pokemon/0968/front_normal.png,emerald-internal-index,edit this row if the sprite is wrong
oinkologne,Oinkologne,916,969,assets/pokemon-green/pokemon/0969/front_normal.png,emerald-internal-index,edit this row if the sprite is wrong
oinkolognef,Oinkologne-F,916,969,assets/pokemon-green/pokemon/0969/front_normal.png,base-species-fallback,edit this row if the sprite is wrong
tarountula,Tarountula,917,970,assets/pokemon-green/pokemon/0970/front_normal.png,emerald-internal-index,edit this row if the sprite is wrong
spidops,Spidops,918,971,assets/pokemon-green/pokemon/0971/front_normal.png,emerald-internal-index,edit this row if the sprite is wrong
nymble,Nymble,919,972,assets/pokemon-green/pokemon/0972/front_normal.png,emerald-internal-index,edit this row if the sprite is wrong
lokix,Lokix,920,973,assets/pokemon-green/pokemon/0973/front_normal.png,emerald-internal-index,edit this row if the sprite is wrong
pawmi,Pawmi,921,974,assets/pokemon-green/pokemon/0974/front_normal.png,emerald-internal-index,edit this row if the sprite is wrong
pawmo,Pawmo,922,975,assets/pokemon-green/pokemon/0975/front_normal.png,emerald-internal-index,edit this row if the sprite is wrong
pawmot,Pawmot,923,976,assets/pokemon-green/pokemon/0976/front_normal.png,emerald-internal-index,edit this row if the sprite is wrong
tandemaus,Tandemaus,924,977,assets/pokemon-green/pokemon/0977/front_normal.png,emerald-internal-index,edit this row if the sprite is wrong
maushold,Maushold,925,978,assets/pokemon-green/pokemon/0978/front_normal.png,emerald-internal-index,edit this row if the sprite is wrong
mausholdfour,Maushold-Four,925,978,assets/pokemon-green/pokemon/0978/front_normal.png,base-species-fallback,edit this row if the sprite is wrong
fidough,Fidough,926,979,assets/pokemon-green/pokemon/0979/front_normal.png,emerald-internal-index,edit this row if the sprite is wrong
dachsbun,Dachsbun,927,980,assets/pokemon-green/pokemon/0980/front_normal.png,emerald-internal-index,edit this row if the sprite is wrong
smoliv,Smoliv,928,981,assets/pokemon-green/pokemon/0981/front_normal.png,emerald-internal-index,edit this row if the sprite is wrong
dolliv,Dolliv,929,982,assets/pokemon-green/pokemon/0982/front_normal.png,emerald-internal-index,edit this row if the sprite is wrong
arboliva,Arboliva,930,983,assets/pokemon-green/pokemon/0983/front_normal.png,emerald-internal-index,edit this row if the sprite is wrong
squawkabilly,Squawkabilly,931,984,assets/pokemon-green/pokemon/0984/front_normal.png,emerald-internal-index,edit this row if the sprite is wrong
squawkabillyblue,Squawkabilly-Blue,931,984,assets/pokemon-green/pokemon/0984/front_normal.png,base-species-fallback,edit this row if the sprite is wrong
squawkabillywhite,Squawkabilly-White,931,984,assets/pokemon-green/pokemon/0984/front_normal.png,base-species-fallback,edit this row if the sprite is wrong
squawkabillyyellow,Squawkabilly-Yellow,931,984,assets/pokemon-green/pokemon/0984/front_normal.png,base-species-fallback,edit this row if the sprite is wrong
nacli,Nacli,932,985,assets/pokemon-green/pokemon/0985/front_normal.png,emerald-internal-index,edit this row if the sprite is wrong
naclstack,Naclstack,933,986,assets/pokemon-green/pokemon/0986/front_normal.png,emerald-internal-index,edit this row if the sprite is wrong
garganacl,Garganacl,934,987,assets/pokemon-green/pokemon/0987/front_normal.png,emerald-internal-index,edit this row if the sprite is wrong
charcadet,Charcadet,935,988,assets/pokemon-green/pokemon/0988/front_normal.png,emerald-internal-index,edit this row if the sprite is wrong
armarouge,Armarouge,936,989,assets/pokemon-green/pokemon/0989/front_normal.png,emerald-internal-index,edit this row if the sprite is wrong
ceruledge,Ceruledge,937,990,assets/pokemon-green/pokemon/0990/front_normal.png,emerald-internal-index,edit this row if the sprite is wrong
tadbulb,Tadbulb,938,991,assets/pokemon-green/pokemon/0991/front_normal.png,emerald-internal-index,edit this row if the sprite is wrong
bellibolt,Bellibolt,939,992,assets/pokemon-green/pokemon/0992/front_normal.png,emerald-internal-index,edit this row if the sprite is wrong
wattrel,Wattrel,940,993,assets/pokemon-green/pokemon/0993/front_normal.png,emerald-internal-index,edit this row if the sprite is wrong
kilowattrel,Kilowattrel,941,994,assets/pokemon-green/pokemon/0994/front_normal.png,emerald-internal-index,edit this row if the sprite is wrong
maschiff,Maschiff,942,995,assets/pokemon-green/pokemon/0995/front_normal.png,emerald-internal-index,edit this row if the sprite is wrong
mabosstiff,Mabosstiff,943,996,assets/pokemon-green/pokemon/0996/front_normal.png,emerald-internal-index,edit this row if the sprite is wrong
shroodle,Shroodle,944,997,assets/pokemon-green/pokemon/0997/front_normal.png,emerald-internal-index,edit this row if the sprite is wrong
grafaiai,Grafaiai,945,998,assets/pokemon-green/pokemon/0998/front_normal.png,emerald-internal-index,edit this row if the sprite is wrong
bramblin,Bramblin,946,999,assets/pokemon-green/pokemon/0999/front_normal.png,emerald-internal-index,edit this row if the sprite is wrong
brambleghast,Brambleghast,947,1000,assets/pokemon-green/pokemon/1000/front_normal.png,emerald-internal-index,edit this row if the sprite is wrong
toedscool,Toedscool,948,1001,assets/pokemon-green/pokemon/1001/front_normal.png,emerald-internal-index,edit this row if the sprite is wrong
toedscruel,Toedscruel,949,1002,assets/pokemon-green/pokemon/1002/front_normal.png,emerald-internal-index,edit this row if the sprite is wrong
klawf,Klawf,950,1003,assets/pokemon-green/pokemon/1003/front_normal.png,emerald-internal-index,edit this row if the sprite is wrong
capsakid,Capsakid,951,1004,assets/pokemon-green/pokemon/1004/front_normal.png,emerald-internal-index,edit this row if the sprite is wrong
scovillain,Scovillain,952,1005,assets/pokemon-green/pokemon/1005/front_normal.png,emerald-internal-index,edit this row if the sprite is wrong
scovillainmega,Scovillain-Mega,952,1005,assets/pokemon-green/pokemon/1005/front_normal.png,base-species-fallback,edit this row if the sprite is wrong
rellor,Rellor,953,1006,assets/pokemon-green/pokemon/1006/front_normal.png,emerald-internal-index,edit this row if the sprite is wrong
rabsca,Rabsca,954,1007,assets/pokemon-green/pokemon/1007/front_normal.png,emerald-internal-index,edit this row if the sprite is wrong
flittle,Flittle,955,1008,assets/pokemon-green/pokemon/1008/front_normal.png,emerald-internal-index,edit this row if the sprite is wrong
espathra,Espathra,956,1009,assets/pokemon-green/pokemon/1009/front_normal.png,emerald-internal-index,edit this row if the sprite is wrong
tinkatink,Tinkatink,957,1010,assets/pokemon-green/pokemon/1010/front_normal.png,emerald-internal-index,edit this row if the sprite is wrong
tinkatuff,Tinkatuff,958,1011,assets/pokemon-green/pokemon/1011/front_normal.png,emerald-internal-index,edit this row if the sprite is wrong
tinkaton,Tinkaton,959,1012,assets/pokemon-green/pokemon/1012/front_normal.png,emerald-internal-index,edit this row if the sprite is wrong
wiglett,Wiglett,960,1013,assets/pokemon-green/pokemon/1013/front_normal.png,emerald-internal-index,edit this row if the sprite is wrong
wugtrio,Wugtrio,961,1014,assets/pokemon-green/pokemon/1014/front_normal.png,emerald-internal-index,edit this row if the sprite is wrong
bombirdier,Bombirdier,962,1015,assets/pokemon-green/pokemon/1015/front_normal.png,emerald-internal-index,edit this row if the sprite is wrong
finizen,Finizen,963,1016,assets/pokemon-green/pokemon/1016/front_normal.png,emerald-internal-index,edit this row if the sprite is wrong
palafin,Palafin,964,1017,assets/pokemon-green/pokemon/1017/front_normal.png,emerald-internal-index,edit this row if the sprite is wrong
palafinhero,Palafin-Hero,964,1017,assets/pokemon-green/pokemon/1017/front_normal.png,base-species-fallback,edit this row if the sprite is wrong
varoom,Varoom,965,1018,assets/pokemon-green/pokemon/1018/front_normal.png,emerald-internal-index,edit this row if the sprite is wrong
revavroom,Revavroom,966,1019,assets/pokemon-green/pokemon/1019/front_normal.png,emerald-internal-index,edit this row if the sprite is wrong
cyclizar,Cyclizar,967,1020,assets/pokemon-green/pokemon/1020/front_normal.png,emerald-internal-index,edit this row if the sprite is wrong
orthworm,Orthworm,968,1021,assets/pokemon-green/pokemon/1021/front_normal.png,emerald-internal-index,edit this row if the sprite is wrong
glimmet,Glimmet,969,1022,assets/pokemon-green/pokemon/1022/front_normal.png,emerald-internal-index,edit this row if the sprite is wrong
glimmora,Glimmora,970,1023,assets/pokemon-green/pokemon/1023/front_normal.png,emerald-internal-index,edit this row if the sprite is wrong
glimmoramega,Glimmora-Mega,970,1023,assets/pokemon-green/pokemon/1023/front_normal.png,base-species-fallback,edit this row if the sprite is wrong
greavard,Greavard,971,1024,assets/pokemon-green/pokemon/1024/front_normal.png,emerald-internal-index,edit this row if the sprite is wrong
houndstone,Houndstone,972,1025,assets/pokemon-green/pokemon/1025/front_normal.png,emerald-internal-index,edit this row if the sprite is wrong
flamigo,Flamigo,973,1026,assets/pokemon-green/pokemon/1026/front_normal.png,emerald-internal-index,edit this row if the sprite is wrong
cetoddle,Cetoddle,974,1027,assets/pokemon-green/pokemon/1027/front_normal.png,emerald-internal-index,edit this row if the sprite is wrong
cetitan,Cetitan,975,1028,assets/pokemon-green/pokemon/1028/front_normal.png,emerald-internal-index,edit this row if the sprite is wrong
veluza,Veluza,976,1029,assets/pokemon-green/pokemon/1029/front_normal.png,emerald-internal-index,edit this row if the sprite is wrong
dondozo,Dondozo,977,1030,assets/pokemon-green/pokemon/1030/front_normal.png,emerald-internal-index,edit this row if the sprite is wrong
tatsugiri,Tatsugiri,978,1031,assets/pokemon-green/pokemon/1031/front_normal.png,emerald-internal-index,edit this row if the sprite is wrong
tatsugiricurlymega,Tatsugiri-Curly-Mega,978,1031,assets/pokemon-green/pokemon/1031/front_normal.png,base-species-fallback,edit this row if the sprite is wrong
tatsugiridroopy,Tatsugiri-Droopy,978,1031,assets/pokemon-green/pokemon/1031/front_normal.png,base-species-fallback,edit this row if the sprite is wrong
tatsugiridroopymega,Tatsugiri-Droopy-Mega,978,1031,assets/pokemon-green/pokemon/1031/front_normal.png,base-species-fallback,edit this row if the sprite is wrong
tatsugiristretchy,Tatsugiri-Stretchy,978,1031,assets/pokemon-green/pokemon/1031/front_normal.png,base-species-fallback,edit this row if the sprite is wrong
tatsugiristretchymega,Tatsugiri-Stretchy-Mega,978,1031,assets/pokemon-green/pokemon/1031/front_normal.png,base-species-fallback,edit this row if the sprite is wrong
annihilape,Annihilape,979,1032,assets/pokemon-green/pokemon/1032/front_normal.png,emerald-internal-index,edit this row if the sprite is wrong
clodsire,Clodsire,980,1033,assets/pokemon-green/pokemon/1033/front_normal.png,emerald-internal-index,edit this row if the sprite is wrong
farigiraf,Farigiraf,981,1034,assets/pokemon-green/pokemon/1034/front_normal.png,emerald-internal-index,edit this row if the sprite is wrong
dudunsparce,Dudunsparce,982,1035,assets/pokemon-green/pokemon/1035/front_normal.png,emerald-internal-index,edit this row if the sprite is wrong
dudunsparcethreesegment,Dudunsparce-Three-Segment,982,1035,assets/pokemon-green/pokemon/1035/front_normal.png,base-species-fallback,edit this row if the sprite is wrong
kingambit,Kingambit,983,1036,assets/pokemon-green/pokemon/1036/front_normal.png,emerald-internal-index,edit this row if the sprite is wrong
greattusk,Great Tusk,984,1037,assets/pokemon-green/pokemon/1037/front_normal.png,emerald-internal-index,edit this row if the sprite is wrong
screamtail,Scream Tail,985,1038,assets/pokemon-green/pokemon/1038/front_normal.png,emerald-internal-index,edit this row if the sprite is wrong
brutebonnet,Brute Bonnet,986,1039,assets/pokemon-green/pokemon/1039/front_normal.png,emerald-internal-index,edit this row if the sprite is wrong
fluttermane,Flutter Mane,987,1040,assets/pokemon-green/pokemon/1040/front_normal.png,emerald-internal-index,edit this row if the sprite is wrong
slitherwing,Slither Wing,988,1041,assets/pokemon-green/pokemon/1041/front_normal.png,emerald-internal-index,edit this row if the sprite is wrong
sandyshocks,Sandy Shocks,989,1042,assets/pokemon-green/pokemon/1042/front_normal.png,emerald-internal-index,edit this row if the sprite is wrong
irontreads,Iron Treads,990,1043,assets/pokemon-green/pokemon/1043/front_normal.png,emerald-internal-index,edit this row if the sprite is wrong
ironbundle,Iron Bundle,991,1044,assets/pokemon-green/pokemon/1044/front_normal.png,emerald-internal-index,edit this row if the sprite is wrong
ironhands,Iron Hands,992,1045,assets/pokemon-green/pokemon/1045/front_normal.png,emerald-internal-index,edit this row if the sprite is wrong
ironjugulis,Iron Jugulis,993,1046,assets/pokemon-green/pokemon/1046/front_normal.png,emerald-internal-index,edit this row if the sprite is wrong
ironmoth,Iron Moth,994,1047,assets/pokemon-green/pokemon/1047/front_normal.png,emerald-internal-index,edit this row if the sprite is wrong
ironthorns,Iron Thorns,995,1048,assets/pokemon-green/pokemon/1048/front_normal.png,emerald-internal-index,edit this row if the sprite is wrong
frigibax,Frigibax,996,1049,assets/pokemon-green/pokemon/1049/front_normal.png,emerald-internal-index,edit this row if the sprite is wrong
arctibax,Arctibax,997,1050,assets/pokemon-green/pokemon/1050/front_normal.png,emerald-internal-index,edit this row if the sprite is wrong
baxcalibur,Baxcalibur,998,1051,assets/pokemon-green/pokemon/1051/front_normal.png,emerald-internal-index,edit this row if the sprite is wrong
baxcaliburmega,Baxcalibur-Mega,998,1051,assets/pokemon-green/pokemon/1051/front_normal.png,base-species-fallback,edit this row if the sprite is wrong
gimmighoul,Gimmighoul,999,1052,assets/pokemon-green/pokemon/1052/front_normal.png,emerald-internal-index,edit this row if the sprite is wrong
gimmighoulroaming,Gimmighoul-Roaming,999,1052,assets/pokemon-green/pokemon/1052/front_normal.png,base-species-fallback,edit this row if the sprite is wrong
gholdengo,Gholdengo,1000,1053,assets/pokemon-green/pokemon/1053/front_normal.png,emerald-internal-index,edit this row if the sprite is wrong
wochien,Wo-Chien,1001,1054,assets/pokemon-green/pokemon/1054/front_normal.png,emerald-internal-index,edit this row if the sprite is wrong
chienpao,Chien-Pao,1002,1055,assets/pokemon-green/pokemon/1055/front_normal.png,emerald-internal-index,edit this row if the sprite is wrong
tinglu,Ting-Lu,1003,1056,assets/pokemon-green/pokemon/1056/front_normal.png,emerald-internal-index,edit this row if the sprite is wrong
chiyu,Chi-Yu,1004,1057,assets/pokemon-green/pokemon/1057/front_normal.png,emerald-internal-index,edit this row if the sprite is wrong
roaringmoon,Roaring Moon,1005,1058,assets/pokemon-green/pokemon/1058/front_normal.png,emerald-internal-index,edit this row if the sprite is wrong
ironvaliant,Iron Valiant,1006,1059,assets/pokemon-green/pokemon/1059/front_normal.png,emerald-internal-index,edit this row if the sprite is wrong
koraidon,Koraidon,1007,1060,assets/pokemon-green/pokemon/1060/front_normal.png,emerald-internal-index,edit this row if the sprite is wrong
miraidon,Miraidon,1008,1061,assets/pokemon-green/pokemon/1061/front_normal.png,emerald-internal-index,edit this row if the sprite is wrong
walkingwake,Walking Wake,1009,1062,assets/pokemon-green/pokemon/1062/front_normal.png,emerald-internal-index,edit this row if the sprite is wrong
ironleaves,Iron Leaves,1010,1063,assets/pokemon-green/pokemon/1063/front_normal.png,emerald-internal-index,edit this row if the sprite is wrong
dipplin,Dipplin,1011,1064,assets/pokemon-green/pokemon/1064/front_normal.png,emerald-internal-index,edit this row if the sprite is wrong
poltchageist,Poltchageist,1012,1065,assets/pokemon-green/pokemon/1065/front_normal.png,emerald-internal-index,edit this row if the sprite is wrong
poltchageistartisan,Poltchageist-Artisan,1012,1065,assets/pokemon-green/pokemon/1065/front_normal.png,base-species-fallback,edit this row if the sprite is wrong
sinistcha,Sinistcha,1013,1066,assets/pokemon-green/pokemon/1066/front_normal.png,emerald-internal-index,edit this row if the sprite is wrong
sinistchamasterpiece,Sinistcha-Masterpiece,1013,1066,assets/pokemon-green/pokemon/1066/front_normal.png,base-species-fallback,edit this row if the sprite is wrong
okidogi,Okidogi,1014,1067,assets/pokemon-green/pokemon/1067/front_normal.png,emerald-internal-index,edit this row if the sprite is wrong
munkidori,Munkidori,1015,1068,assets/pokemon-green/pokemon/1068/front_normal.png,emerald-internal-index,edit this row if the sprite is wrong
fezandipiti,Fezandipiti,1016,1069,assets/pokemon-green/pokemon/1069/front_normal.png,emerald-internal-index,edit this row if the sprite is wrong
ogerpon,Ogerpon,1017,1070,assets/pokemon-green/pokemon/1070/front_normal.png,emerald-internal-index,edit this row if the sprite is wrong
ogerponcornerstone,Ogerpon-Cornerstone,1017,1070,assets/pokemon-green/pokemon/1070/front_normal.png,base-species-fallback,edit this row if the sprite is wrong
ogerponcornerstonetera,Ogerpon-Cornerstone-Tera,1017,1070,assets/pokemon-green/pokemon/1070/front_normal.png,base-species-fallback,edit this row if the sprite is wrong
ogerponhearthflame,Ogerpon-Hearthflame,1017,1070,assets/pokemon-green/pokemon/1070/front_normal.png,base-species-fallback,edit this row if the sprite is wrong
ogerponhearthflametera,Ogerpon-Hearthflame-Tera,1017,1070,assets/pokemon-green/pokemon/1070/front_normal.png,base-species-fallback,edit this row if the sprite is wrong
ogerpontealtera,Ogerpon-Teal-Tera,1017,1070,assets/pokemon-green/pokemon/1070/front_normal.png,base-species-fallback,edit this row if the sprite is wrong
ogerponwellspring,Ogerpon-Wellspring,1017,1070,assets/pokemon-green/pokemon/1070/front_normal.png,base-species-fallback,edit this row if the sprite is wrong
ogerponwellspringtera,Ogerpon-Wellspring-Tera,1017,1070,assets/pokemon-green/pokemon/1070/front_normal.png,base-species-fallback,edit this row if the sprite is wrong
archaludon,Archaludon,1018,1071,assets/pokemon-green/pokemon/1071/front_normal.png,emerald-internal-index,edit this row if the sprite is wrong
hydrapple,Hydrapple,1019,1072,assets/pokemon-green/pokemon/1072/front_normal.png,emerald-internal-index,edit this row if the sprite is wrong
gougingfire,Gouging Fire,1020,1073,assets/pokemon-green/pokemon/1073/front_normal.png,emerald-internal-index,edit this row if the sprite is wrong
ragingbolt,Raging Bolt,1021,1074,assets/pokemon-green/pokemon/1074/front_normal.png,emerald-internal-index,edit this row if the sprite is wrong
ironboulder,Iron Boulder,1022,1075,assets/pokemon-green/pokemon/1075/front_normal.png,emerald-internal-index,edit this row if the sprite is wrong
ironcrown,Iron Crown,1023,1076,assets/pokemon-green/pokemon/1076/front_normal.png,emerald-internal-index,edit this row if the sprite is wrong
terapagos,Terapagos,1024,1077,assets/pokemon-green/pokemon/1077/front_normal.png,emerald-internal-index,edit this row if the sprite is wrong
terapagosstellar,Terapagos-Stellar,1024,1077,assets/pokemon-green/pokemon/1077/front_normal.png,base-species-fallback,edit this row if the sprite is wrong
terapagosterastal,Terapagos-Terastal,1024,1077,assets/pokemon-green/pokemon/1077/front_normal.png,base-species-fallback,edit this row if the sprite is wrong
pecharunt,Pecharunt,1025,1078,assets/pokemon-green/pokemon/1078/front_normal.png,emerald-internal-index,edit this row if the sprite is wrong
